"ID","choice_pre","choice_post","approval","democratic","knowledge","L1","L2","L3","M1","M2","M3","monthly_income","left_right","important_democracy","age_group","behavior","scenario","copartisan_support_pre","copartisan_support_post","outpartisan_support_pre","outpartisan_support_post","copartisan_shift","outpartisan_shift","switch_outpartisan","switch_abstain","inparty_strength","outparty_strength"
2,"Law and Justice (PiS)","Law and Justice (PiS)",4,4,"unknowledgeable",6,5,7,4,5,5,NA,4,6,3,"undemocratic","lose",6,7,2,2,1,0,0,0,5,1
3,"Civic Coalition (KO)","Civic Coalition (KO)",6,5,"knowledgeable",5,5,5,3,3,3,4,3,6,5,"democratic","lose",7,7,5,3,0,-2,0,0,5,1
4,"Civic Coalition (KO)","Civic Coalition (KO)",3,4,"knowledgeable",6,3,2,4,3,2,NA,3,7,2,"undemocratic","lose",6,6,2,2,0,0,0,0,4,1
5,"Civic Coalition (KO)","Civic Coalition (KO)",2,3,"knowledgeable",5,7,7,4,4,1,6,3,2,2,"democratic","win",4,4,1,1,0,0,0,0,4,1
6,"Civic Coalition (KO)","Civic Coalition (KO)",4,4,"knowledgeable",7,7,7,5,3,4,5,3,7,3,"undemocratic","win",6,6,1,1,0,0,0,0,5,1
7,"Law and Justice (PiS)","Law and Justice (PiS)",4,4,"unknowledgeable",6,5,5,4,5,5,1,4,6,5,"democratic","lose",4,4,4,4,0,0,0,0,5,5
8,"Law and Justice (PiS)","Law and Justice (PiS)",5,5,"knowledgeable",7,7,6,4,2,5,3,6,7,5,"democratic","win",7,7,2,1,0,-1,0,0,6,2
10,"Civic Coalition (KO)","Civic Coalition (KO)",4,3,"knowledgeable",5,4,3,3,5,5,NA,4,4,1,"undemocratic","lose",7,6,6,5,-1,-1,0,0,3,3
11,"Civic Coalition (KO)","Civic Coalition (KO)",6,4,"knowledgeable",7,7,7,5,4,2,5,3,7,5,"undemocratic","win",7,7,1,1,0,0,0,0,5,1
12,"Civic Coalition (KO)","Civic Coalition (KO)",3,3,"knowledgeable",6,6,7,5,5,5,6,4,6,5,"undemocratic","win",7,6,1,1,-1,0,0,0,7,1
14,"Civic Coalition (KO)","Civic Coalition (KO)",4,4,"knowledgeable",6,6,7,3,4,3,3,3,6,5,"democratic","win",6,6,1,2,0,1,0,0,5,1
15,"Civic Coalition (KO)","Civic Coalition (KO)",1,1,"knowledgeable",7,7,3,7,7,6,5,2,6,5,"undemocratic","lose",7,7,3,3,0,0,0,0,7,1
16,"Civic Coalition (KO)","Civic Coalition (KO)",2,2,"knowledgeable",2,3,7,6,6,5,2,4,5,2,"democratic","lose",2,4,5,1,2,-4,0,0,3,1
17,"Civic Coalition (KO)","Civic Coalition (KO)",6,5,"knowledgeable",6,6,7,4,5,4,1,3,7,5,"undemocratic","lose",7,7,1,1,0,0,0,0,6,1
18,"Civic Coalition (KO)","Civic Coalition (KO)",4,4,"knowledgeable",7,7,7,1,7,7,3,5,7,5,"undemocratic","win",7,7,1,1,0,0,0,0,7,1
19,"Law and Justice (PiS)","Law and Justice (PiS)",5,5,"knowledgeable",7,6,7,3,4,3,2,6,5,2,"democratic","lose",7,7,5,5,0,0,0,0,6,4
21,"Law and Justice (PiS)","Law and Justice (PiS)",4,4,"unknowledgeable",7,4,5,7,5,7,3,6,5,2,"democratic","lose",7,7,1,1,0,0,0,0,5,1
22,"Law and Justice (PiS)","Law and Justice (PiS)",4,4,"knowledgeable",7,7,7,3,6,6,5,5,7,5,"democratic","win",7,7,1,1,0,0,0,0,5,1
23,"Civic Coalition (KO)","Civic Coalition (KO)",5,5,"unknowledgeable",6,6,7,4,3,4,4,4,7,2,"undemocratic","win",6,6,2,2,0,0,0,0,6,1
24,"Civic Coalition (KO)","Civic Coalition (KO)",5,5,"knowledgeable",7,7,7,4,4,3,5,3,6,5,"democratic","win",6,6,1,2,0,1,0,0,5,1
25,"Law and Justice (PiS)","Law and Justice (PiS)",4,4,"knowledgeable",7,7,6,4,5,4,NA,6,6,5,"undemocratic","lose",7,7,1,1,0,0,0,0,7,4
27,"Law and Justice (PiS)","Law and Justice (PiS)",5,6,"knowledgeable",7,6,7,6,4,4,2,5,6,4,"democratic","win",6,6,2,2,0,0,0,0,5,3
29,"Law and Justice (PiS)","Law and Justice (PiS)",6,6,"knowledgeable",7,5,6,7,7,7,3,6,6,5,"undemocratic","lose",7,7,5,4,0,-1,0,0,7,2
31,"Law and Justice (PiS)","Law and Justice (PiS)",5,5,"unknowledgeable",5,5,5,5,5,5,4,4,2,4,"democratic","lose",6,6,5,5,0,0,0,0,4,4
32,"Law and Justice (PiS)","Law and Justice (PiS)",5,5,"unknowledgeable",7,5,6,4,5,4,2,6,4,3,"undemocratic","win",6,6,1,1,0,0,0,0,4,1
33,"Law and Justice (PiS)","Law and Justice (PiS)",3,3,"knowledgeable",6,4,5,5,4,3,6,5,4,3,"undemocratic","lose",6,3,4,4,-3,0,0,0,6,2
35,"Civic Coalition (KO)","Civic Coalition (KO)",1,1,"knowledgeable",5,7,7,1,1,1,3,2,7,5,"democratic","win",7,7,1,1,0,0,0,0,4,1
36,"Civic Coalition (KO)","Civic Coalition (KO)",1,1,"unknowledgeable",6,7,7,2,1,4,4,3,7,5,"undemocratic","win",7,7,1,1,0,0,0,0,7,1
37,"Law and Justice (PiS)","Law and Justice (PiS)",5,5,"unknowledgeable",3,3,5,1,4,3,5,6,6,3,"democratic","lose",7,7,1,1,0,0,0,0,7,1
38,"Civic Coalition (KO)","Civic Coalition (KO)",5,5,"knowledgeable",3,2,3,2,1,5,4,6,6,2,"democratic","lose",5,7,3,2,2,-1,0,0,4,1
40,"Civic Coalition (KO)","Civic Coalition (KO)",4,4,"knowledgeable",5,4,6,2,6,3,1,4,6,5,"undemocratic","win",6,6,1,1,0,0,0,0,6,1
41,"Civic Coalition (KO)","Civic Coalition (KO)",4,5,"unknowledgeable",6,7,2,7,4,7,6,3,6,1,"democratic","win",4,7,1,1,3,0,0,0,3,1
42,"Civic Coalition (KO)","Civic Coalition (KO)",3,5,"unknowledgeable",6,7,6,4,3,3,3,4,6,5,"undemocratic","lose",7,7,1,1,0,0,0,0,5,1
43,"Civic Coalition (KO)","Civic Coalition (KO)",4,4,"knowledgeable",7,7,7,4,7,3,NA,3,6,5,"undemocratic","lose",7,7,1,1,0,0,0,0,6,1
44,"Law and Justice (PiS)","Law and Justice (PiS)",4,2,"knowledgeable",5,5,7,3,3,3,4,5,3,1,"democratic","win",4,4,5,5,0,0,0,0,3,2
45,"Civic Coalition (KO)","Civic Coalition (KO)",7,7,"knowledgeable",7,7,7,7,7,7,2,2,7,4,"democratic","lose",7,7,1,1,0,0,0,0,7,1
46,"Civic Coalition (KO)","Civic Coalition (KO)",4,4,"knowledgeable",5,3,7,5,4,5,5,5,6,2,"undemocratic","lose",7,6,1,1,-1,0,0,0,5,1
47,"Law and Justice (PiS)","Law and Justice (PiS)",4,3,"knowledgeable",5,4,6,5,5,3,1,4,4,5,"undemocratic","win",6,6,2,3,0,1,0,0,5,4
48,"Law and Justice (PiS)","Law and Justice (PiS)",4,4,"knowledgeable",7,5,5,3,5,5,4,6,6,5,"democratic","win",7,7,1,1,0,0,0,0,7,1
49,"Civic Coalition (KO)","Civic Coalition (KO)",4,4,"knowledgeable",7,5,6,5,4,4,5,4,4,4,"undemocratic","win",6,5,2,2,-1,0,0,0,4,3
50,"Law and Justice (PiS)","Law and Justice (PiS)",6,7,"knowledgeable",7,6,7,5,5,5,6,5,6,5,"democratic","lose",6,6,1,1,0,0,0,0,5,1
51,"Civic Coalition (KO)","Civic Coalition (KO)",5,5,"knowledgeable",6,4,6,4,6,4,3,4,6,5,"democratic","lose",7,7,1,1,0,0,0,0,5,1
54,"Law and Justice (PiS)","Law and Justice (PiS)",6,6,"knowledgeable",5,5,6,5,5,6,5,6,4,3,"democratic","lose",6,7,1,1,1,0,0,0,5,2
55,"Civic Coalition (KO)","Civic Coalition (KO)",1,3,"knowledgeable",2,7,7,2,3,2,4,3,7,5,"undemocratic","win",7,4,1,5,-3,4,0,0,4,1
56,"Civic Coalition (KO)","Civic Coalition (KO)",2,3,"knowledgeable",6,5,6,6,6,2,2,6,7,5,"democratic","win",7,7,4,1,0,-3,0,0,7,1
57,"Law and Justice (PiS)","Law and Justice (PiS)",6,5,"knowledgeable",6,6,6,4,4,5,5,6,6,5,"undemocratic","lose",4,7,4,3,3,-1,0,0,6,2
58,"Civic Coalition (KO)","Civic Coalition (KO)",2,2,"knowledgeable",6,5,7,2,6,6,2,4,6,5,"undemocratic","win",7,7,1,1,0,0,0,0,6,1
59,"Civic Coalition (KO)","Civic Coalition (KO)",5,5,"knowledgeable",7,7,7,3,7,3,5,4,7,4,"democratic","win",7,7,1,1,0,0,0,0,5,1
60,"Law and Justice (PiS)","Law and Justice (PiS)",7,7,"knowledgeable",7,7,7,2,1,2,NA,4,7,4,"democratic","lose",6,7,2,1,1,-1,0,0,4,1
62,"Civic Coalition (KO)","Civic Coalition (KO)",1,1,"knowledgeable",7,7,7,3,4,2,4,3,6,5,"undemocratic","win",7,7,1,1,0,0,0,0,5,1
63,"Civic Coalition (KO)","Civic Coalition (KO)",4,5,"knowledgeable",6,6,7,5,6,6,5,4,7,5,"undemocratic","lose",6,6,1,1,0,0,0,0,5,1
64,"Civic Coalition (KO)","Civic Coalition (KO)",3,2,"knowledgeable",7,7,7,2,4,1,3,4,6,3,"democratic","win",6,7,1,1,1,0,0,0,3,1
65,"Law and Justice (PiS)","Law and Justice (PiS)",7,5,"unknowledgeable",6,5,5,5,6,3,5,7,4,4,"democratic","lose",7,7,1,1,0,0,0,0,7,1
66,"Law and Justice (PiS)","Law and Justice (PiS)",4,4,"knowledgeable",7,4,7,5,4,6,1,4,7,5,"undemocratic","win",7,7,1,1,0,0,0,0,7,1
67,"Law and Justice (PiS)","Law and Justice (PiS)",4,5,"unknowledgeable",6,6,6,6,5,5,3,5,6,5,"undemocratic","lose",7,7,1,1,0,0,0,0,7,1
68,"Civic Coalition (KO)","Civic Coalition (KO)",3,3,"knowledgeable",7,7,7,1,3,1,NA,4,7,4,"undemocratic","lose",7,7,1,1,0,0,0,0,5,1
69,"Civic Coalition (KO)","Civic Coalition (KO)",4,3,"unknowledgeable",3,6,1,4,7,3,6,4,6,5,"undemocratic","win",6,6,1,1,0,0,0,0,6,1
71,"Civic Coalition (KO)","Civic Coalition (KO)",6,6,"unknowledgeable",7,7,7,6,5,1,2,3,6,5,"democratic","lose",7,7,1,1,0,0,0,0,6,1
74,"Civic Coalition (KO)","Civic Coalition (KO)",2,4,"knowledgeable",6,6,7,4,4,4,5,2,6,5,"democratic","win",7,4,2,4,-3,2,0,0,2,5
75,"Civic Coalition (KO)","Civic Coalition (KO)",4,4,"unknowledgeable",7,6,4,4,1,6,2,2,3,4,"democratic","win",7,7,1,1,0,0,0,0,7,1
76,"Law and Justice (PiS)","Law and Justice (PiS)",4,2,"knowledgeable",6,1,1,6,6,4,2,2,4,2,"undemocratic","lose",7,7,1,1,0,0,0,0,6,1
77,"Civic Coalition (KO)","Civic Coalition (KO)",6,5,"unknowledgeable",5,5,7,4,5,3,2,2,6,4,"democratic","lose",7,7,1,1,0,0,0,0,5,1
78,"Civic Coalition (KO)","Civic Coalition (KO)",3,3,"knowledgeable",7,6,5,4,4,4,NA,4,7,5,"undemocratic","lose",6,6,1,1,0,0,0,0,2,1
79,"Civic Coalition (KO)","Civic Coalition (KO)",5,4,"unknowledgeable",2,4,5,6,6,4,4,4,3,2,"democratic","lose",5,4,1,1,-1,0,0,0,4,1
81,"Civic Coalition (KO)","Civic Coalition (KO)",4,4,"knowledgeable",1,6,1,3,4,1,6,3,4,2,"democratic","win",1,5,1,5,4,4,0,0,2,1
82,"Civic Coalition (KO)","Civic Coalition (KO)",6,6,"knowledgeable",5,7,3,6,6,6,1,2,6,5,"undemocratic","win",7,7,1,1,0,0,0,0,5,1
83,"Civic Coalition (KO)","Civic Coalition (KO)",4,7,"unknowledgeable",7,7,7,3,1,1,2,4,7,4,"democratic","win",7,7,1,1,0,0,0,0,6,1
84,"Law and Justice (PiS)","Law and Justice (PiS)",3,3,"unknowledgeable",4,2,3,2,5,5,1,3,4,2,"undemocratic","win",2,7,5,4,5,-1,0,0,1,6
86,"Civic Coalition (KO)","Civic Coalition (KO)",4,3,"knowledgeable",5,7,7,5,4,3,5,5,6,5,"undemocratic","win",7,7,1,1,0,0,0,0,4,1
87,"Law and Justice (PiS)","Law and Justice (PiS)",4,6,"knowledgeable",7,4,7,4,5,4,NA,6,6,5,"democratic","lose",7,7,3,3,0,0,0,0,6,2
88,"Law and Justice (PiS)","Law and Justice (PiS)",4,4,"knowledgeable",5,5,4,4,3,3,5,4,3,4,"undemocratic","lose",2,4,5,5,2,0,0,0,4,3
89,"Civic Coalition (KO)","Civic Coalition (KO)",2,2,"knowledgeable",7,7,7,2,1,3,5,4,6,5,"undemocratic","lose",7,5,1,1,-2,0,0,0,6,1
90,"Law and Justice (PiS)","Law and Justice (PiS)",5,4,"knowledgeable",7,1,7,1,4,4,2,7,7,4,"democratic","win",7,7,1,1,0,0,0,0,7,7
91,"Law and Justice (PiS)","Law and Justice (PiS)",4,4,"knowledgeable",6,5,6,5,5,5,1,5,6,1,"undemocratic","win",6,6,2,2,0,0,0,0,5,3
92,"Law and Justice (PiS)","Law and Justice (PiS)",5,2,"knowledgeable",6,6,6,1,3,5,5,6,6,5,"democratic","lose",7,7,5,5,0,0,0,0,6,3
93,"Law and Justice (PiS)","Law and Justice (PiS)",2,4,"unknowledgeable",7,7,7,7,7,7,2,6,6,5,"undemocratic","win",4,7,4,1,3,-3,0,0,7,1
95,"Civic Coalition (KO)","Civic Coalition (KO)",2,3,"knowledgeable",7,7,7,2,3,2,1,4,6,4,"democratic","win",7,6,1,1,-1,0,0,0,7,1
96,"Civic Coalition (KO)","Abstain",2,2,"knowledgeable",7,6,7,6,6,5,5,4,6,5,"democratic","win",5,7,6,3,2,-3,0,1,1,6
97,"Civic Coalition (KO)","Civic Coalition (KO)",2,4,"knowledgeable",7,7,7,6,5,6,3,3,6,4,"democratic","lose",6,6,1,1,0,0,0,0,5,1
98,"Law and Justice (PiS)","Law and Justice (PiS)",4,4,"unknowledgeable",5,4,7,4,7,4,4,6,3,1,"undemocratic","lose",7,7,5,1,0,-4,0,0,7,4
99,"Civic Coalition (KO)","Civic Coalition (KO)",1,1,"knowledgeable",5,5,7,3,4,1,4,2,6,3,"undemocratic","lose",6,6,1,1,0,0,0,0,4,1
100,"Civic Coalition (KO)","Civic Coalition (KO)",4,4,"unknowledgeable",2,4,7,5,7,4,NA,6,4,2,"undemocratic","lose",7,7,1,1,0,0,0,0,4,1
101,"Law and Justice (PiS)","Law and Justice (PiS)",3,3,"knowledgeable",6,3,4,5,7,5,3,5,5,3,"undemocratic","win",6,4,5,2,-2,-3,0,0,5,1
102,"Civic Coalition (KO)","Civic Coalition (KO)",2,2,"knowledgeable",4,1,2,6,4,6,3,2,7,5,"democratic","win",7,7,1,1,0,0,0,0,7,1
103,"Civic Coalition (KO)","Civic Coalition (KO)",4,6,"knowledgeable",7,7,7,7,1,1,3,4,7,5,"democratic","lose",7,7,1,1,0,0,0,0,5,1
104,"Civic Coalition (KO)","Civic Coalition (KO)",4,4,"unknowledgeable",6,6,6,4,6,2,6,6,6,3,"undemocratic","win",7,7,1,1,0,0,0,0,6,1
105,"Law and Justice (PiS)","Law and Justice (PiS)",6,3,"unknowledgeable",1,1,7,1,6,1,3,3,6,3,"democratic","win",4,7,7,3,3,-4,0,0,1,3
106,"Law and Justice (PiS)","Law and Justice (PiS)",4,5,"knowledgeable",7,6,7,6,6,7,6,5,6,1,"democratic","lose",7,7,1,1,0,0,0,0,5,1
108,"Law and Justice (PiS)","Law and Justice (PiS)",5,6,"unknowledgeable",6,5,3,4,6,6,6,3,5,5,"undemocratic","lose",7,7,1,1,0,0,0,0,5,4
110,"Law and Justice (PiS)","Law and Justice (PiS)",4,4,"knowledgeable",5,5,5,5,5,5,1,5,3,3,"undemocratic","win",7,7,3,3,0,0,0,0,5,3
111,"Civic Coalition (KO)","Civic Coalition (KO)",3,6,"unknowledgeable",6,6,5,6,6,6,5,5,5,5,"democratic","lose",2,2,5,4,0,-1,0,0,4,4
113,"Civic Coalition (KO)","Civic Coalition (KO)",4,4,"knowledgeable",7,6,6,4,5,6,4,3,6,4,"undemocratic","lose",7,7,1,1,0,0,0,0,5,1
114,"Civic Coalition (KO)","Civic Coalition (KO)",5,6,"unknowledgeable",2,5,6,3,6,3,3,3,6,2,"democratic","win",6,6,5,4,0,-1,0,0,3,2
115,"Law and Justice (PiS)","Law and Justice (PiS)",6,6,"knowledgeable",7,7,7,5,7,4,6,4,6,4,"undemocratic","win",6,6,1,1,0,0,0,0,5,1
116,"Law and Justice (PiS)","Law and Justice (PiS)",4,4,"unknowledgeable",5,5,6,4,4,6,2,3,6,3,"democratic","win",6,6,5,5,0,0,0,0,5,4
117,"Civic Coalition (KO)","Civic Coalition (KO)",6,4,"unknowledgeable",5,4,7,6,1,1,6,4,7,3,"undemocratic","win",7,7,1,1,0,0,0,0,5,1
118,"Civic Coalition (KO)","Civic Coalition (KO)",4,4,"knowledgeable",7,7,6,7,6,4,3,3,7,5,"democratic","lose",7,7,1,1,0,0,0,0,7,1
119,"Law and Justice (PiS)","Law and Justice (PiS)",4,4,"knowledgeable",5,6,5,5,6,5,NA,5,7,4,"democratic","win",7,7,1,1,0,0,0,0,5,2
120,"Law and Justice (PiS)","Law and Justice (PiS)",3,4,"unknowledgeable",7,4,7,3,3,4,NA,6,6,1,"undemocratic","lose",4,4,4,4,0,0,0,0,1,1
121,"Civic Coalition (KO)","Civic Coalition (KO)",4,4,"unknowledgeable",4,4,6,4,5,1,5,4,4,3,"undemocratic","lose",7,7,1,1,0,0,0,0,4,1
122,"Law and Justice (PiS)","Law and Justice (PiS)",5,5,"knowledgeable",7,6,2,5,7,5,4,4,6,4,"undemocratic","lose",7,7,1,1,0,0,0,0,6,1
123,"Civic Coalition (KO)","Civic Coalition (KO)",5,4,"unknowledgeable",6,3,7,3,6,6,6,4,4,2,"undemocratic","win",7,7,2,2,0,0,0,0,5,1
124,"Civic Coalition (KO)","Civic Coalition (KO)",4,3,"knowledgeable",7,7,7,4,4,1,5,2,6,1,"democratic","win",6,6,1,1,0,0,0,0,3,1
125,"Civic Coalition (KO)","Civic Coalition (KO)",2,3,"knowledgeable",5,6,5,3,4,5,6,3,7,5,"undemocratic","win",7,6,1,1,-1,0,0,0,4,1
126,"Civic Coalition (KO)","Civic Coalition (KO)",1,1,"knowledgeable",7,7,7,7,4,4,1,4,6,5,"democratic","lose",7,7,1,1,0,0,0,0,5,1
127,"Civic Coalition (KO)","Civic Coalition (KO)",6,6,"knowledgeable",7,7,6,6,6,6,6,3,6,4,"democratic","lose",7,7,1,1,0,0,0,0,7,1
128,"Civic Coalition (KO)","Civic Coalition (KO)",1,1,"knowledgeable",7,7,7,1,2,1,4,2,7,2,"undemocratic","lose",7,7,1,1,0,0,0,0,4,1
129,"Civic Coalition (KO)","Civic Coalition (KO)",6,5,"knowledgeable",7,7,7,3,2,2,6,2,7,1,"undemocratic","lose",6,6,1,1,0,0,0,0,3,1
130,"Law and Justice (PiS)","Law and Justice (PiS)",5,5,"knowledgeable",7,7,7,4,5,5,3,2,7,2,"democratic","win",7,7,3,3,0,0,0,0,7,2
131,"Law and Justice (PiS)","Law and Justice (PiS)",4,5,"knowledgeable",7,7,7,5,5,4,3,4,5,1,"undemocratic","win",2,2,1,1,0,0,0,0,3,2
132,"Law and Justice (PiS)","Law and Justice (PiS)",2,3,"knowledgeable",7,7,7,1,5,6,4,5,6,5,"democratic","win",7,7,2,2,0,0,0,0,6,3
133,"Civic Coalition (KO)","Abstain",5,3,"knowledgeable",3,5,2,6,5,5,2,4,4,2,"democratic","lose",7,1,5,1,-6,-4,0,1,4,1
134,"Civic Coalition (KO)","Civic Coalition (KO)",7,6,"knowledgeable",7,7,6,5,4,5,4,4,6,5,"democratic","lose",7,7,1,1,0,0,0,0,3,1
135,"Law and Justice (PiS)","Abstain",3,3,"knowledgeable",5,4,7,5,4,1,6,5,6,5,"undemocratic","lose",5,4,4,4,-1,0,0,1,4,4
136,"Civic Coalition (KO)","Civic Coalition (KO)",1,2,"knowledgeable",7,5,7,6,5,4,2,3,7,5,"undemocratic","win",6,6,1,1,0,0,0,0,6,1
137,"Civic Coalition (KO)","Civic Coalition (KO)",3,3,"unknowledgeable",5,5,5,5,5,5,2,2,6,1,"undemocratic","lose",6,6,1,1,0,0,0,0,5,1
138,"Law and Justice (PiS)","Law and Justice (PiS)",7,7,"knowledgeable",7,7,7,2,1,2,5,7,7,3,"democratic","win",7,7,1,3,0,2,0,0,1,3
139,"Civic Coalition (KO)","Civic Coalition (KO)",5,5,"knowledgeable",6,5,5,4,6,3,3,4,6,2,"democratic","lose",7,6,2,3,-1,1,0,0,4,3
140,"Law and Justice (PiS)","Law and Justice (PiS)",4,5,"knowledgeable",6,6,6,4,5,6,4,4,6,4,"democratic","win",6,6,3,5,0,2,0,0,5,3
141,"Civic Coalition (KO)","Civic Coalition (KO)",7,7,"knowledgeable",7,7,7,3,4,1,4,3,6,2,"democratic","lose",7,7,1,1,0,0,0,0,5,1
142,"Law and Justice (PiS)","Law and Justice (PiS)",3,3,"knowledgeable",7,7,7,4,3,4,1,4,7,5,"undemocratic","win",4,5,2,2,1,0,0,0,5,4
143,"Law and Justice (PiS)","Law and Justice (PiS)",4,4,"knowledgeable",7,5,7,6,6,4,4,6,6,3,"democratic","win",7,7,1,1,0,0,0,0,7,1
144,"Civic Coalition (KO)","Civic Coalition (KO)",1,1,"knowledgeable",6,7,7,6,7,6,NA,4,7,5,"undemocratic","win",7,7,1,1,0,0,0,0,4,1
145,"Civic Coalition (KO)","Civic Coalition (KO)",3,3,"knowledgeable",5,5,5,5,5,5,4,3,5,5,"undemocratic","win",6,5,1,1,-1,0,0,0,6,1
146,"Law and Justice (PiS)","Law and Justice (PiS)",4,6,"unknowledgeable",5,5,5,5,5,5,1,6,7,3,"undemocratic","lose",7,7,1,1,0,0,0,0,6,2
147,"Civic Coalition (KO)","Civic Coalition (KO)",7,7,"unknowledgeable",6,7,7,4,4,5,5,4,6,5,"democratic","lose",7,7,2,2,0,0,0,0,5,1
148,"Civic Coalition (KO)","Civic Coalition (KO)",2,2,"knowledgeable",4,4,5,2,5,1,4,2,5,4,"democratic","lose",7,7,5,5,0,0,0,0,6,4
149,"Civic Coalition (KO)","Law and Justice (PiS)",4,4,"knowledgeable",5,2,3,5,3,5,NA,5,3,1,"undemocratic","lose",4,5,3,4,1,1,1,0,4,1
151,"Civic Coalition (KO)","Civic Coalition (KO)",4,4,"knowledgeable",6,6,6,4,6,6,5,4,6,2,"undemocratic","win",4,6,1,1,2,0,0,0,4,1
152,"Civic Coalition (KO)","Civic Coalition (KO)",4,3,"knowledgeable",1,2,7,6,4,4,4,1,4,2,"democratic","win",3,3,1,1,0,0,0,0,2,1
153,"Civic Coalition (KO)","Abstain",3,3,"knowledgeable",6,6,7,6,2,2,1,4,6,5,"undemocratic","win",7,4,1,1,-3,0,0,1,6,1
154,"Law and Justice (PiS)","Law and Justice (PiS)",5,4,"unknowledgeable",5,6,6,5,5,6,6,4,4,4,"democratic","lose",5,6,4,5,1,1,0,0,5,4
155,"Civic Coalition (KO)","Civic Coalition (KO)",3,3,"knowledgeable",6,7,7,6,5,6,4,4,6,3,"undemocratic","lose",7,7,1,1,0,0,0,0,7,2
159,"Law and Justice (PiS)","Abstain",5,5,"unknowledgeable",6,6,6,6,5,5,1,4,4,3,"democratic","win",6,5,5,2,-1,-3,0,1,5,4
160,"Law and Justice (PiS)","Law and Justice (PiS)",4,3,"unknowledgeable",6,6,6,2,5,4,4,5,6,5,"undemocratic","lose",7,6,1,1,-1,0,0,0,6,1
161,"Law and Justice (PiS)","Law and Justice (PiS)",4,3,"knowledgeable",5,5,2,6,3,3,1,2,6,3,"democratic","lose",7,7,1,1,0,0,0,0,6,3
163,"Civic Coalition (KO)","Civic Coalition (KO)",5,5,"knowledgeable",5,6,5,6,6,6,4,3,6,5,"democratic","lose",7,7,7,1,0,-6,0,0,4,1
164,"Civic Coalition (KO)","Civic Coalition (KO)",3,2,"knowledgeable",4,4,5,3,2,5,5,2,6,5,"undemocratic","win",6,6,1,2,0,1,0,0,4,2
166,"Civic Coalition (KO)","Civic Coalition (KO)",4,4,"knowledgeable",7,7,7,5,4,5,5,6,7,2,"democratic","lose",7,7,1,1,0,0,0,0,4,1
168,"Civic Coalition (KO)","Civic Coalition (KO)",4,4,"unknowledgeable",5,4,5,4,5,4,2,4,3,2,"democratic","lose",6,6,4,4,0,0,0,0,5,1
169,"Civic Coalition (KO)","Civic Coalition (KO)",6,6,"knowledgeable",7,7,7,4,3,6,3,5,7,5,"undemocratic","lose",7,7,1,2,0,1,0,0,7,1
170,"Law and Justice (PiS)","Law and Justice (PiS)",5,5,"knowledgeable",6,6,7,2,4,2,2,6,6,5,"undemocratic","win",6,6,3,2,0,-1,0,0,5,4
171,"Civic Coalition (KO)","Civic Coalition (KO)",7,6,"knowledgeable",5,5,5,4,5,4,4,2,6,5,"democratic","lose",6,6,1,1,0,0,0,0,5,1
172,"Law and Justice (PiS)","Law and Justice (PiS)",4,3,"knowledgeable",3,5,4,2,6,1,NA,7,2,1,"democratic","win",4,4,2,2,0,0,0,0,5,3
173,"Law and Justice (PiS)","Law and Justice (PiS)",6,6,"knowledgeable",5,6,7,6,7,5,4,4,4,5,"democratic","lose",6,7,2,1,1,-1,0,0,5,4
174,"Civic Coalition (KO)","Civic Coalition (KO)",2,1,"knowledgeable",7,7,7,1,1,1,5,4,7,5,"undemocratic","win",7,7,1,1,0,0,0,0,7,1
175,"Law and Justice (PiS)","Law and Justice (PiS)",4,2,"knowledgeable",6,3,2,2,5,2,6,5,6,2,"undemocratic","lose",7,7,5,5,0,0,0,0,5,4
176,"Civic Coalition (KO)","Civic Coalition (KO)",1,1,"knowledgeable",7,7,7,4,1,1,6,5,7,4,"undemocratic","lose",7,7,1,1,0,0,0,0,7,1
177,"Civic Coalition (KO)","Civic Coalition (KO)",3,3,"knowledgeable",7,7,7,1,2,5,4,4,7,5,"democratic","win",6,6,1,1,0,0,0,0,5,1
178,"Civic Coalition (KO)","Civic Coalition (KO)",1,1,"knowledgeable",7,7,7,3,3,3,6,3,6,4,"democratic","win",7,7,1,1,0,0,0,0,6,1
179,"Civic Coalition (KO)","Civic Coalition (KO)",6,6,"unknowledgeable",7,7,7,5,4,5,5,2,7,3,"undemocratic","lose",7,7,1,1,0,0,0,0,4,2
180,"Law and Justice (PiS)","Law and Justice (PiS)",4,5,"knowledgeable",7,6,7,6,6,5,4,4,6,4,"undemocratic","lose",6,6,1,1,0,0,0,0,4,1
181,"Law and Justice (PiS)","Law and Justice (PiS)",4,3,"unknowledgeable",5,5,3,5,5,5,5,6,2,5,"undemocratic","win",7,6,2,2,-1,0,0,0,5,2
182,"Civic Coalition (KO)","Abstain",1,1,"knowledgeable",7,7,6,7,7,2,6,2,7,5,"undemocratic","win",6,2,2,2,-4,0,0,1,5,1
183,"Civic Coalition (KO)","Civic Coalition (KO)",4,4,"knowledgeable",6,6,6,6,3,4,4,3,6,5,"democratic","win",7,7,1,1,0,0,0,0,6,2
184,"Law and Justice (PiS)","Law and Justice (PiS)",4,4,"unknowledgeable",5,5,5,4,5,4,1,5,4,4,"undemocratic","win",6,6,1,1,0,0,0,0,5,1
185,"Civic Coalition (KO)","Civic Coalition (KO)",2,2,"knowledgeable",5,2,3,7,5,2,6,4,6,2,"undemocratic","win",7,7,1,1,0,0,0,0,7,1
186,"Civic Coalition (KO)","Civic Coalition (KO)",3,5,"knowledgeable",7,7,4,4,5,4,1,2,7,5,"democratic","win",7,7,1,1,0,0,0,0,5,1
187,"Law and Justice (PiS)","Law and Justice (PiS)",6,6,"knowledgeable",6,7,7,7,6,4,5,6,6,5,"democratic","lose",7,7,1,1,0,0,0,0,6,1
188,"Civic Coalition (KO)","Civic Coalition (KO)",4,4,"knowledgeable",6,5,6,3,6,4,4,4,6,5,"democratic","lose",7,7,1,1,0,0,0,0,6,1
189,"Law and Justice (PiS)","Law and Justice (PiS)",5,5,"knowledgeable",7,5,7,6,6,2,6,6,6,4,"democratic","win",7,7,1,1,0,0,0,0,6,1
190,"Law and Justice (PiS)","Law and Justice (PiS)",3,4,"knowledgeable",4,5,6,6,4,6,6,5,6,4,"undemocratic","lose",7,6,3,5,-1,2,0,0,5,4
192,"Civic Coalition (KO)","Civic Coalition (KO)",4,5,"knowledgeable",7,4,3,5,6,6,3,6,6,2,"democratic","win",7,7,1,1,0,0,0,0,4,1
193,"Civic Coalition (KO)","Civic Coalition (KO)",6,6,"knowledgeable",7,6,6,5,6,6,5,5,7,5,"democratic","lose",7,7,1,1,0,0,0,0,6,1
195,"Civic Coalition (KO)","Civic Coalition (KO)",2,2,"knowledgeable",5,6,7,6,7,2,6,4,6,3,"undemocratic","win",7,6,1,1,-1,0,0,0,6,1
196,"Civic Coalition (KO)","Civic Coalition (KO)",5,5,"knowledgeable",6,4,7,4,3,4,4,4,6,5,"democratic","lose",6,6,5,5,0,0,0,0,4,1
197,"Civic Coalition (KO)","Civic Coalition (KO)",4,5,"knowledgeable",6,7,6,6,6,5,2,4,6,1,"undemocratic","lose",5,5,1,1,0,0,0,0,4,1
198,"Civic Coalition (KO)","Civic Coalition (KO)",4,4,"knowledgeable",6,7,7,4,1,2,3,4,7,4,"undemocratic","win",7,6,1,1,-1,0,0,0,5,1
199,"Civic Coalition (KO)","Civic Coalition (KO)",5,5,"knowledgeable",5,4,7,3,4,5,3,4,6,5,"democratic","lose",6,6,5,5,0,0,0,0,5,4
200,"Law and Justice (PiS)","Civic Coalition (KO)",1,2,"knowledgeable",4,4,4,4,3,4,2,4,4,1,"democratic","lose",4,3,5,7,-1,2,1,0,4,4
201,"Civic Coalition (KO)","Civic Coalition (KO)",4,4,"knowledgeable",7,7,7,3,5,1,5,2,7,4,"democratic","win",4,4,1,1,0,0,0,0,3,1
202,"Civic Coalition (KO)","Civic Coalition (KO)",3,2,"knowledgeable",6,4,3,6,4,2,3,4,7,5,"undemocratic","lose",7,6,1,2,-1,1,0,0,6,1
203,"Civic Coalition (KO)","Civic Coalition (KO)",4,5,"knowledgeable",7,7,7,5,5,4,3,4,6,5,"democratic","win",7,7,3,3,0,0,0,0,4,4
205,"Civic Coalition (KO)","Abstain",3,3,"knowledgeable",7,7,6,4,4,4,3,4,7,5,"undemocratic","lose",6,2,1,1,-4,0,0,1,3,1
206,"Civic Coalition (KO)","Civic Coalition (KO)",3,3,"knowledgeable",6,6,7,4,6,5,4,3,7,5,"undemocratic","win",6,6,1,1,0,0,0,0,6,1
207,"Civic Coalition (KO)","Civic Coalition (KO)",5,5,"knowledgeable",2,1,1,5,3,5,6,2,6,5,"democratic","lose",7,7,1,1,0,0,0,0,6,1
208,"Law and Justice (PiS)","Law and Justice (PiS)",7,6,"unknowledgeable",6,6,6,6,6,6,3,4,7,4,"democratic","win",7,7,1,2,0,1,0,0,6,4
209,"Law and Justice (PiS)","Law and Justice (PiS)",7,7,"knowledgeable",2,1,7,7,4,7,6,7,1,5,"undemocratic","lose",7,7,1,1,0,0,0,0,6,1
210,"Civic Coalition (KO)","Abstain",1,1,"knowledgeable",7,7,7,6,6,6,2,5,7,5,"undemocratic","win",5,5,2,2,0,0,0,1,3,2
211,"Civic Coalition (KO)","Civic Coalition (KO)",5,4,"knowledgeable",7,7,7,3,1,6,1,3,7,5,"democratic","win",7,7,1,1,0,0,0,0,5,1
212,"Civic Coalition (KO)","Law and Justice (PiS)",3,3,"unknowledgeable",3,2,1,4,4,4,NA,4,6,2,"undemocratic","lose",3,1,1,3,-2,2,1,0,4,1
213,"Civic Coalition (KO)","Civic Coalition (KO)",4,4,"knowledgeable",5,4,1,5,5,4,2,4,6,4,"undemocratic","win",6,7,5,4,1,-1,0,0,5,4
214,"Civic Coalition (KO)","Law and Justice (PiS)",4,4,"unknowledgeable",4,2,5,3,4,3,3,1,3,2,"undemocratic","lose",5,6,6,3,1,-3,1,0,3,4
216,"Law and Justice (PiS)","Law and Justice (PiS)",3,4,"knowledgeable",5,3,4,4,5,4,4,7,3,3,"democratic","lose",3,3,6,5,0,-1,0,0,6,5
217,"Law and Justice (PiS)","Law and Justice (PiS)",6,6,"knowledgeable",6,5,6,5,5,6,4,6,4,4,"undemocratic","win",7,7,1,1,0,0,0,0,7,1
218,"Civic Coalition (KO)","Civic Coalition (KO)",6,5,"knowledgeable",6,6,6,4,4,3,6,4,6,5,"democratic","lose",7,7,1,1,0,0,0,0,5,1
219,"Civic Coalition (KO)","Civic Coalition (KO)",3,3,"knowledgeable",5,6,6,2,3,3,6,3,6,4,"democratic","win",7,7,1,1,0,0,0,0,7,1
220,"Law and Justice (PiS)","Law and Justice (PiS)",5,3,"unknowledgeable",3,3,4,3,2,4,5,4,5,3,"undemocratic","win",7,6,2,3,-1,1,0,0,4,4
221,"Civic Coalition (KO)","Civic Coalition (KO)",4,4,"knowledgeable",7,5,7,4,7,3,3,2,7,1,"undemocratic","lose",3,3,1,1,0,0,0,0,4,1
222,"Law and Justice (PiS)","Law and Justice (PiS)",4,4,"unknowledgeable",7,6,7,5,6,7,4,4,4,2,"democratic","lose",5,6,6,4,1,-2,0,0,4,4
223,"Civic Coalition (KO)","Civic Coalition (KO)",5,5,"unknowledgeable",5,5,6,6,5,6,3,4,6,3,"undemocratic","lose",6,7,4,4,1,0,0,0,4,4
224,"Law and Justice (PiS)","Law and Justice (PiS)",3,4,"unknowledgeable",4,5,5,4,5,4,3,4,2,2,"undemocratic","lose",6,7,1,1,1,0,0,0,7,1
226,"Civic Coalition (KO)","Civic Coalition (KO)",4,4,"knowledgeable",4,3,1,5,4,4,6,2,7,4,"undemocratic","lose",7,7,1,1,0,0,0,0,6,1
227,"Civic Coalition (KO)","Civic Coalition (KO)",4,4,"unknowledgeable",5,5,5,5,6,2,4,3,6,4,"democratic","lose",6,6,3,4,0,1,0,0,6,3
228,"Law and Justice (PiS)","Civic Coalition (KO)",2,1,"unknowledgeable",7,6,2,7,5,3,5,4,6,4,"undemocratic","win",4,5,4,4,1,0,1,0,5,4
229,"Law and Justice (PiS)","Law and Justice (PiS)",4,4,"knowledgeable",5,5,4,5,5,7,NA,4,5,5,"democratic","win",6,4,5,5,-2,0,0,0,4,1
230,"Civic Coalition (KO)","Civic Coalition (KO)",7,7,"knowledgeable",6,7,7,4,7,3,4,4,7,5,"democratic","lose",7,7,1,1,0,0,0,0,5,1
231,"Civic Coalition (KO)","Civic Coalition (KO)",3,3,"knowledgeable",7,7,7,2,1,1,2,3,7,4,"democratic","win",7,6,1,1,-1,0,0,0,2,1
232,"Law and Justice (PiS)","Law and Justice (PiS)",4,2,"knowledgeable",5,5,5,5,5,3,2,4,6,5,"undemocratic","win",7,6,1,5,-1,4,0,0,4,4
233,"Law and Justice (PiS)","Law and Justice (PiS)",4,4,"unknowledgeable",4,4,4,4,4,4,4,4,6,2,"undemocratic","win",4,4,4,4,0,0,0,0,4,4
234,"Civic Coalition (KO)","Civic Coalition (KO)",7,7,"knowledgeable",6,1,7,7,7,7,3,4,7,5,"democratic","win",7,7,1,1,0,0,0,0,7,1
235,"Civic Coalition (KO)","Civic Coalition (KO)",6,6,"knowledgeable",3,3,3,4,5,3,6,3,7,3,"undemocratic","lose",7,7,1,1,0,0,0,0,4,1
236,"Law and Justice (PiS)","Law and Justice (PiS)",4,3,"knowledgeable",5,5,6,6,5,6,4,4,5,3,"democratic","lose",7,7,1,1,0,0,0,0,4,1
237,"Civic Coalition (KO)","Civic Coalition (KO)",3,5,"knowledgeable",5,5,5,3,3,3,6,4,6,3,"democratic","win",6,7,1,2,1,1,0,0,5,1
238,"Law and Justice (PiS)","Abstain",5,5,"knowledgeable",5,5,7,6,6,6,4,4,6,4,"democratic","win",7,3,1,3,-4,2,0,1,4,1
239,"Civic Coalition (KO)","Civic Coalition (KO)",3,3,"knowledgeable",7,6,7,3,5,5,4,4,6,3,"undemocratic","win",6,6,1,1,0,0,0,0,5,2
240,"Civic Coalition (KO)","Civic Coalition (KO)",5,5,"knowledgeable",6,7,1,5,4,1,3,4,7,5,"undemocratic","lose",7,7,1,1,0,0,0,0,4,1
241,"Civic Coalition (KO)","Law and Justice (PiS)",1,1,"knowledgeable",5,4,4,3,4,4,6,1,1,2,"undemocratic","win",6,7,1,3,1,2,1,0,2,7
242,"Civic Coalition (KO)","Civic Coalition (KO)",4,4,"unknowledgeable",4,4,4,4,4,4,4,4,4,1,"undemocratic","lose",2,2,1,1,0,0,0,0,4,3
243,"Law and Justice (PiS)","Law and Justice (PiS)",6,1,"unknowledgeable",5,6,7,6,6,2,2,6,4,2,"democratic","lose",7,7,1,1,0,0,0,0,4,2
244,"Civic Coalition (KO)","Civic Coalition (KO)",2,3,"knowledgeable",5,3,7,6,3,3,2,3,6,3,"undemocratic","win",7,7,1,3,0,2,0,0,5,3
245,"Civic Coalition (KO)","Civic Coalition (KO)",1,2,"knowledgeable",6,7,7,5,5,5,4,3,7,5,"undemocratic","win",7,7,1,1,0,0,0,0,7,1
246,"Civic Coalition (KO)","Civic Coalition (KO)",5,5,"unknowledgeable",6,4,3,5,5,5,NA,2,5,4,"undemocratic","lose",7,6,1,1,-1,0,0,0,5,1
249,"Civic Coalition (KO)","Civic Coalition (KO)",5,6,"knowledgeable",7,7,7,2,2,2,NA,4,7,5,"democratic","win",7,7,1,1,0,0,0,0,5,1
250,"Civic Coalition (KO)","Civic Coalition (KO)",4,4,"knowledgeable",7,7,7,3,3,5,2,3,7,5,"democratic","win",7,7,1,1,0,0,0,0,4,1
251,"Civic Coalition (KO)","Civic Coalition (KO)",7,7,"unknowledgeable",5,5,5,5,5,5,2,2,7,5,"undemocratic","lose",7,7,1,1,0,0,0,0,7,1
252,"Civic Coalition (KO)","Civic Coalition (KO)",3,4,"unknowledgeable",5,5,6,5,3,5,5,3,2,1,"democratic","win",6,6,2,2,0,0,0,0,5,1
253,"Law and Justice (PiS)","Law and Justice (PiS)",6,4,"knowledgeable",5,2,7,7,2,6,4,6,6,1,"democratic","lose",6,1,1,1,-5,0,0,0,7,2
254,"Law and Justice (PiS)","Law and Justice (PiS)",4,3,"knowledgeable",3,4,4,4,4,4,NA,4,6,4,"undemocratic","win",7,7,1,1,0,0,0,0,4,2
255,"Law and Justice (PiS)","Law and Justice (PiS)",4,2,"knowledgeable",7,7,7,4,6,6,4,5,7,5,"undemocratic","lose",6,5,5,5,-1,0,0,0,5,3
256,"Civic Coalition (KO)","Civic Coalition (KO)",3,4,"knowledgeable",7,7,7,5,5,6,6,4,7,5,"democratic","win",7,7,1,1,0,0,0,0,6,1
257,"Civic Coalition (KO)","Civic Coalition (KO)",1,2,"knowledgeable",6,7,7,5,1,5,3,4,7,4,"undemocratic","lose",7,7,1,1,0,0,0,0,5,2
258,"Civic Coalition (KO)","Civic Coalition (KO)",2,2,"knowledgeable",4,7,7,7,5,5,NA,4,7,4,"undemocratic","win",7,6,1,1,-1,0,0,0,3,1
259,"Law and Justice (PiS)","Law and Justice (PiS)",4,3,"knowledgeable",7,4,7,4,5,5,4,4,4,3,"democratic","win",7,7,1,7,0,6,0,0,4,2
260,"Civic Coalition (KO)","Civic Coalition (KO)",2,2,"knowledgeable",7,7,7,4,5,5,3,4,7,5,"undemocratic","win",7,6,1,3,-1,2,0,0,6,1
261,"Law and Justice (PiS)","Law and Justice (PiS)",5,5,"knowledgeable",5,6,5,5,5,4,1,6,6,5,"undemocratic","lose",7,7,3,2,0,-1,0,0,7,1
262,"Law and Justice (PiS)","Law and Justice (PiS)",4,3,"knowledgeable",7,7,7,3,5,3,3,6,7,4,"democratic","win",7,7,4,4,0,0,0,0,5,4
263,"Civic Coalition (KO)","Civic Coalition (KO)",5,5,"unknowledgeable",6,6,7,3,5,4,5,3,7,3,"democratic","lose",3,4,5,4,1,-1,0,0,4,2
264,"Civic Coalition (KO)","Civic Coalition (KO)",5,5,"unknowledgeable",7,7,7,1,1,1,4,4,6,3,"undemocratic","win",7,7,6,6,0,0,0,0,3,6
265,"Civic Coalition (KO)","Civic Coalition (KO)",5,6,"knowledgeable",6,4,7,4,6,3,3,4,6,5,"democratic","lose",6,6,1,1,0,0,0,0,4,1
266,"Law and Justice (PiS)","Law and Justice (PiS)",5,6,"knowledgeable",7,7,7,1,5,1,5,4,7,2,"democratic","win",7,7,6,6,0,0,0,0,5,1
267,"Civic Coalition (KO)","Civic Coalition (KO)",4,3,"knowledgeable",7,5,7,4,4,4,3,4,6,3,"undemocratic","lose",5,6,1,1,1,0,0,0,4,2
269,"Civic Coalition (KO)","Civic Coalition (KO)",6,6,"unknowledgeable",2,4,7,4,4,4,2,3,6,5,"democratic","lose",4,6,3,2,2,-1,0,0,5,4
270,"Civic Coalition (KO)","Civic Coalition (KO)",5,6,"knowledgeable",5,4,4,5,4,5,5,3,6,5,"democratic","lose",6,6,2,3,0,1,0,0,4,1
271,"Law and Justice (PiS)","Law and Justice (PiS)",4,4,"knowledgeable",5,5,6,5,4,4,5,5,6,4,"democratic","win",4,4,2,2,0,0,0,0,5,3
272,"Civic Coalition (KO)","Civic Coalition (KO)",4,2,"unknowledgeable",6,7,7,5,6,6,2,4,7,4,"undemocratic","win",7,7,4,1,0,-3,0,0,4,3
274,"Law and Justice (PiS)","Law and Justice (PiS)",6,3,"knowledgeable",7,5,7,5,6,5,2,4,4,3,"democratic","win",7,7,1,1,0,0,0,0,7,1
275,"Civic Coalition (KO)","Civic Coalition (KO)",5,6,"knowledgeable",7,6,7,4,4,2,5,3,6,4,"democratic","lose",6,6,1,2,0,1,0,0,4,2
276,"Law and Justice (PiS)","Law and Justice (PiS)",4,4,"knowledgeable",4,4,5,5,6,5,NA,4,4,4,"undemocratic","win",4,1,2,4,-3,2,0,0,4,3
277,"Civic Coalition (KO)","Civic Coalition (KO)",4,6,"unknowledgeable",5,3,4,5,3,2,3,2,6,4,"undemocratic","lose",7,7,5,2,0,-3,0,0,4,1
278,"Law and Justice (PiS)","Law and Justice (PiS)",5,3,"unknowledgeable",7,5,6,6,7,6,3,5,6,2,"democratic","lose",7,5,6,7,-2,1,0,0,6,5
280,"Law and Justice (PiS)","Law and Justice (PiS)",4,4,"unknowledgeable",4,4,4,4,4,4,4,4,4,3,"undemocratic","lose",7,7,1,1,0,0,0,0,5,4
281,"Civic Coalition (KO)","Civic Coalition (KO)",4,4,"knowledgeable",7,7,7,3,4,4,1,4,7,2,"democratic","lose",4,7,1,1,3,0,0,0,6,1
282,"Civic Coalition (KO)","Civic Coalition (KO)",4,3,"knowledgeable",6,6,7,6,3,4,3,3,6,5,"democratic","win",7,7,1,1,0,0,0,0,5,1
283,"Law and Justice (PiS)","Law and Justice (PiS)",3,2,"knowledgeable",7,7,7,5,4,5,5,4,6,5,"democratic","win",6,6,2,2,0,0,0,0,4,2
284,"Civic Coalition (KO)","Civic Coalition (KO)",4,4,"unknowledgeable",5,1,5,5,4,4,4,4,7,2,"undemocratic","lose",6,6,5,5,0,0,0,0,4,4
285,"Civic Coalition (KO)","Civic Coalition (KO)",4,4,"unknowledgeable",2,1,6,6,4,2,4,6,6,4,"democratic","win",7,5,1,1,-2,0,0,0,4,1
286,"Civic Coalition (KO)","Civic Coalition (KO)",3,3,"knowledgeable",7,7,6,3,6,3,4,4,6,5,"undemocratic","win",5,5,1,1,0,0,0,0,6,1
287,"Law and Justice (PiS)","Law and Justice (PiS)",4,4,"unknowledgeable",5,4,5,4,4,4,2,6,5,5,"undemocratic","win",7,7,1,1,0,0,0,0,5,1
288,"Law and Justice (PiS)","Law and Justice (PiS)",6,5,"unknowledgeable",6,5,6,5,6,5,3,6,6,5,"undemocratic","lose",7,7,1,1,0,0,0,0,7,1
289,"Law and Justice (PiS)","Law and Justice (PiS)",5,5,"knowledgeable",6,4,7,3,4,3,4,6,6,5,"democratic","win",7,7,5,5,0,0,0,0,6,1
290,"Civic Coalition (KO)","Civic Coalition (KO)",6,6,"knowledgeable",7,7,7,3,6,3,2,3,7,5,"democratic","lose",7,7,1,1,0,0,0,0,6,1
291,"Law and Justice (PiS)","Law and Justice (PiS)",3,2,"knowledgeable",5,5,6,4,4,2,NA,4,6,3,"democratic","lose",7,1,1,7,-6,6,0,0,6,2
292,"Law and Justice (PiS)","Law and Justice (PiS)",5,5,"knowledgeable",6,1,5,5,5,5,2,6,6,5,"democratic","lose",7,7,1,1,0,0,0,0,6,4
295,"Civic Coalition (KO)","Civic Coalition (KO)",7,7,"knowledgeable",7,7,7,3,5,4,2,4,7,5,"democratic","lose",7,7,1,1,0,0,0,0,7,1
297,"Civic Coalition (KO)","Civic Coalition (KO)",3,1,"unknowledgeable",7,5,7,4,2,2,1,3,5,1,"undemocratic","win",4,3,1,1,-1,0,0,0,4,1
298,"Law and Justice (PiS)","Law and Justice (PiS)",3,2,"unknowledgeable",5,5,5,5,5,5,2,6,2,4,"democratic","lose",7,7,1,1,0,0,0,0,5,4
299,"Law and Justice (PiS)","Law and Justice (PiS)",6,6,"knowledgeable",6,7,7,6,6,6,6,5,7,2,"democratic","win",6,7,4,4,1,0,0,0,7,1
300,"Civic Coalition (KO)","Civic Coalition (KO)",3,4,"knowledgeable",6,6,6,6,6,6,3,5,6,5,"undemocratic","win",7,7,1,1,0,0,0,0,6,1
301,"Law and Justice (PiS)","Law and Justice (PiS)",4,3,"unknowledgeable",7,7,7,4,7,4,4,7,7,4,"undemocratic","lose",7,7,1,1,0,0,0,0,7,1
302,"Law and Justice (PiS)","Abstain",4,3,"knowledgeable",3,2,2,2,3,2,2,7,1,3,"undemocratic","lose",2,4,5,6,2,1,0,1,4,7
303,"Civic Coalition (KO)","Civic Coalition (KO)",2,4,"knowledgeable",6,6,6,3,5,3,6,4,6,4,"undemocratic","lose",5,5,1,1,0,0,0,0,4,1
304,"Law and Justice (PiS)","Law and Justice (PiS)",6,5,"knowledgeable",6,6,6,6,6,6,1,7,7,5,"democratic","lose",7,7,3,2,0,-1,0,0,6,2
305,"Law and Justice (PiS)","Law and Justice (PiS)",4,5,"knowledgeable",6,6,5,6,6,6,6,6,6,4,"democratic","win",7,7,1,1,0,0,0,0,5,1
306,"Law and Justice (PiS)","Law and Justice (PiS)",5,4,"knowledgeable",3,2,6,2,1,6,5,6,2,4,"undemocratic","win",4,4,1,1,0,0,0,0,4,1
308,"Civic Coalition (KO)","Civic Coalition (KO)",7,7,"knowledgeable",6,1,7,7,6,6,1,1,7,5,"democratic","lose",7,7,1,1,0,0,0,0,7,1
309,"Civic Coalition (KO)","Civic Coalition (KO)",4,4,"knowledgeable",4,4,7,5,5,3,2,2,6,5,"undemocratic","lose",4,5,1,1,1,0,0,0,3,1
310,"Law and Justice (PiS)","Law and Justice (PiS)",1,4,"unknowledgeable",4,4,4,4,4,5,2,4,6,2,"undemocratic","win",4,4,4,4,0,0,0,0,2,2
311,"Civic Coalition (KO)","Civic Coalition (KO)",3,3,"knowledgeable",7,7,7,3,4,2,6,4,6,1,"democratic","win",7,7,1,1,0,0,0,0,6,1
313,"Law and Justice (PiS)","Law and Justice (PiS)",4,2,"knowledgeable",4,4,5,5,4,4,4,5,6,3,"democratic","win",7,7,4,4,0,0,0,0,6,2
314,"Civic Coalition (KO)","Law and Justice (PiS)",5,3,"unknowledgeable",4,5,4,2,4,1,NA,4,4,1,"democratic","lose",5,4,3,6,-1,3,1,0,2,1
315,"Civic Coalition (KO)","Abstain",4,5,"unknowledgeable",4,4,4,4,4,4,NA,4,4,1,"undemocratic","lose",3,4,5,4,1,-1,0,1,4,3
316,"Law and Justice (PiS)","Law and Justice (PiS)",5,5,"unknowledgeable",5,3,4,4,6,5,4,6,6,3,"undemocratic","lose",7,7,1,2,0,1,0,0,7,2
317,"Law and Justice (PiS)","Abstain",4,3,"unknowledgeable",7,7,7,4,4,1,2,6,7,3,"democratic","win",7,4,1,5,-3,4,0,1,6,1
319,"Civic Coalition (KO)","Civic Coalition (KO)",6,6,"knowledgeable",7,6,7,2,1,2,4,4,5,1,"democratic","lose",7,7,1,1,0,0,0,0,2,1
320,"Civic Coalition (KO)","Civic Coalition (KO)",4,3,"knowledgeable",3,6,7,5,6,2,4,4,6,2,"democratic","win",6,6,2,1,0,-1,0,0,4,1
321,"Law and Justice (PiS)","Civic Coalition (KO)",5,3,"knowledgeable",7,5,7,6,7,7,1,1,5,1,"undemocratic","lose",6,7,5,5,1,0,1,0,2,2
322,"Law and Justice (PiS)","Law and Justice (PiS)",5,5,"knowledgeable",7,6,5,6,3,5,4,6,6,3,"undemocratic","win",7,7,1,1,0,0,0,0,6,1
323,"Civic Coalition (KO)","Civic Coalition (KO)",4,4,"knowledgeable",4,4,6,5,6,4,5,4,7,5,"undemocratic","win",7,7,1,1,0,0,0,0,6,1
325,"Law and Justice (PiS)","Law and Justice (PiS)",4,3,"unknowledgeable",6,3,6,2,6,3,NA,4,4,2,"undemocratic","lose",6,6,3,4,0,1,0,0,5,3
326,"Civic Coalition (KO)","Civic Coalition (KO)",2,3,"knowledgeable",6,6,6,5,4,4,5,4,6,4,"undemocratic","win",7,7,1,1,0,0,0,0,5,1
327,"Law and Justice (PiS)","Law and Justice (PiS)",7,7,"knowledgeable",5,7,7,5,6,2,5,5,6,3,"democratic","lose",7,7,1,1,0,0,0,0,6,1
328,"Civic Coalition (KO)","Civic Coalition (KO)",6,5,"knowledgeable",4,4,6,3,6,4,3,2,7,5,"democratic","lose",7,7,1,1,0,0,0,0,6,1
329,"Civic Coalition (KO)","Civic Coalition (KO)",5,1,"knowledgeable",7,1,7,7,1,1,2,4,7,5,"undemocratic","lose",7,7,1,1,0,0,0,0,7,1
330,"Civic Coalition (KO)","Civic Coalition (KO)",4,4,"knowledgeable",7,6,7,5,5,4,3,4,6,5,"democratic","win",7,7,2,2,0,0,0,0,6,2
332,"Law and Justice (PiS)","Civic Coalition (KO)",4,4,"knowledgeable",5,5,6,5,5,5,1,4,6,4,"democratic","win",2,5,6,6,3,0,1,0,2,2
334,"Civic Coalition (KO)","Civic Coalition (KO)",4,4,"knowledgeable",5,5,6,3,3,2,1,2,7,5,"democratic","lose",2,4,1,3,2,2,0,0,3,2
335,"Civic Coalition (KO)","Civic Coalition (KO)",1,1,"knowledgeable",7,7,7,1,1,1,4,4,7,2,"undemocratic","win",7,7,1,1,0,0,0,0,4,1
336,"Civic Coalition (KO)","Civic Coalition (KO)",5,4,"knowledgeable",6,3,5,4,4,6,3,4,5,2,"undemocratic","lose",6,6,5,2,0,-3,0,0,5,3
337,"Civic Coalition (KO)","Civic Coalition (KO)",6,5,"knowledgeable",6,5,6,4,2,4,2,4,6,5,"undemocratic","win",6,6,1,1,0,0,0,0,7,1
338,"Civic Coalition (KO)","Civic Coalition (KO)",6,6,"knowledgeable",6,7,6,6,6,2,4,2,6,4,"democratic","win",7,7,1,1,0,0,0,0,6,1
339,"Civic Coalition (KO)","Civic Coalition (KO)",5,6,"knowledgeable",5,5,5,5,5,4,5,3,6,2,"democratic","lose",7,7,1,1,0,0,0,0,6,1
341,"Civic Coalition (KO)","Civic Coalition (KO)",4,3,"knowledgeable",7,7,7,5,5,5,4,4,7,3,"undemocratic","lose",6,6,2,2,0,0,0,0,3,3
343,"Law and Justice (PiS)","Law and Justice (PiS)",3,4,"unknowledgeable",6,5,6,6,6,6,2,6,6,5,"undemocratic","win",6,6,2,2,0,0,0,0,7,1
344,"Civic Coalition (KO)","Civic Coalition (KO)",4,4,"knowledgeable",4,4,7,5,6,5,4,3,6,2,"undemocratic","lose",4,6,1,1,2,0,0,0,4,1
345,"Civic Coalition (KO)","Abstain",1,2,"knowledgeable",7,7,7,7,7,7,4,3,7,2,"undemocratic","win",7,5,2,5,-2,3,0,1,5,3
346,"Law and Justice (PiS)","Law and Justice (PiS)",3,3,"knowledgeable",5,5,5,5,5,5,2,7,6,5,"democratic","win",7,7,1,1,0,0,0,0,6,1
347,"Civic Coalition (KO)","Civic Coalition (KO)",7,7,"knowledgeable",7,7,7,1,1,3,5,3,7,5,"democratic","lose",7,7,1,1,0,0,0,0,5,1
348,"Civic Coalition (KO)","Civic Coalition (KO)",5,5,"knowledgeable",7,7,7,1,7,1,6,3,7,5,"democratic","win",4,6,1,1,2,0,0,0,4,1
349,"Civic Coalition (KO)","Civic Coalition (KO)",4,4,"knowledgeable",5,3,6,5,5,3,4,4,6,5,"undemocratic","lose",4,4,1,1,0,0,0,0,4,1
350,"Civic Coalition (KO)","Civic Coalition (KO)",4,2,"knowledgeable",7,7,7,7,5,6,6,6,1,2,"undemocratic","lose",2,4,1,1,2,0,0,0,2,1
351,"Civic Coalition (KO)","Civic Coalition (KO)",7,7,"knowledgeable",7,7,7,6,4,6,5,4,7,5,"democratic","lose",7,7,1,1,0,0,0,0,6,1
352,"Civic Coalition (KO)","Civic Coalition (KO)",6,5,"unknowledgeable",7,7,7,6,5,6,2,5,7,5,"democratic","win",7,7,1,1,0,0,0,0,6,1
354,"Law and Justice (PiS)","Law and Justice (PiS)",4,5,"unknowledgeable",6,6,5,4,6,4,2,4,4,2,"undemocratic","win",6,6,4,5,0,1,0,0,6,3
355,"Civic Coalition (KO)","Civic Coalition (KO)",2,4,"knowledgeable",7,6,7,5,5,4,4,2,6,1,"undemocratic","lose",5,4,1,1,-1,0,0,0,4,1
356,"Civic Coalition (KO)","Abstain",4,4,"unknowledgeable",4,3,2,4,5,4,3,4,5,2,"undemocratic","lose",4,4,2,4,0,2,0,1,4,1
357,"Law and Justice (PiS)","Law and Justice (PiS)",1,1,"knowledgeable",4,4,4,4,5,5,1,6,3,5,"democratic","lose",7,7,1,1,0,0,0,0,7,1
358,"Civic Coalition (KO)","Civic Coalition (KO)",4,4,"unknowledgeable",4,5,4,3,4,5,2,4,5,3,"undemocratic","win",7,7,1,1,0,0,0,0,4,1
359,"Civic Coalition (KO)","Civic Coalition (KO)",7,7,"knowledgeable",7,1,7,7,2,2,2,3,7,5,"democratic","win",7,7,1,1,0,0,0,0,7,1
360,"Civic Coalition (KO)","Abstain",4,3,"unknowledgeable",6,6,6,4,5,3,3,4,6,1,"undemocratic","win",4,4,2,2,0,0,0,1,3,1
361,"Civic Coalition (KO)","Civic Coalition (KO)",6,6,"knowledgeable",6,5,6,6,6,3,3,5,6,2,"democratic","lose",6,7,5,5,1,0,0,0,4,2
362,"Civic Coalition (KO)","Civic Coalition (KO)",5,5,"knowledgeable",5,5,5,5,5,3,4,4,6,2,"democratic","win",6,6,1,2,0,1,0,0,4,1
363,"Civic Coalition (KO)","Civic Coalition (KO)",2,2,"knowledgeable",7,7,7,2,3,2,5,2,6,5,"undemocratic","lose",7,7,1,1,0,0,0,0,5,1
364,"Civic Coalition (KO)","Abstain",2,3,"knowledgeable",7,7,7,4,4,4,4,5,7,2,"democratic","win",4,4,3,4,0,1,0,1,3,1
365,"Civic Coalition (KO)","Civic Coalition (KO)",4,4,"knowledgeable",4,4,4,4,4,4,1,2,2,5,"undemocratic","win",7,7,1,1,0,0,0,0,6,1
366,"Civic Coalition (KO)","Civic Coalition (KO)",3,2,"knowledgeable",7,7,7,7,7,6,4,3,7,2,"undemocratic","win",6,6,1,1,0,0,0,0,4,1
367,"Civic Coalition (KO)","Civic Coalition (KO)",6,5,"knowledgeable",5,6,6,4,6,4,3,2,6,1,"undemocratic","lose",6,6,1,1,0,0,0,0,5,1
369,"Law and Justice (PiS)","Law and Justice (PiS)",4,4,"unknowledgeable",4,5,5,4,5,4,1,4,3,4,"undemocratic","lose",7,7,1,1,0,0,0,0,6,4
370,"Law and Justice (PiS)","Law and Justice (PiS)",6,6,"unknowledgeable",5,6,3,5,6,5,5,6,6,3,"democratic","lose",7,7,1,3,0,2,0,0,7,4
371,"Law and Justice (PiS)","Law and Justice (PiS)",7,7,"knowledgeable",7,7,7,6,7,6,4,4,6,2,"democratic","lose",7,7,1,1,0,0,0,0,4,1
372,"Civic Coalition (KO)","Civic Coalition (KO)",4,4,"knowledgeable",5,5,5,5,5,2,6,3,6,2,"democratic","win",7,7,1,1,0,0,0,0,5,2
373,"Civic Coalition (KO)","Civic Coalition (KO)",5,5,"knowledgeable",5,6,6,6,6,6,5,3,6,5,"undemocratic","lose",7,7,3,1,0,-2,0,0,6,1
374,"Civic Coalition (KO)","Civic Coalition (KO)",4,6,"knowledgeable",7,7,7,1,4,1,4,3,7,2,"democratic","lose",7,7,1,1,0,0,0,0,6,1
376,"Civic Coalition (KO)","Civic Coalition (KO)",3,4,"knowledgeable",6,6,6,6,3,5,5,4,7,5,"democratic","win",4,4,5,5,0,0,0,0,4,2
378,"Civic Coalition (KO)","Civic Coalition (KO)",2,1,"knowledgeable",7,7,7,5,3,2,6,2,7,5,"undemocratic","win",1,7,1,1,6,0,0,0,6,1
379,"Civic Coalition (KO)","Civic Coalition (KO)",4,4,"knowledgeable",6,6,6,4,4,5,5,5,6,4,"undemocratic","win",6,6,1,1,0,0,0,0,5,1
380,"Civic Coalition (KO)","Civic Coalition (KO)",4,3,"unknowledgeable",6,6,7,7,6,4,6,4,6,5,"democratic","win",6,6,1,1,0,0,0,0,7,1
381,"Civic Coalition (KO)","Civic Coalition (KO)",4,5,"knowledgeable",6,6,7,5,4,3,1,3,7,5,"undemocratic","lose",7,7,1,1,0,0,0,0,5,2
382,"Law and Justice (PiS)","Abstain",5,4,"unknowledgeable",3,5,5,6,6,4,2,4,4,2,"democratic","lose",4,4,4,4,0,0,0,1,5,3
383,"Civic Coalition (KO)","Civic Coalition (KO)",4,4,"knowledgeable",7,5,3,5,5,5,NA,1,5,2,"undemocratic","lose",7,7,1,1,0,0,0,0,5,1
384,"Civic Coalition (KO)","Civic Coalition (KO)",4,3,"knowledgeable",6,6,6,5,4,5,6,4,6,2,"democratic","win",7,7,1,1,0,0,0,0,4,1
385,"Civic Coalition (KO)","Civic Coalition (KO)",4,5,"knowledgeable",6,6,7,5,5,5,6,4,6,4,"undemocratic","lose",6,6,1,1,0,0,0,0,4,1
386,"Civic Coalition (KO)","Civic Coalition (KO)",5,6,"knowledgeable",4,4,7,4,6,1,1,4,7,5,"democratic","lose",7,7,1,1,0,0,0,0,5,1
388,"Law and Justice (PiS)","Law and Justice (PiS)",5,5,"knowledgeable",7,6,6,5,5,7,5,6,6,5,"undemocratic","lose",6,6,1,1,0,0,0,0,5,1
389,"Law and Justice (PiS)","Law and Justice (PiS)",7,6,"knowledgeable",6,4,1,6,4,5,1,4,6,5,"democratic","lose",4,3,5,3,-1,-2,0,0,4,3
390,"Law and Justice (PiS)","Law and Justice (PiS)",4,4,"knowledgeable",5,4,5,4,5,4,2,6,5,5,"undemocratic","win",7,7,1,1,0,0,0,0,6,3
391,"Civic Coalition (KO)","Civic Coalition (KO)",3,3,"knowledgeable",6,7,7,4,4,5,4,3,7,5,"democratic","win",6,6,1,2,0,1,0,0,6,1
392,"Civic Coalition (KO)","Civic Coalition (KO)",4,4,"knowledgeable",6,5,6,3,2,3,5,4,6,5,"undemocratic","lose",6,6,1,1,0,0,0,0,4,2
394,"Civic Coalition (KO)","Civic Coalition (KO)",6,7,"knowledgeable",7,6,7,6,7,7,4,3,6,5,"undemocratic","lose",7,7,1,1,0,0,0,0,5,1
395,"Law and Justice (PiS)","Law and Justice (PiS)",4,3,"knowledgeable",6,5,6,7,5,3,4,4,4,5,"democratic","win",6,6,5,5,0,0,0,0,4,4
398,"Civic Coalition (KO)","Civic Coalition (KO)",7,7,"knowledgeable",6,5,7,4,4,2,6,3,6,3,"democratic","lose",7,7,1,1,0,0,0,0,6,1
399,"Civic Coalition (KO)","Civic Coalition (KO)",4,3,"knowledgeable",5,5,3,3,1,5,NA,3,6,5,"undemocratic","lose",6,7,1,1,1,0,0,0,5,1
401,"Law and Justice (PiS)","Civic Coalition (KO)",3,2,"knowledgeable",4,4,6,4,2,4,4,4,4,1,"undemocratic","win",4,4,4,4,0,0,1,0,4,4
402,"Law and Justice (PiS)","Abstain",3,3,"knowledgeable",7,5,3,6,5,5,4,5,6,5,"undemocratic","win",4,3,4,3,-1,-1,0,1,4,1
403,"Civic Coalition (KO)","Civic Coalition (KO)",4,4,"unknowledgeable",4,4,4,4,4,4,4,2,4,5,"undemocratic","win",4,3,5,4,-1,-1,0,0,7,1
404,"Law and Justice (PiS)","Law and Justice (PiS)",5,6,"knowledgeable",6,5,5,5,6,6,6,6,6,5,"democratic","win",7,7,1,1,0,0,0,0,6,1
405,"Civic Coalition (KO)","Civic Coalition (KO)",4,3,"knowledgeable",4,5,2,4,4,4,1,4,3,1,"democratic","lose",6,5,5,6,-1,1,0,0,4,3
406,"Law and Justice (PiS)","Abstain",1,2,"knowledgeable",1,4,1,4,5,3,5,4,7,5,"undemocratic","lose",6,4,5,4,-2,-1,0,1,4,3
407,"Law and Justice (PiS)","Law and Justice (PiS)",4,4,"knowledgeable",5,4,7,5,5,5,4,4,2,1,"democratic","lose",6,3,3,4,-3,1,0,0,5,4
408,"Law and Justice (PiS)","Law and Justice (PiS)",4,3,"knowledgeable",7,6,6,3,6,3,1,4,6,1,"democratic","win",6,4,2,1,-2,-1,0,0,4,1
409,"Law and Justice (PiS)","Law and Justice (PiS)",5,6,"unknowledgeable",6,6,7,6,4,5,4,5,6,2,"democratic","lose",5,5,4,3,0,-1,0,0,4,5
410,"Law and Justice (PiS)","Law and Justice (PiS)",5,4,"knowledgeable",7,6,7,5,6,6,4,5,6,5,"undemocratic","win",7,7,1,1,0,0,0,0,6,2
411,"Law and Justice (PiS)","Law and Justice (PiS)",5,6,"knowledgeable",7,7,7,7,7,7,3,7,7,4,"undemocratic","lose",7,7,1,1,0,0,0,0,7,1
412,"Law and Justice (PiS)","Law and Justice (PiS)",3,3,"knowledgeable",6,7,7,5,4,4,4,6,7,5,"democratic","win",7,7,1,1,0,0,0,0,6,1
413,"Civic Coalition (KO)","Civic Coalition (KO)",2,2,"unknowledgeable",6,6,6,6,7,2,4,2,7,5,"undemocratic","win",7,7,1,1,0,0,0,0,6,1
414,"Law and Justice (PiS)","Law and Justice (PiS)",4,5,"knowledgeable",7,6,7,4,6,3,4,5,6,4,"democratic","lose",7,7,3,1,0,-2,0,0,6,1
416,"Civic Coalition (KO)","Civic Coalition (KO)",4,4,"unknowledgeable",4,6,3,2,4,5,1,5,2,2,"democratic","win",2,6,2,4,4,2,0,0,4,1
417,"Law and Justice (PiS)","Law and Justice (PiS)",5,5,"knowledgeable",7,7,3,2,7,5,2,5,6,5,"undemocratic","lose",7,6,3,3,-1,0,0,0,6,2
418,"Civic Coalition (KO)","Civic Coalition (KO)",2,2,"knowledgeable",7,7,7,3,2,1,5,1,6,2,"undemocratic","lose",7,7,1,1,0,0,0,0,3,2
419,"Civic Coalition (KO)","Civic Coalition (KO)",4,4,"knowledgeable",7,7,7,5,4,4,NA,4,6,1,"undemocratic","win",4,4,1,1,0,0,0,0,4,2
420,"Civic Coalition (KO)","Civic Coalition (KO)",4,4,"unknowledgeable",4,4,6,4,5,5,6,5,2,4,"democratic","win",6,5,1,1,-1,0,0,0,6,1
421,"Civic Coalition (KO)","Civic Coalition (KO)",4,4,"unknowledgeable",5,5,7,5,5,5,4,4,7,2,"undemocratic","win",5,6,1,1,1,0,0,0,4,3
422,"Law and Justice (PiS)","Law and Justice (PiS)",4,3,"knowledgeable",6,6,6,5,6,2,3,4,6,2,"democratic","lose",3,3,5,5,0,0,0,0,4,2
423,"Civic Coalition (KO)","Civic Coalition (KO)",7,6,"knowledgeable",5,4,7,5,5,5,5,4,6,5,"democratic","lose",7,7,3,3,0,0,0,0,5,1
424,"Law and Justice (PiS)","Law and Justice (PiS)",1,1,"knowledgeable",7,6,7,4,1,5,6,5,6,5,"undemocratic","lose",4,4,1,1,0,0,0,0,4,3
425,"Law and Justice (PiS)","Law and Justice (PiS)",6,3,"unknowledgeable",4,4,3,5,4,2,3,3,3,4,"democratic","win",4,7,3,5,3,2,0,0,5,5
426,"Law and Justice (PiS)","Law and Justice (PiS)",3,3,"knowledgeable",6,5,5,7,6,7,4,6,6,5,"undemocratic","win",5,5,1,1,0,0,0,0,4,1
427,"Civic Coalition (KO)","Civic Coalition (KO)",6,6,"knowledgeable",7,6,7,1,1,2,NA,4,7,5,"democratic","lose",7,7,1,1,0,0,0,0,6,1
428,"Civic Coalition (KO)","Civic Coalition (KO)",6,4,"knowledgeable",5,6,4,3,2,6,4,2,6,1,"undemocratic","lose",6,6,1,1,0,0,0,0,5,1
429,"Civic Coalition (KO)","Civic Coalition (KO)",7,7,"knowledgeable",6,1,6,6,6,1,3,2,7,4,"democratic","win",7,7,1,1,0,0,0,0,6,1
430,"Law and Justice (PiS)","Law and Justice (PiS)",5,5,"knowledgeable",7,7,7,7,7,7,5,6,4,5,"democratic","lose",7,7,1,1,0,0,0,0,7,2
431,"Law and Justice (PiS)","Law and Justice (PiS)",4,3,"knowledgeable",7,6,5,5,5,5,4,6,7,5,"undemocratic","win",7,7,1,1,0,0,0,0,7,1
432,"Civic Coalition (KO)","Civic Coalition (KO)",5,5,"knowledgeable",7,7,7,5,6,1,3,3,7,5,"undemocratic","lose",7,7,2,2,0,0,0,0,6,1
433,"Law and Justice (PiS)","Law and Justice (PiS)",2,3,"knowledgeable",7,5,6,4,6,4,4,4,6,1,"undemocratic","win",6,6,2,3,0,1,0,0,5,1
434,"Civic Coalition (KO)","Abstain",4,4,"knowledgeable",4,7,4,3,7,7,2,1,3,2,"democratic","lose",2,7,7,3,5,-4,0,1,7,2
435,"Civic Coalition (KO)","Civic Coalition (KO)",7,7,"knowledgeable",6,7,7,4,1,5,5,4,7,5,"democratic","lose",7,7,1,1,0,0,0,0,6,1
436,"Law and Justice (PiS)","Law and Justice (PiS)",4,4,"knowledgeable",5,7,7,5,5,5,2,4,7,1,"democratic","win",6,6,5,5,0,0,0,0,3,1
437,"Law and Justice (PiS)","Law and Justice (PiS)",7,7,"unknowledgeable",7,5,3,5,5,7,3,6,5,2,"undemocratic","lose",7,7,1,1,0,0,0,0,7,1
438,"Civic Coalition (KO)","Civic Coalition (KO)",4,4,"unknowledgeable",4,4,4,4,4,4,4,4,6,2,"undemocratic","lose",1,1,1,1,0,0,0,0,5,1
440,"Civic Coalition (KO)","Civic Coalition (KO)",4,4,"knowledgeable",7,4,1,1,1,1,2,1,6,2,"undemocratic","win",1,1,1,1,0,0,0,0,2,2
441,"Civic Coalition (KO)","Civic Coalition (KO)",5,5,"knowledgeable",7,7,7,5,3,5,4,4,7,5,"democratic","win",7,7,1,1,0,0,0,0,5,1
442,"Civic Coalition (KO)","Civic Coalition (KO)",4,4,"knowledgeable",4,4,5,4,5,4,4,4,5,5,"undemocratic","win",6,6,2,2,0,0,0,0,5,3
444,"Civic Coalition (KO)","Civic Coalition (KO)",4,4,"knowledgeable",6,6,6,6,6,6,3,4,6,5,"undemocratic","win",7,4,5,4,-3,-1,0,0,4,4
445,"Civic Coalition (KO)","Civic Coalition (KO)",7,7,"knowledgeable",7,1,7,7,4,6,2,2,7,2,"democratic","lose",7,7,1,1,0,0,0,0,7,1
446,"Civic Coalition (KO)","Civic Coalition (KO)",6,5,"knowledgeable",6,7,7,2,4,2,2,4,6,5,"democratic","lose",2,1,1,1,-1,0,0,0,3,1
447,"Civic Coalition (KO)","Civic Coalition (KO)",1,1,"knowledgeable",7,7,7,1,1,1,5,3,7,3,"democratic","win",7,7,1,1,0,0,0,0,3,1
448,"Law and Justice (PiS)","Law and Justice (PiS)",5,5,"knowledgeable",7,7,6,4,4,4,4,6,7,5,"democratic","lose",7,7,1,1,0,0,0,0,5,1
449,"Law and Justice (PiS)","Law and Justice (PiS)",4,4,"knowledgeable",7,7,7,7,7,4,4,4,7,5,"undemocratic","lose",6,6,1,1,0,0,0,0,4,1
450,"Civic Coalition (KO)","Civic Coalition (KO)",5,5,"knowledgeable",2,2,4,3,2,3,4,4,3,3,"democratic","lose",2,2,4,3,0,-1,0,0,6,2
453,"Civic Coalition (KO)","Civic Coalition (KO)",2,2,"unknowledgeable",6,3,2,4,4,2,5,2,6,1,"undemocratic","lose",4,4,1,1,0,0,0,0,3,1
454,"Civic Coalition (KO)","Abstain",3,3,"knowledgeable",7,7,7,5,5,4,3,2,7,1,"democratic","win",6,2,1,2,-4,1,0,1,4,1
455,"Law and Justice (PiS)","Law and Justice (PiS)",5,4,"knowledgeable",6,5,6,5,5,5,3,3,5,5,"undemocratic","win",6,6,5,4,0,-1,0,0,6,3
456,"Civic Coalition (KO)","Civic Coalition (KO)",2,2,"unknowledgeable",7,6,2,6,5,5,4,2,6,1,"undemocratic","win",2,1,1,1,-1,0,0,0,3,1
457,"Civic Coalition (KO)","Abstain",1,3,"knowledgeable",7,7,7,2,2,2,5,4,6,3,"democratic","win",4,2,5,2,-2,-3,0,1,4,1
458,"Civic Coalition (KO)","Civic Coalition (KO)",2,1,"knowledgeable",6,6,7,5,4,3,4,4,7,2,"undemocratic","win",7,4,1,1,-3,0,0,0,5,1
459,"Civic Coalition (KO)","Civic Coalition (KO)",4,4,"knowledgeable",7,7,6,6,4,3,4,4,6,4,"democratic","win",7,7,1,1,0,0,0,0,4,1
461,"Civic Coalition (KO)","Civic Coalition (KO)",4,4,"knowledgeable",7,7,7,1,1,1,6,2,7,3,"undemocratic","lose",7,7,1,1,0,0,0,0,3,1
462,"Civic Coalition (KO)","Civic Coalition (KO)",6,7,"knowledgeable",7,7,7,5,6,5,5,5,7,2,"democratic","lose",4,6,3,3,2,0,0,0,3,1
463,"Civic Coalition (KO)","Civic Coalition (KO)",2,2,"knowledgeable",7,7,7,6,6,2,4,4,6,2,"undemocratic","win",7,7,1,1,0,0,0,0,4,1
464,"Civic Coalition (KO)","Civic Coalition (KO)",3,4,"unknowledgeable",3,5,4,3,3,3,2,3,7,4,"democratic","lose",2,2,1,1,0,0,0,0,3,1
465,"Law and Justice (PiS)","Law and Justice (PiS)",1,1,"knowledgeable",1,1,2,5,4,3,1,1,1,4,"democratic","win",7,7,6,5,0,-1,0,0,7,1
466,"Law and Justice (PiS)","Law and Justice (PiS)",3,3,"knowledgeable",7,6,7,3,5,3,1,3,6,1,"democratic","win",3,3,2,2,0,0,0,0,2,3
468,"Law and Justice (PiS)","Law and Justice (PiS)",5,5,"unknowledgeable",6,7,6,7,5,6,2,6,6,5,"undemocratic","lose",7,6,5,4,-1,-1,0,0,6,1
469,"Civic Coalition (KO)","Law and Justice (PiS)",3,3,"knowledgeable",5,5,7,5,5,3,NA,4,5,1,"undemocratic","win",5,5,4,5,0,1,1,0,4,5
470,"Civic Coalition (KO)","Civic Coalition (KO)",4,4,"unknowledgeable",5,1,1,1,3,5,3,4,6,1,"undemocratic","lose",7,6,1,1,-1,0,0,0,4,1
471,"Civic Coalition (KO)","Civic Coalition (KO)",3,3,"knowledgeable",5,5,6,4,3,2,3,4,6,2,"undemocratic","win",7,6,1,1,-1,0,0,0,4,1
472,"Civic Coalition (KO)","Civic Coalition (KO)",7,7,"knowledgeable",6,6,7,5,5,5,2,4,6,5,"democratic","lose",7,7,1,1,0,0,0,0,7,1
473,"Civic Coalition (KO)","Civic Coalition (KO)",6,6,"knowledgeable",7,7,7,4,4,6,2,3,7,5,"democratic","lose",7,7,1,1,0,0,0,0,7,2
474,"Law and Justice (PiS)","Law and Justice (PiS)",4,4,"unknowledgeable",5,1,4,3,5,4,NA,7,3,1,"undemocratic","lose",7,7,1,1,0,0,0,0,7,1
475,"Law and Justice (PiS)","Law and Justice (PiS)",4,4,"unknowledgeable",5,5,5,5,4,5,1,6,4,5,"democratic","win",7,7,2,2,0,0,0,0,6,1
476,"Civic Coalition (KO)","Civic Coalition (KO)",7,6,"knowledgeable",6,6,7,5,5,5,4,3,6,5,"democratic","lose",7,7,2,1,0,-1,0,0,6,2
478,"Civic Coalition (KO)","Civic Coalition (KO)",3,2,"knowledgeable",7,7,7,3,3,3,3,2,7,5,"democratic","win",7,7,1,1,0,0,0,0,6,1
479,"Civic Coalition (KO)","Civic Coalition (KO)",4,5,"knowledgeable",7,5,7,4,4,5,2,4,7,5,"democratic","win",7,7,1,1,0,0,0,0,7,1
480,"Law and Justice (PiS)","Law and Justice (PiS)",7,7,"knowledgeable",7,7,7,5,5,5,6,5,7,2,"democratic","lose",4,4,1,1,0,0,0,0,2,1
482,"Civic Coalition (KO)","Civic Coalition (KO)",3,3,"knowledgeable",6,6,7,3,3,2,2,4,7,4,"undemocratic","win",7,7,1,1,0,0,0,0,4,2
484,"Civic Coalition (KO)","Civic Coalition (KO)",3,3,"knowledgeable",5,3,7,4,6,3,3,5,6,4,"undemocratic","lose",7,6,1,1,-1,0,0,0,4,1
485,"Law and Justice (PiS)","Abstain",3,3,"knowledgeable",6,5,5,5,5,4,3,4,4,1,"democratic","win",4,4,4,4,0,0,0,1,4,4
486,"Civic Coalition (KO)","Civic Coalition (KO)",7,7,"knowledgeable",7,6,7,5,4,1,6,4,7,5,"democratic","lose",7,7,1,1,0,0,0,0,6,1
487,"Law and Justice (PiS)","Law and Justice (PiS)",4,4,"knowledgeable",7,5,7,6,5,5,4,6,6,5,"undemocratic","lose",7,7,2,2,0,0,0,0,5,2
488,"Law and Justice (PiS)","Law and Justice (PiS)",5,5,"unknowledgeable",5,4,3,5,6,6,1,3,6,5,"democratic","win",7,7,5,4,0,-1,0,0,7,2
490,"Civic Coalition (KO)","Civic Coalition (KO)",2,2,"unknowledgeable",6,5,7,6,4,4,3,2,7,5,"undemocratic","win",7,6,1,2,-1,1,0,0,6,1
491,"Law and Justice (PiS)","Law and Justice (PiS)",6,6,"knowledgeable",7,7,7,7,7,7,4,6,6,3,"democratic","lose",7,7,1,1,0,0,0,0,7,1
493,"Civic Coalition (KO)","Civic Coalition (KO)",5,4,"knowledgeable",7,6,7,1,6,1,4,2,6,3,"undemocratic","lose",4,4,1,1,0,0,0,0,2,1
494,"Civic Coalition (KO)","Civic Coalition (KO)",2,2,"unknowledgeable",5,3,6,7,4,4,5,7,7,3,"undemocratic","lose",7,2,2,5,-5,3,0,0,4,1
495,"Law and Justice (PiS)","Law and Justice (PiS)",5,5,"knowledgeable",6,5,5,3,2,2,2,5,7,5,"undemocratic","lose",6,7,5,5,1,0,0,0,5,3
496,"Law and Justice (PiS)","Law and Justice (PiS)",4,4,"knowledgeable",4,4,4,4,4,4,6,6,5,5,"democratic","win",7,6,2,2,-1,0,0,0,6,1
497,"Civic Coalition (KO)","Civic Coalition (KO)",7,4,"unknowledgeable",5,4,4,2,3,6,5,4,3,1,"democratic","lose",4,6,6,4,2,-2,0,0,2,3
498,"Civic Coalition (KO)","Civic Coalition (KO)",4,2,"knowledgeable",5,6,6,5,4,4,4,3,6,5,"undemocratic","win",7,7,4,5,0,1,0,0,6,3
499,"Civic Coalition (KO)","Civic Coalition (KO)",4,5,"knowledgeable",6,7,7,4,5,4,2,4,6,5,"undemocratic","lose",7,7,1,1,0,0,0,0,6,1
501,"Civic Coalition (KO)","Civic Coalition (KO)",5,5,"knowledgeable",6,6,6,2,6,1,1,3,6,5,"democratic","win",7,7,1,1,0,0,0,0,5,1
502,"Civic Coalition (KO)","Civic Coalition (KO)",1,6,"knowledgeable",7,7,7,4,4,5,3,3,6,5,"democratic","lose",6,6,1,2,0,1,0,0,4,1
503,"Law and Justice (PiS)","Law and Justice (PiS)",4,4,"unknowledgeable",4,5,5,6,5,5,4,4,5,2,"democratic","win",5,4,5,4,-1,-1,0,0,4,3
504,"Law and Justice (PiS)","Law and Justice (PiS)",4,4,"unknowledgeable",4,4,4,4,4,4,4,4,4,2,"undemocratic","win",5,4,4,4,-1,0,0,0,5,4
505,"Civic Coalition (KO)","Civic Coalition (KO)",3,3,"knowledgeable",7,7,6,5,5,5,4,5,6,5,"undemocratic","lose",7,7,1,1,0,0,0,0,5,1
507,"Civic Coalition (KO)","Civic Coalition (KO)",5,5,"knowledgeable",5,4,2,5,4,4,3,2,3,2,"democratic","win",7,3,2,4,-4,2,0,0,4,4
508,"Civic Coalition (KO)","Civic Coalition (KO)",7,7,"knowledgeable",7,2,7,4,5,5,6,5,7,2,"democratic","lose",7,7,1,1,0,0,0,0,4,1
509,"Civic Coalition (KO)","Civic Coalition (KO)",7,4,"knowledgeable",5,7,7,7,7,3,4,2,6,5,"democratic","lose",6,6,1,1,0,0,0,0,5,1
510,"Civic Coalition (KO)","Abstain",1,1,"knowledgeable",7,7,7,7,7,7,5,3,6,4,"undemocratic","lose",6,5,1,1,-1,0,0,1,5,1
511,"Civic Coalition (KO)","Civic Coalition (KO)",4,3,"knowledgeable",1,5,1,4,4,4,5,4,6,4,"undemocratic","win",6,6,2,4,0,2,0,0,4,2
512,"Law and Justice (PiS)","Law and Justice (PiS)",6,6,"knowledgeable",7,7,6,5,6,7,3,6,6,5,"democratic","win",7,7,1,1,0,0,0,0,7,1
513,"Civic Coalition (KO)","Civic Coalition (KO)",4,4,"unknowledgeable",4,4,7,7,7,7,4,4,7,2,"undemocratic","lose",4,4,4,4,0,0,0,0,4,3
514,"Law and Justice (PiS)","Law and Justice (PiS)",7,7,"knowledgeable",7,5,7,5,2,5,2,6,6,4,"democratic","lose",7,7,1,1,0,0,0,0,7,1
515,"Law and Justice (PiS)","Law and Justice (PiS)",5,5,"knowledgeable",4,4,3,4,4,4,3,5,5,3,"democratic","lose",6,7,1,1,1,0,0,0,5,1
516,"Civic Coalition (KO)","Civic Coalition (KO)",5,6,"knowledgeable",7,7,7,1,5,4,5,3,6,5,"democratic","win",6,6,1,1,0,0,0,0,5,1
518,"Civic Coalition (KO)","Civic Coalition (KO)",6,6,"unknowledgeable",4,4,3,5,4,4,4,4,6,5,"undemocratic","lose",7,7,1,2,0,1,0,0,6,1
519,"Civic Coalition (KO)","Civic Coalition (KO)",4,4,"knowledgeable",7,2,2,6,6,5,6,3,4,3,"undemocratic","lose",7,7,1,1,0,0,0,0,5,1
520,"Civic Coalition (KO)","Civic Coalition (KO)",4,3,"unknowledgeable",3,4,3,6,3,4,5,7,4,2,"undemocratic","win",4,4,4,4,0,0,0,0,2,2
521,"Civic Coalition (KO)","Civic Coalition (KO)",2,2,"knowledgeable",6,6,7,5,4,4,NA,4,6,2,"undemocratic","lose",4,3,2,2,-1,0,0,0,3,2
523,"Law and Justice (PiS)","Law and Justice (PiS)",1,1,"knowledgeable",3,3,4,3,1,7,4,1,7,1,"undemocratic","lose",7,7,4,4,0,0,0,0,6,4
524,"Civic Coalition (KO)","Civic Coalition (KO)",4,4,"knowledgeable",6,7,6,7,6,5,1,4,6,5,"democratic","win",7,6,1,1,-1,0,0,0,6,1
525,"Civic Coalition (KO)","Civic Coalition (KO)",4,4,"unknowledgeable",5,7,7,5,6,6,6,5,6,3,"undemocratic","win",6,4,4,4,-2,0,0,0,5,4
526,"Civic Coalition (KO)","Civic Coalition (KO)",4,4,"knowledgeable",7,7,7,5,4,5,4,3,6,5,"democratic","win",6,6,5,5,0,0,0,0,5,1
527,"Law and Justice (PiS)","Law and Justice (PiS)",5,5,"knowledgeable",7,4,2,7,5,5,4,4,7,2,"democratic","win",7,7,1,1,0,0,0,0,7,1
528,"Law and Justice (PiS)","Law and Justice (PiS)",7,7,"knowledgeable",7,3,7,6,4,6,4,6,7,5,"democratic","lose",7,7,1,1,0,0,0,0,6,1
529,"Civic Coalition (KO)","Civic Coalition (KO)",5,5,"knowledgeable",7,7,7,1,3,3,6,4,7,5,"democratic","lose",6,7,1,1,1,0,0,0,5,2
530,"Civic Coalition (KO)","Civic Coalition (KO)",4,5,"knowledgeable",7,6,7,2,6,6,2,4,6,5,"undemocratic","win",6,6,1,1,0,0,0,0,6,1
531,"Civic Coalition (KO)","Civic Coalition (KO)",6,6,"knowledgeable",1,1,2,7,7,7,4,4,6,1,"democratic","lose",6,6,2,2,0,0,0,0,4,1
532,"Civic Coalition (KO)","Civic Coalition (KO)",2,2,"knowledgeable",7,7,7,4,5,2,3,3,7,5,"democratic","win",7,7,1,1,0,0,0,0,5,1
533,"Law and Justice (PiS)","Law and Justice (PiS)",5,5,"unknowledgeable",6,5,3,6,5,6,1,5,6,5,"undemocratic","lose",7,7,1,1,0,0,0,0,7,1
534,"Civic Coalition (KO)","Civic Coalition (KO)",2,3,"knowledgeable",7,7,5,4,4,6,4,3,7,5,"undemocratic","win",7,7,2,2,0,0,0,0,5,2
535,"Law and Justice (PiS)","Law and Justice (PiS)",7,6,"knowledgeable",7,6,7,6,6,6,4,6,6,5,"undemocratic","lose",7,7,1,1,0,0,0,0,6,1
536,"Civic Coalition (KO)","Civic Coalition (KO)",4,5,"knowledgeable",6,7,7,2,4,2,NA,3,6,1,"undemocratic","lose",6,6,1,1,0,0,0,0,5,1
537,"Civic Coalition (KO)","Civic Coalition (KO)",6,7,"knowledgeable",6,6,7,7,2,2,2,3,6,5,"democratic","lose",6,6,2,1,0,-1,0,0,5,1
538,"Civic Coalition (KO)","Civic Coalition (KO)",4,4,"knowledgeable",7,7,7,6,5,1,4,3,6,5,"undemocratic","lose",7,7,1,1,0,0,0,0,6,1
539,"Law and Justice (PiS)","Law and Justice (PiS)",4,6,"knowledgeable",6,7,7,6,2,2,3,6,2,2,"democratic","win",1,1,1,1,0,0,0,0,2,2
541,"Law and Justice (PiS)","Law and Justice (PiS)",3,2,"knowledgeable",6,6,6,6,5,4,4,6,6,5,"undemocratic","win",6,6,3,2,0,-1,0,0,6,1
542,"Civic Coalition (KO)","Civic Coalition (KO)",3,3,"knowledgeable",6,5,3,6,5,6,6,1,7,5,"undemocratic","lose",6,6,1,1,0,0,0,0,4,1
543,"Civic Coalition (KO)","Civic Coalition (KO)",6,6,"knowledgeable",6,5,5,6,6,3,2,3,6,1,"democratic","lose",7,7,1,1,0,0,0,0,6,1
544,"Civic Coalition (KO)","Civic Coalition (KO)",2,1,"knowledgeable",7,1,7,4,5,2,NA,4,6,5,"undemocratic","win",7,7,1,1,0,0,0,0,6,1
545,"Civic Coalition (KO)","Civic Coalition (KO)",4,4,"knowledgeable",7,7,7,3,3,4,5,3,7,4,"democratic","win",6,6,1,1,0,0,0,0,4,1
547,"Civic Coalition (KO)","Civic Coalition (KO)",6,6,"knowledgeable",4,5,7,2,4,3,3,3,6,3,"democratic","lose",6,6,5,5,0,0,0,0,4,1
548,"Law and Justice (PiS)","Abstain",3,3,"knowledgeable",6,6,7,5,6,4,2,4,6,5,"undemocratic","lose",7,5,2,5,-2,3,0,1,6,1
549,"Law and Justice (PiS)","Law and Justice (PiS)",4,3,"unknowledgeable",5,4,3,5,3,5,5,4,3,3,"democratic","win",6,6,1,5,0,4,0,0,4,2
550,"Civic Coalition (KO)","Civic Coalition (KO)",6,2,"unknowledgeable",3,3,3,3,5,5,6,4,1,2,"democratic","lose",5,1,1,5,-4,4,0,0,5,1
551,"Law and Justice (PiS)","Law and Justice (PiS)",5,4,"unknowledgeable",6,3,6,6,6,6,3,7,6,3,"undemocratic","win",7,7,1,1,0,0,0,0,7,1
553,"Civic Coalition (KO)","Civic Coalition (KO)",1,4,"unknowledgeable",6,5,5,6,6,3,NA,4,6,5,"democratic","win",7,7,1,1,0,0,0,0,7,1
554,"Law and Justice (PiS)","Law and Justice (PiS)",4,4,"knowledgeable",6,6,6,3,3,6,5,6,7,5,"democratic","win",4,7,1,1,3,0,0,0,6,1
556,"Law and Justice (PiS)","Law and Justice (PiS)",4,4,"unknowledgeable",4,4,4,4,4,4,4,4,4,4,"democratic","win",6,6,2,6,0,4,0,0,4,4
557,"Civic Coalition (KO)","Civic Coalition (KO)",2,2,"knowledgeable",1,7,7,5,1,6,2,3,6,5,"undemocratic","win",6,6,1,1,0,0,0,0,3,1
558,"Civic Coalition (KO)","Civic Coalition (KO)",7,7,"knowledgeable",7,6,7,5,5,5,4,4,6,3,"democratic","lose",3,3,3,3,0,0,0,0,2,2
560,"Law and Justice (PiS)","Law and Justice (PiS)",7,7,"knowledgeable",7,7,7,6,6,5,3,4,6,5,"democratic","lose",7,7,1,1,0,0,0,0,7,2
561,"Civic Coalition (KO)","Civic Coalition (KO)",2,2,"knowledgeable",7,7,7,1,2,3,5,4,7,5,"democratic","win",6,6,1,1,0,0,0,0,4,1
562,"Civic Coalition (KO)","Civic Coalition (KO)",1,3,"knowledgeable",7,7,7,5,2,1,3,4,7,5,"undemocratic","win",7,6,1,2,-1,1,0,0,7,3
563,"Civic Coalition (KO)","Civic Coalition (KO)",4,2,"unknowledgeable",4,5,4,4,2,5,2,4,5,2,"undemocratic","win",4,6,5,1,2,-4,0,0,5,1
564,"Civic Coalition (KO)","Civic Coalition (KO)",7,7,"knowledgeable",7,7,7,5,6,5,4,3,7,5,"undemocratic","lose",7,7,1,1,0,0,0,0,6,1
565,"Civic Coalition (KO)","Civic Coalition (KO)",1,1,"unknowledgeable",7,7,7,2,5,4,4,3,7,5,"democratic","lose",7,7,1,1,0,0,0,0,6,1
566,"Law and Justice (PiS)","Law and Justice (PiS)",6,6,"knowledgeable",7,7,7,5,5,4,5,6,6,5,"democratic","win",7,7,1,1,0,0,0,0,7,1
567,"Civic Coalition (KO)","Civic Coalition (KO)",7,7,"knowledgeable",7,7,7,4,2,1,1,4,7,5,"undemocratic","lose",7,7,1,1,0,0,0,0,6,1
568,"Civic Coalition (KO)","Civic Coalition (KO)",5,7,"knowledgeable",5,6,6,5,6,5,5,4,5,2,"democratic","lose",5,5,2,1,0,-1,0,0,3,1
569,"Civic Coalition (KO)","Civic Coalition (KO)",2,2,"unknowledgeable",7,6,7,4,2,4,4,3,6,5,"undemocratic","win",6,7,3,1,1,-2,0,0,6,1
570,"Law and Justice (PiS)","Abstain",4,4,"knowledgeable",5,6,6,3,3,4,2,6,4,3,"democratic","win",4,2,1,2,-2,1,0,1,1,1
571,"Civic Coalition (KO)","Civic Coalition (KO)",4,3,"knowledgeable",7,7,7,7,6,6,4,4,7,5,"undemocratic","win",7,7,1,1,0,0,0,0,7,1
572,"Law and Justice (PiS)","Law and Justice (PiS)",7,7,"knowledgeable",7,5,2,5,5,4,6,5,6,2,"democratic","lose",7,7,1,1,0,0,0,0,5,4
573,"Civic Coalition (KO)","Civic Coalition (KO)",5,6,"knowledgeable",6,7,7,3,7,1,5,2,7,4,"undemocratic","lose",6,6,1,1,0,0,0,0,4,1
575,"Civic Coalition (KO)","Civic Coalition (KO)",4,5,"knowledgeable",5,2,5,2,2,4,1,2,5,1,"undemocratic","lose",6,6,1,1,0,0,0,0,3,1
576,"Civic Coalition (KO)","Civic Coalition (KO)",7,6,"knowledgeable",7,7,7,6,7,1,NA,4,7,5,"democratic","lose",7,7,1,1,0,0,0,0,7,1
577,"Civic Coalition (KO)","Civic Coalition (KO)",3,4,"knowledgeable",5,3,3,4,6,2,5,2,6,3,"democratic","win",6,6,2,2,0,0,0,0,5,1
579,"Civic Coalition (KO)","Civic Coalition (KO)",4,4,"knowledgeable",7,7,7,1,4,4,3,2,7,5,"undemocratic","win",6,6,1,1,0,0,0,0,5,1
581,"Law and Justice (PiS)","Law and Justice (PiS)",4,4,"unknowledgeable",7,7,6,6,3,4,4,6,6,4,"undemocratic","lose",3,4,2,2,1,0,0,0,4,2
583,"Law and Justice (PiS)","Law and Justice (PiS)",5,5,"knowledgeable",7,7,6,6,6,4,1,5,6,5,"democratic","win",7,7,1,1,0,0,0,0,6,1
584,"Law and Justice (PiS)","Law and Justice (PiS)",2,1,"unknowledgeable",6,5,5,6,6,5,2,4,4,3,"undemocratic","lose",7,4,4,7,-3,3,0,0,5,5
585,"Civic Coalition (KO)","Civic Coalition (KO)",6,6,"knowledgeable",3,5,2,4,5,2,5,4,7,4,"democratic","lose",6,6,1,1,0,0,0,0,4,4
586,"Civic Coalition (KO)","Abstain",3,4,"knowledgeable",6,6,3,6,4,5,3,4,6,4,"undemocratic","win",6,5,4,4,-1,0,0,1,5,3
587,"Civic Coalition (KO)","Civic Coalition (KO)",4,5,"knowledgeable",7,6,6,5,1,2,4,3,7,5,"democratic","win",7,6,1,1,-1,0,0,0,4,1
588,"Civic Coalition (KO)","Civic Coalition (KO)",4,2,"knowledgeable",6,5,5,6,4,5,4,6,3,3,"democratic","win",6,5,4,5,-1,1,0,0,5,3
589,"Law and Justice (PiS)","Civic Coalition (KO)",3,3,"knowledgeable",5,5,5,5,5,5,2,6,6,4,"undemocratic","win",6,4,3,4,-2,1,1,0,5,3
590,"Civic Coalition (KO)","Civic Coalition (KO)",6,6,"knowledgeable",4,5,3,4,2,4,NA,3,7,5,"democratic","lose",7,7,1,1,0,0,0,0,5,1
591,"Law and Justice (PiS)","Law and Justice (PiS)",5,3,"knowledgeable",7,7,7,7,7,7,5,4,7,1,"democratic","win",6,6,6,6,0,0,0,0,4,4
592,"Law and Justice (PiS)","Law and Justice (PiS)",3,2,"unknowledgeable",6,6,5,6,4,3,1,6,6,4,"undemocratic","lose",7,6,1,1,-1,0,0,0,6,1
593,"Civic Coalition (KO)","Civic Coalition (KO)",3,4,"knowledgeable",7,4,7,5,6,6,4,3,6,1,"undemocratic","lose",7,7,1,1,0,0,0,0,5,1
594,"Civic Coalition (KO)","Civic Coalition (KO)",1,1,"knowledgeable",6,4,3,6,6,6,1,4,7,5,"undemocratic","win",7,7,1,1,0,0,0,0,5,1
595,"Civic Coalition (KO)","Civic Coalition (KO)",7,7,"unknowledgeable",6,2,5,5,2,6,4,4,6,2,"democratic","lose",7,7,1,1,0,0,0,0,6,1
596,"Civic Coalition (KO)","Civic Coalition (KO)",4,4,"unknowledgeable",7,7,6,4,3,4,4,3,7,3,"undemocratic","win",7,7,1,1,0,0,0,0,6,1
597,"Civic Coalition (KO)","Civic Coalition (KO)",4,4,"knowledgeable",7,7,7,4,3,3,4,4,6,4,"democratic","win",6,6,1,2,0,1,0,0,5,1
598,"Civic Coalition (KO)","Civic Coalition (KO)",5,5,"unknowledgeable",2,6,6,6,6,6,5,4,7,1,"undemocratic","lose",6,6,1,1,0,0,0,0,2,1
599,"Civic Coalition (KO)","Civic Coalition (KO)",7,7,"unknowledgeable",7,7,7,1,1,3,2,3,7,5,"democratic","lose",7,7,1,1,0,0,0,0,6,1
601,"Civic Coalition (KO)","Civic Coalition (KO)",5,6,"unknowledgeable",7,7,7,3,3,3,5,4,7,3,"democratic","lose",6,6,1,1,0,0,0,0,5,1
602,"Civic Coalition (KO)","Civic Coalition (KO)",4,3,"unknowledgeable",7,4,4,3,4,2,NA,4,6,1,"democratic","win",7,7,1,1,0,0,0,0,6,1
604,"Civic Coalition (KO)","Civic Coalition (KO)",3,3,"knowledgeable",7,7,7,7,5,3,5,5,7,5,"undemocratic","lose",7,7,1,1,0,0,0,0,7,1
605,"Civic Coalition (KO)","Law and Justice (PiS)",4,2,"unknowledgeable",4,1,7,7,2,3,2,4,6,2,"undemocratic","win",7,7,1,5,0,4,1,0,1,1
606,"Civic Coalition (KO)","Civic Coalition (KO)",6,6,"knowledgeable",7,6,7,4,4,2,4,3,6,1,"democratic","lose",6,6,1,1,0,0,0,0,3,1
607,"Law and Justice (PiS)","Law and Justice (PiS)",5,5,"knowledgeable",6,6,6,6,6,6,2,4,6,4,"democratic","lose",6,6,2,1,0,-1,0,0,6,2
608,"Civic Coalition (KO)","Civic Coalition (KO)",4,5,"knowledgeable",5,5,5,4,6,5,6,4,6,3,"undemocratic","win",7,7,1,1,0,0,0,0,7,1
609,"Law and Justice (PiS)","Law and Justice (PiS)",4,4,"knowledgeable",7,6,7,6,2,5,4,5,7,4,"undemocratic","lose",7,7,1,1,0,0,0,0,5,1
610,"Law and Justice (PiS)","Law and Justice (PiS)",4,4,"knowledgeable",6,6,7,6,6,7,2,6,7,5,"democratic","win",7,7,1,1,0,0,0,0,6,1
611,"Civic Coalition (KO)","Civic Coalition (KO)",3,3,"knowledgeable",7,6,6,4,6,5,4,4,6,5,"undemocratic","lose",6,6,2,1,0,-1,0,0,4,1
612,"Civic Coalition (KO)","Civic Coalition (KO)",4,4,"knowledgeable",7,7,7,6,6,4,6,4,6,4,"undemocratic","win",7,6,2,2,-1,0,0,0,6,2
614,"Civic Coalition (KO)","Civic Coalition (KO)",5,5,"unknowledgeable",4,5,2,4,6,4,5,4,6,2,"democratic","lose",7,7,1,1,0,0,0,0,5,1
615,"Civic Coalition (KO)","Civic Coalition (KO)",5,5,"knowledgeable",1,7,7,5,5,1,4,2,7,5,"democratic","win",7,7,1,1,0,0,0,0,7,1
616,"Civic Coalition (KO)","Civic Coalition (KO)",1,1,"knowledgeable",7,2,7,3,5,4,5,4,7,4,"undemocratic","lose",7,7,1,1,0,0,0,0,6,1
617,"Civic Coalition (KO)","Civic Coalition (KO)",1,1,"knowledgeable",7,7,7,6,5,6,NA,4,7,5,"undemocratic","win",7,7,1,1,0,0,0,0,5,1
618,"Civic Coalition (KO)","Civic Coalition (KO)",4,4,"unknowledgeable",4,3,2,4,4,4,4,2,5,2,"democratic","lose",6,6,1,1,0,0,0,0,4,1
619,"Civic Coalition (KO)","Civic Coalition (KO)",7,6,"unknowledgeable",6,7,7,7,6,6,4,2,7,3,"democratic","lose",7,7,5,5,0,0,0,0,7,1
620,"Law and Justice (PiS)","Law and Justice (PiS)",3,3,"knowledgeable",6,4,6,4,4,3,NA,4,5,3,"undemocratic","win",5,5,1,1,0,0,0,0,4,1
621,"Civic Coalition (KO)","Civic Coalition (KO)",1,1,"knowledgeable",6,1,1,6,3,3,2,4,6,3,"undemocratic","lose",7,7,1,1,0,0,0,0,5,2
622,"Law and Justice (PiS)","Law and Justice (PiS)",5,4,"unknowledgeable",6,6,6,4,6,6,2,4,6,1,"undemocratic","win",6,5,6,3,-1,-3,0,0,7,4
623,"Civic Coalition (KO)","Civic Coalition (KO)",5,3,"knowledgeable",7,2,1,5,7,5,3,1,6,5,"democratic","win",7,7,3,3,0,0,0,0,6,2
624,"Law and Justice (PiS)","Law and Justice (PiS)",5,4,"unknowledgeable",4,4,5,3,4,4,3,4,2,4,"democratic","lose",6,6,1,1,0,0,0,0,5,1
625,"Law and Justice (PiS)","Law and Justice (PiS)",5,5,"knowledgeable",6,7,6,6,6,7,2,6,6,5,"democratic","win",7,7,2,2,0,0,0,0,5,2
627,"Civic Coalition (KO)","Civic Coalition (KO)",4,3,"knowledgeable",7,7,7,1,2,2,NA,2,6,4,"democratic","win",7,5,1,3,-2,2,0,0,4,1
628,"Law and Justice (PiS)","Law and Justice (PiS)",4,4,"unknowledgeable",7,6,7,3,4,4,4,6,6,5,"undemocratic","win",7,7,1,1,0,0,0,0,6,1
629,"Law and Justice (PiS)","Law and Justice (PiS)",2,3,"unknowledgeable",6,5,6,6,6,6,3,6,5,5,"undemocratic","lose",7,7,1,1,0,0,0,0,6,2
630,"Law and Justice (PiS)","Law and Justice (PiS)",2,2,"knowledgeable",6,5,5,4,5,3,3,4,6,5,"undemocratic","lose",7,7,2,2,0,0,0,0,6,1
631,"Civic Coalition (KO)","Civic Coalition (KO)",7,6,"unknowledgeable",5,6,7,4,5,5,4,4,6,1,"democratic","lose",4,6,2,2,2,0,0,0,4,2
633,"Civic Coalition (KO)","Civic Coalition (KO)",5,5,"knowledgeable",5,5,5,3,5,3,5,4,6,3,"undemocratic","lose",7,6,5,5,-1,0,0,0,5,4
634,"Law and Justice (PiS)","Law and Justice (PiS)",4,4,"knowledgeable",7,7,5,5,7,7,4,6,3,3,"democratic","win",6,7,1,1,1,0,0,0,5,1
635,"Civic Coalition (KO)","Civic Coalition (KO)",3,2,"knowledgeable",5,3,3,2,3,5,3,4,4,2,"democratic","win",3,6,6,2,3,-4,0,0,4,1
636,"Law and Justice (PiS)","Abstain",5,5,"knowledgeable",5,5,5,5,5,5,4,5,5,4,"undemocratic","win",6,6,5,5,0,0,0,1,4,4
637,"Civic Coalition (KO)","Civic Coalition (KO)",3,7,"knowledgeable",7,7,7,7,6,4,4,4,7,5,"democratic","win",7,7,1,1,0,0,0,0,6,1
638,"Law and Justice (PiS)","Law and Justice (PiS)",7,5,"knowledgeable",5,6,6,4,5,4,5,6,6,4,"democratic","lose",6,7,2,2,1,0,0,0,6,4
639,"Civic Coalition (KO)","Civic Coalition (KO)",1,1,"knowledgeable",7,6,7,5,3,3,5,5,7,3,"undemocratic","win",7,7,1,1,0,0,0,0,5,1
640,"Law and Justice (PiS)","Law and Justice (PiS)",6,6,"unknowledgeable",4,5,6,5,4,4,3,7,7,3,"undemocratic","win",7,7,1,1,0,0,0,0,7,1
641,"Law and Justice (PiS)","Law and Justice (PiS)",6,6,"unknowledgeable",7,6,5,4,2,4,6,6,6,2,"democratic","win",7,7,1,1,0,0,0,0,7,1
642,"Law and Justice (PiS)","Law and Justice (PiS)",4,4,"knowledgeable",7,3,4,4,5,7,5,6,7,4,"democratic","win",7,7,1,1,0,0,0,0,7,1
644,"Civic Coalition (KO)","Civic Coalition (KO)",5,4,"unknowledgeable",4,4,4,3,4,4,4,4,6,3,"undemocratic","win",3,5,1,4,2,3,0,0,5,1
645,"Civic Coalition (KO)","Civic Coalition (KO)",3,2,"knowledgeable",7,7,7,6,6,4,1,3,7,5,"undemocratic","lose",6,6,5,5,0,0,0,0,4,4
646,"Civic Coalition (KO)","Civic Coalition (KO)",4,3,"knowledgeable",7,6,7,2,7,2,5,3,7,1,"undemocratic","lose",7,6,1,1,-1,0,0,0,4,1
647,"Law and Justice (PiS)","Law and Justice (PiS)",5,5,"knowledgeable",6,7,6,6,6,6,5,6,7,5,"democratic","win",7,7,1,1,0,0,0,0,7,2
649,"Civic Coalition (KO)","Civic Coalition (KO)",1,1,"knowledgeable",5,1,1,7,7,7,2,4,4,5,"undemocratic","lose",7,7,2,1,0,-1,0,0,4,1
650,"Law and Justice (PiS)","Law and Justice (PiS)",4,3,"knowledgeable",3,4,5,5,4,6,2,4,3,1,"undemocratic","win",5,7,4,5,2,1,0,0,2,3
651,"Law and Justice (PiS)","Law and Justice (PiS)",5,5,"knowledgeable",5,4,5,3,5,5,4,4,5,3,"democratic","lose",6,6,5,4,0,-1,0,0,5,6
652,"Civic Coalition (KO)","Civic Coalition (KO)",7,7,"knowledgeable",7,7,7,4,5,3,6,3,7,4,"democratic","lose",7,7,1,1,0,0,0,0,7,1
654,"Civic Coalition (KO)","Civic Coalition (KO)",7,6,"knowledgeable",7,7,7,5,4,6,2,4,7,4,"democratic","lose",5,5,1,1,0,0,0,0,5,1
655,"Civic Coalition (KO)","Civic Coalition (KO)",7,7,"knowledgeable",7,7,7,1,7,1,5,3,7,2,"undemocratic","lose",7,7,1,1,0,0,0,0,4,1
656,"Civic Coalition (KO)","Civic Coalition (KO)",4,6,"knowledgeable",7,7,7,4,2,4,6,5,7,2,"undemocratic","lose",6,6,5,5,0,0,0,0,6,4
657,"Civic Coalition (KO)","Civic Coalition (KO)",4,4,"knowledgeable",7,7,7,2,3,3,4,3,6,5,"undemocratic","win",7,7,1,1,0,0,0,0,6,1
658,"Law and Justice (PiS)","Law and Justice (PiS)",5,6,"unknowledgeable",7,7,6,5,5,6,1,5,6,3,"democratic","win",7,7,1,1,0,0,0,0,6,1
659,"Civic Coalition (KO)","Abstain",4,4,"knowledgeable",6,6,6,6,6,6,3,4,5,2,"undemocratic","win",6,4,1,2,-2,1,0,1,1,1
660,"Civic Coalition (KO)","Civic Coalition (KO)",4,4,"knowledgeable",3,4,7,4,4,6,3,4,5,1,"undemocratic","win",7,7,1,1,0,0,0,0,5,1
661,"Civic Coalition (KO)","Civic Coalition (KO)",5,5,"knowledgeable",6,6,6,4,4,5,3,2,6,5,"undemocratic","lose",7,7,1,1,0,0,0,0,6,1
663,"Civic Coalition (KO)","Civic Coalition (KO)",4,3,"unknowledgeable",5,3,4,4,5,2,1,2,3,1,"democratic","win",2,2,7,6,0,-1,0,0,7,1
664,"Civic Coalition (KO)","Civic Coalition (KO)",4,5,"unknowledgeable",6,6,7,2,5,6,4,4,6,1,"democratic","lose",6,6,5,5,0,0,0,0,4,1
665,"Civic Coalition (KO)","Civic Coalition (KO)",4,4,"unknowledgeable",4,3,4,4,5,3,3,4,3,4,"undemocratic","lose",7,7,1,1,0,0,0,0,5,2
666,"Civic Coalition (KO)","Civic Coalition (KO)",4,4,"knowledgeable",5,6,1,4,4,4,NA,4,7,1,"undemocratic","lose",6,6,1,1,0,0,0,0,1,1
668,"Law and Justice (PiS)","Law and Justice (PiS)",1,7,"knowledgeable",7,7,3,5,4,4,4,5,6,5,"democratic","lose",7,7,1,1,0,0,0,0,5,2
669,"Law and Justice (PiS)","Law and Justice (PiS)",2,4,"knowledgeable",6,6,7,5,5,4,3,4,6,5,"undemocratic","win",7,7,2,2,0,0,0,0,5,2
670,"Civic Coalition (KO)","Civic Coalition (KO)",5,5,"knowledgeable",7,7,7,1,4,1,6,4,6,2,"democratic","lose",7,7,1,1,0,0,0,0,5,1
671,"Civic Coalition (KO)","Civic Coalition (KO)",4,4,"knowledgeable",7,2,7,5,5,3,6,4,6,4,"democratic","lose",4,4,4,4,0,0,0,0,4,5
672,"Civic Coalition (KO)","Civic Coalition (KO)",4,4,"knowledgeable",4,4,7,4,7,4,6,4,7,3,"undemocratic","win",7,7,1,1,0,0,0,0,6,1
673,"Law and Justice (PiS)","Law and Justice (PiS)",5,4,"knowledgeable",7,7,7,4,7,2,NA,6,6,3,"democratic","win",6,6,5,5,0,0,0,0,5,4
674,"Civic Coalition (KO)","Civic Coalition (KO)",4,4,"knowledgeable",7,7,7,5,4,1,5,7,6,3,"undemocratic","lose",1,1,1,1,0,0,0,0,2,1
675,"Civic Coalition (KO)","Civic Coalition (KO)",4,4,"unknowledgeable",4,3,1,3,5,4,6,2,7,2,"democratic","win",6,6,1,1,0,0,0,0,5,1
676,"Civic Coalition (KO)","Civic Coalition (KO)",5,6,"unknowledgeable",5,6,1,2,7,2,2,4,4,1,"democratic","lose",6,6,1,1,0,0,0,0,4,1
677,"Civic Coalition (KO)","Civic Coalition (KO)",6,7,"knowledgeable",7,5,7,1,7,2,NA,5,6,1,"democratic","lose",6,6,1,1,0,0,0,0,5,1
678,"Civic Coalition (KO)","Civic Coalition (KO)",5,3,"knowledgeable",5,3,5,5,5,4,6,4,6,1,"democratic","win",4,5,2,3,1,1,0,0,3,1
679,"Civic Coalition (KO)","Civic Coalition (KO)",4,5,"knowledgeable",4,5,6,6,4,5,6,2,6,1,"undemocratic","lose",7,6,2,3,-1,1,0,0,6,2
680,"Civic Coalition (KO)","Civic Coalition (KO)",2,2,"unknowledgeable",7,7,7,3,3,4,2,3,7,5,"undemocratic","win",6,6,1,1,0,0,0,0,4,1
681,"Civic Coalition (KO)","Civic Coalition (KO)",2,2,"knowledgeable",7,6,7,4,4,2,4,2,6,1,"undemocratic","win",6,5,1,2,-1,1,0,0,4,2
682,"Civic Coalition (KO)","Civic Coalition (KO)",2,2,"knowledgeable",7,7,7,1,1,1,6,3,7,5,"undemocratic","lose",6,6,1,1,0,0,0,0,5,1
683,"Law and Justice (PiS)","Law and Justice (PiS)",6,5,"knowledgeable",6,6,6,6,6,6,4,5,5,3,"democratic","lose",7,7,1,2,0,1,0,0,6,2
684,"Law and Justice (PiS)","Abstain",2,4,"knowledgeable",6,6,6,2,2,2,NA,6,4,2,"undemocratic","win",6,4,1,4,-2,3,0,1,3,1
686,"Civic Coalition (KO)","Civic Coalition (KO)",5,5,"knowledgeable",1,2,2,7,2,7,3,4,7,4,"democratic","win",7,7,1,1,0,0,0,0,4,2
687,"Civic Coalition (KO)","Civic Coalition (KO)",7,7,"knowledgeable",7,7,7,6,7,2,5,2,7,1,"democratic","lose",7,7,2,2,0,0,0,0,4,1
688,"Law and Justice (PiS)","Law and Justice (PiS)",6,6,"unknowledgeable",6,5,6,3,6,5,NA,6,6,5,"undemocratic","lose",7,7,1,1,0,0,0,0,7,1
690,"Civic Coalition (KO)","Law and Justice (PiS)",1,1,"knowledgeable",6,6,5,4,2,2,5,5,5,1,"democratic","win",1,1,1,6,0,5,1,0,2,1
691,"Civic Coalition (KO)","Civic Coalition (KO)",4,3,"unknowledgeable",5,5,7,6,5,5,2,4,6,1,"undemocratic","win",7,6,2,2,-1,0,0,0,5,1
694,"Law and Justice (PiS)","Civic Coalition (KO)",3,3,"knowledgeable",5,3,2,4,5,2,4,4,6,2,"undemocratic","win",6,4,5,5,-2,0,1,0,4,3
695,"Law and Justice (PiS)","Law and Justice (PiS)",4,4,"knowledgeable",3,6,5,5,5,5,6,4,4,2,"democratic","win",6,6,5,4,0,-1,0,0,4,4
696,"Civic Coalition (KO)","Civic Coalition (KO)",4,3,"unknowledgeable",7,6,6,4,6,2,3,3,6,2,"undemocratic","win",6,6,1,1,0,0,0,0,4,1
697,"Civic Coalition (KO)","Civic Coalition (KO)",7,6,"unknowledgeable",5,5,1,5,4,2,NA,4,7,2,"democratic","lose",7,7,1,1,0,0,0,0,4,1
698,"Civic Coalition (KO)","Civic Coalition (KO)",4,4,"knowledgeable",2,2,3,2,5,2,4,3,6,1,"democratic","win",7,7,1,1,0,0,0,0,5,1
699,"Civic Coalition (KO)","Civic Coalition (KO)",5,4,"unknowledgeable",5,5,6,5,4,4,2,4,6,4,"undemocratic","lose",6,6,3,2,0,-1,0,0,5,3
700,"Civic Coalition (KO)","Civic Coalition (KO)",7,4,"knowledgeable",6,7,7,4,5,3,4,2,7,5,"democratic","lose",6,6,1,1,0,0,0,0,5,1
701,"Law and Justice (PiS)","Law and Justice (PiS)",4,5,"knowledgeable",1,5,7,4,5,6,3,5,4,5,"undemocratic","lose",6,6,1,2,0,1,0,0,5,4
702,"Civic Coalition (KO)","Civic Coalition (KO)",5,4,"unknowledgeable",4,4,4,4,4,4,4,4,6,2,"democratic","win",6,6,5,5,0,0,0,0,4,2
703,"Law and Justice (PiS)","Law and Justice (PiS)",6,3,"unknowledgeable",4,3,2,4,4,3,6,6,6,3,"undemocratic","win",6,4,4,5,-2,1,0,0,4,2
704,"Law and Justice (PiS)","Law and Justice (PiS)",7,6,"knowledgeable",7,6,6,6,5,6,2,6,6,5,"undemocratic","win",7,7,1,1,0,0,0,0,6,1
705,"Civic Coalition (KO)","Civic Coalition (KO)",5,5,"unknowledgeable",5,5,7,5,4,5,4,2,4,4,"democratic","lose",7,6,2,5,-1,3,0,0,4,1
706,"Civic Coalition (KO)","Civic Coalition (KO)",1,2,"knowledgeable",4,6,6,2,2,2,6,3,6,5,"undemocratic","lose",6,4,2,2,-2,0,0,0,6,1
707,"Civic Coalition (KO)","Civic Coalition (KO)",6,5,"knowledgeable",5,1,7,2,6,2,3,3,6,4,"democratic","win",5,6,1,1,1,0,0,0,4,1
708,"Civic Coalition (KO)","Civic Coalition (KO)",3,4,"unknowledgeable",4,5,6,5,5,5,3,2,5,4,"democratic","win",6,3,3,4,-3,1,0,0,6,4
709,"Law and Justice (PiS)","Law and Justice (PiS)",5,5,"knowledgeable",6,6,7,3,3,3,4,6,6,4,"undemocratic","lose",7,7,2,2,0,0,0,0,7,1
711,"Civic Coalition (KO)","Civic Coalition (KO)",5,5,"knowledgeable",6,5,4,4,3,3,3,4,6,3,"democratic","lose",6,6,5,5,0,0,0,0,5,1
712,"Law and Justice (PiS)","Law and Justice (PiS)",2,2,"knowledgeable",7,6,7,6,4,4,5,6,6,5,"undemocratic","win",7,6,1,1,-1,0,0,0,6,2
713,"Civic Coalition (KO)","Civic Coalition (KO)",3,2,"knowledgeable",7,5,6,3,3,5,4,3,6,5,"democratic","win",7,6,2,2,-1,0,0,0,6,1
714,"Civic Coalition (KO)","Civic Coalition (KO)",4,4,"knowledgeable",7,7,7,7,7,5,6,4,6,5,"undemocratic","lose",5,7,1,1,2,0,0,0,3,1
715,"Civic Coalition (KO)","Civic Coalition (KO)",6,6,"knowledgeable",5,3,2,5,5,2,5,3,6,1,"democratic","lose",6,6,2,2,0,0,0,0,5,1
716,"Law and Justice (PiS)","Law and Justice (PiS)",6,6,"knowledgeable",7,6,7,6,7,6,3,6,3,5,"undemocratic","win",7,7,1,1,0,0,0,0,6,1
717,"Civic Coalition (KO)","Civic Coalition (KO)",2,2,"knowledgeable",7,6,7,2,1,2,6,4,7,3,"undemocratic","win",6,5,2,2,-1,0,0,0,3,1
718,"Law and Justice (PiS)","Law and Justice (PiS)",3,3,"knowledgeable",7,3,6,3,6,3,2,5,5,5,"undemocratic","win",7,6,1,1,-1,0,0,0,5,1
719,"Civic Coalition (KO)","Civic Coalition (KO)",1,2,"knowledgeable",5,6,6,5,3,3,3,5,6,5,"undemocratic","lose",7,7,2,2,0,0,0,0,5,1
720,"Civic Coalition (KO)","Civic Coalition (KO)",4,4,"knowledgeable",2,4,7,3,6,4,6,4,6,3,"democratic","win",7,7,1,1,0,0,0,0,3,1
721,"Law and Justice (PiS)","Law and Justice (PiS)",5,4,"unknowledgeable",4,2,4,1,4,3,5,2,7,2,"undemocratic","lose",2,7,5,4,5,-1,0,0,6,4
722,"Civic Coalition (KO)","Civic Coalition (KO)",7,6,"knowledgeable",7,7,7,1,1,1,3,4,7,3,"democratic","lose",7,7,1,1,0,0,0,0,5,1
723,"Civic Coalition (KO)","Civic Coalition (KO)",6,5,"unknowledgeable",6,1,7,7,6,6,2,4,7,5,"undemocratic","win",7,7,1,1,0,0,0,0,4,1
724,"Civic Coalition (KO)","Civic Coalition (KO)",4,4,"knowledgeable",4,5,5,4,1,5,6,6,2,4,"democratic","win",4,4,4,4,0,0,0,0,1,1
725,"Civic Coalition (KO)","Civic Coalition (KO)",4,4,"unknowledgeable",3,1,4,4,4,4,2,3,7,3,"democratic","lose",7,7,1,1,0,0,0,0,6,1
726,"Civic Coalition (KO)","Civic Coalition (KO)",5,5,"knowledgeable",7,6,6,4,1,1,NA,4,6,2,"democratic","lose",7,6,1,1,-1,0,0,0,5,1
727,"Civic Coalition (KO)","Civic Coalition (KO)",1,2,"knowledgeable",6,5,2,5,5,2,4,4,3,3,"undemocratic","lose",6,7,3,1,1,-2,0,0,3,5
728,"Civic Coalition (KO)","Civic Coalition (KO)",4,3,"unknowledgeable",4,4,7,3,5,4,5,5,6,2,"undemocratic","win",4,4,4,4,0,0,0,0,1,2
729,"Civic Coalition (KO)","Civic Coalition (KO)",6,6,"knowledgeable",7,7,7,2,2,2,5,2,7,4,"democratic","lose",6,7,1,1,1,0,0,0,6,1
730,"Civic Coalition (KO)","Civic Coalition (KO)",4,4,"unknowledgeable",7,5,7,4,3,4,6,4,7,2,"undemocratic","win",4,4,4,4,0,0,0,0,5,3
731,"Law and Justice (PiS)","Law and Justice (PiS)",3,4,"knowledgeable",7,7,7,7,7,7,1,6,7,5,"undemocratic","win",7,7,1,1,0,0,0,0,7,1
732,"Civic Coalition (KO)","Civic Coalition (KO)",1,5,"knowledgeable",7,7,7,4,6,7,2,2,7,5,"undemocratic","lose",7,7,1,1,0,0,0,0,6,1
733,"Civic Coalition (KO)","Civic Coalition (KO)",6,6,"knowledgeable",7,7,7,5,6,3,NA,4,6,2,"democratic","lose",6,7,1,1,1,0,0,0,5,1
734,"Law and Justice (PiS)","Law and Justice (PiS)",4,5,"knowledgeable",7,7,6,6,5,6,2,4,7,3,"undemocratic","lose",7,7,1,1,0,0,0,0,5,1
735,"Civic Coalition (KO)","Civic Coalition (KO)",4,3,"knowledgeable",5,4,5,5,4,4,NA,4,6,2,"undemocratic","win",6,7,1,1,1,0,0,0,5,1
736,"Law and Justice (PiS)","Law and Justice (PiS)",3,4,"knowledgeable",5,4,3,5,5,5,4,5,6,2,"democratic","win",7,6,5,5,-1,0,0,0,6,4
737,"Law and Justice (PiS)","Law and Justice (PiS)",4,4,"unknowledgeable",1,2,7,1,6,4,1,1,3,5,"democratic","win",1,4,1,2,3,1,0,0,6,4
738,"Civic Coalition (KO)","Civic Coalition (KO)",1,1,"knowledgeable",7,7,7,6,6,5,3,1,7,2,"undemocratic","lose",1,7,6,1,6,-5,0,0,5,1
739,"Law and Justice (PiS)","Law and Justice (PiS)",5,5,"knowledgeable",4,5,5,5,6,4,1,4,6,2,"democratic","lose",6,6,5,5,0,0,0,0,3,4
740,"Civic Coalition (KO)","Civic Coalition (KO)",5,5,"knowledgeable",7,6,5,4,3,5,3,3,6,5,"democratic","lose",6,6,1,1,0,0,0,0,6,1
741,"Civic Coalition (KO)","Civic Coalition (KO)",4,3,"knowledgeable",6,5,7,5,1,3,2,4,6,5,"undemocratic","lose",6,2,2,6,-4,4,0,0,5,2
742,"Civic Coalition (KO)","Civic Coalition (KO)",2,2,"unknowledgeable",1,1,1,1,1,1,2,4,7,3,"undemocratic","win",7,7,1,1,0,0,0,0,4,1
743,"Civic Coalition (KO)","Civic Coalition (KO)",4,3,"knowledgeable",5,5,7,4,5,5,4,3,5,2,"democratic","win",6,6,1,1,0,0,0,0,4,1
744,"Civic Coalition (KO)","Civic Coalition (KO)",4,4,"knowledgeable",1,5,1,5,7,1,4,4,6,2,"democratic","win",6,6,1,1,0,0,0,0,4,1
745,"Civic Coalition (KO)","Civic Coalition (KO)",4,4,"knowledgeable",7,7,7,1,7,1,6,4,6,2,"undemocratic","lose",6,6,5,5,0,0,0,0,4,3
746,"Civic Coalition (KO)","Civic Coalition (KO)",7,6,"knowledgeable",7,6,7,7,7,5,3,4,5,2,"democratic","lose",7,7,5,1,0,-4,0,0,5,1
747,"Law and Justice (PiS)","Law and Justice (PiS)",5,5,"unknowledgeable",7,6,6,6,7,6,2,2,7,3,"undemocratic","win",7,7,3,5,0,2,0,0,7,4
749,"Civic Coalition (KO)","Civic Coalition (KO)",3,2,"unknowledgeable",7,7,7,6,5,6,1,2,4,1,"undemocratic","win",6,4,5,3,-2,-2,0,0,4,3
750,"Civic Coalition (KO)","Civic Coalition (KO)",6,6,"knowledgeable",1,6,7,2,2,2,4,3,6,5,"democratic","lose",7,7,1,1,0,0,0,0,6,2
751,"Law and Justice (PiS)","Civic Coalition (KO)",5,6,"unknowledgeable",6,6,6,7,7,6,4,4,4,2,"undemocratic","win",6,6,4,4,0,0,1,0,5,5
752,"Civic Coalition (KO)","Civic Coalition (KO)",3,4,"unknowledgeable",6,6,6,5,5,6,4,4,4,3,"undemocratic","win",7,7,5,5,0,0,0,0,4,4
753,"Law and Justice (PiS)","Law and Justice (PiS)",5,5,"knowledgeable",7,7,7,5,6,7,5,6,7,5,"democratic","win",7,7,1,1,0,0,0,0,6,1
754,"Law and Justice (PiS)","Law and Justice (PiS)",5,4,"knowledgeable",7,3,7,6,7,3,2,6,7,5,"democratic","win",7,7,1,1,0,0,0,0,7,1
756,"Law and Justice (PiS)","Law and Justice (PiS)",4,4,"unknowledgeable",4,5,4,4,3,4,2,5,4,2,"undemocratic","lose",4,4,4,4,0,0,0,0,5,4
758,"Civic Coalition (KO)","Civic Coalition (KO)",3,2,"knowledgeable",7,7,7,4,5,3,2,3,6,2,"undemocratic","win",5,5,2,2,0,0,0,0,4,1
759,"Law and Justice (PiS)","Law and Justice (PiS)",4,4,"knowledgeable",7,7,7,1,4,2,4,6,7,5,"undemocratic","lose",7,7,1,1,0,0,0,0,6,1
761,"Civic Coalition (KO)","Civic Coalition (KO)",3,3,"knowledgeable",6,5,6,4,3,4,4,3,7,5,"undemocratic","lose",7,7,1,1,0,0,0,0,5,1
762,"Civic Coalition (KO)","Civic Coalition (KO)",6,6,"unknowledgeable",6,6,1,4,5,3,4,3,7,3,"democratic","win",6,6,1,2,0,1,0,0,3,1
764,"Civic Coalition (KO)","Civic Coalition (KO)",5,5,"unknowledgeable",7,7,7,1,1,2,2,5,7,5,"democratic","win",7,7,1,1,0,0,0,0,5,1
765,"Law and Justice (PiS)","Law and Justice (PiS)",6,6,"knowledgeable",6,6,6,5,5,4,4,5,6,3,"democratic","lose",7,7,1,1,0,0,0,0,5,1
766,"Civic Coalition (KO)","Civic Coalition (KO)",5,5,"knowledgeable",6,6,7,6,3,6,6,5,6,5,"democratic","win",7,6,1,1,-1,0,0,0,6,1
768,"Civic Coalition (KO)","Civic Coalition (KO)",2,3,"knowledgeable",6,6,6,3,4,3,2,3,6,3,"undemocratic","win",6,6,2,2,0,0,0,0,5,1
769,"Law and Justice (PiS)","Law and Justice (PiS)",1,1,"knowledgeable",1,6,7,3,6,6,4,4,6,4,"undemocratic","lose",7,7,1,1,0,0,0,0,7,2
770,"Civic Coalition (KO)","Civic Coalition (KO)",4,4,"unknowledgeable",5,5,4,4,4,4,4,5,4,2,"undemocratic","win",7,7,2,1,0,-1,0,0,5,1
772,"Civic Coalition (KO)","Civic Coalition (KO)",7,6,"knowledgeable",7,6,7,7,6,6,5,4,7,4,"democratic","lose",6,6,1,1,0,0,0,0,4,1
773,"Law and Justice (PiS)","Law and Justice (PiS)",7,6,"knowledgeable",7,7,7,5,7,6,5,7,7,5,"undemocratic","lose",7,7,1,1,0,0,0,0,7,1
774,"Civic Coalition (KO)","Civic Coalition (KO)",5,3,"knowledgeable",4,4,4,5,4,4,4,4,7,3,"undemocratic","win",7,7,1,1,0,0,0,0,6,1
775,"Law and Justice (PiS)","Law and Justice (PiS)",5,5,"unknowledgeable",5,5,5,1,2,5,4,5,4,2,"democratic","win",7,4,3,6,-3,3,0,0,6,4
777,"Civic Coalition (KO)","Civic Coalition (KO)",3,4,"knowledgeable",7,7,7,4,6,4,3,2,7,4,"undemocratic","lose",6,6,1,1,0,0,0,0,5,1
778,"Civic Coalition (KO)","Civic Coalition (KO)",1,1,"knowledgeable",7,7,7,4,4,2,4,3,7,5,"undemocratic","win",7,7,1,1,0,0,0,0,7,1
779,"Civic Coalition (KO)","Civic Coalition (KO)",6,5,"knowledgeable",5,5,5,4,5,4,5,4,5,2,"democratic","lose",6,6,5,5,0,0,0,0,4,3
781,"Civic Coalition (KO)","Civic Coalition (KO)",1,2,"knowledgeable",7,7,7,7,7,1,2,3,7,4,"democratic","win",7,1,1,1,-6,0,0,0,7,1
782,"Civic Coalition (KO)","Civic Coalition (KO)",4,4,"unknowledgeable",4,5,6,5,5,4,1,3,4,2,"democratic","win",7,7,1,1,0,0,0,0,7,1
783,"Civic Coalition (KO)","Civic Coalition (KO)",4,4,"knowledgeable",6,5,6,6,6,7,3,3,6,5,"undemocratic","lose",7,7,1,1,0,0,0,0,5,1
784,"Law and Justice (PiS)","Law and Justice (PiS)",4,4,"unknowledgeable",5,4,5,5,4,4,2,4,4,2,"undemocratic","win",4,4,4,4,0,0,0,0,5,4
785,"Law and Justice (PiS)","Law and Justice (PiS)",7,7,"knowledgeable",7,7,7,7,6,7,NA,4,6,4,"democratic","lose",7,7,1,1,0,0,0,0,6,1
786,"Civic Coalition (KO)","Civic Coalition (KO)",3,4,"unknowledgeable",3,4,4,4,4,4,3,3,3,2,"undemocratic","lose",4,5,4,3,1,-1,0,0,4,1
787,"Civic Coalition (KO)","Civic Coalition (KO)",3,3,"unknowledgeable",5,3,2,3,3,5,2,2,7,1,"democratic","lose",5,6,1,3,1,2,0,0,5,1
789,"Civic Coalition (KO)","Civic Coalition (KO)",3,3,"knowledgeable",6,5,7,6,3,1,NA,5,6,3,"democratic","win",7,7,1,1,0,0,0,0,5,2
790,"Law and Justice (PiS)","Law and Justice (PiS)",4,5,"knowledgeable",4,4,5,4,4,4,2,2,2,2,"undemocratic","lose",7,4,1,3,-3,2,0,0,6,1
791,"Civic Coalition (KO)","Civic Coalition (KO)",6,4,"knowledgeable",7,6,5,4,5,3,5,4,6,3,"democratic","lose",6,6,2,2,0,0,0,0,5,1
792,"Law and Justice (PiS)","Law and Justice (PiS)",5,4,"knowledgeable",7,5,6,5,4,5,4,6,7,2,"democratic","lose",6,7,5,5,1,0,0,0,6,2
793,"Law and Justice (PiS)","Law and Justice (PiS)",4,3,"knowledgeable",5,4,3,4,5,6,5,4,4,3,"undemocratic","win",6,6,5,5,0,0,0,0,5,2
794,"Law and Justice (PiS)","Law and Justice (PiS)",4,5,"knowledgeable",6,5,6,4,5,3,6,4,6,3,"democratic","win",6,6,2,3,0,1,0,0,4,2
795,"Civic Coalition (KO)","Civic Coalition (KO)",4,4,"knowledgeable",5,4,4,4,4,4,4,1,6,4,"undemocratic","lose",6,6,1,1,0,0,0,0,5,1
797,"Civic Coalition (KO)","Civic Coalition (KO)",6,4,"unknowledgeable",7,5,7,7,6,4,5,4,6,3,"undemocratic","lose",1,4,4,4,3,0,0,0,4,1
798,"Law and Justice (PiS)","Law and Justice (PiS)",6,6,"unknowledgeable",6,5,7,5,4,6,4,6,6,3,"undemocratic","win",7,7,1,1,0,0,0,0,6,1
799,"Civic Coalition (KO)","Civic Coalition (KO)",4,5,"knowledgeable",5,5,5,4,4,4,5,2,6,4,"democratic","win",7,7,1,1,0,0,0,0,4,1
800,"Civic Coalition (KO)","Civic Coalition (KO)",3,5,"knowledgeable",7,7,5,3,3,4,4,3,5,4,"democratic","lose",4,3,1,1,-1,0,0,0,4,1
801,"Civic Coalition (KO)","Civic Coalition (KO)",4,4,"knowledgeable",5,4,5,4,5,4,3,4,7,4,"undemocratic","win",6,6,2,2,0,0,0,0,4,4
802,"Civic Coalition (KO)","Civic Coalition (KO)",6,5,"knowledgeable",7,7,7,6,6,6,6,4,6,3,"democratic","lose",4,7,4,4,3,0,0,0,4,4
803,"Law and Justice (PiS)","Law and Justice (PiS)",6,6,"unknowledgeable",7,7,7,7,7,7,6,4,7,4,"undemocratic","win",7,7,6,6,0,0,0,0,7,6
807,"Civic Coalition (KO)","Civic Coalition (KO)",3,4,"knowledgeable",6,5,7,6,5,4,1,2,7,5,"undemocratic","lose",7,7,1,1,0,0,0,0,7,1
808,"Civic Coalition (KO)","Civic Coalition (KO)",5,4,"knowledgeable",5,5,5,5,5,5,NA,4,7,4,"democratic","win",7,6,1,1,-1,0,0,0,6,1
809,"Civic Coalition (KO)","Civic Coalition (KO)",4,4,"knowledgeable",7,5,7,5,6,5,6,4,7,4,"undemocratic","win",7,7,1,1,0,0,0,0,7,1
810,"Civic Coalition (KO)","Civic Coalition (KO)",4,4,"knowledgeable",3,3,3,3,7,3,4,4,6,4,"democratic","win",6,6,1,1,0,0,0,0,7,1
811,"Law and Justice (PiS)","Law and Justice (PiS)",4,4,"knowledgeable",6,5,5,5,5,4,4,5,2,5,"undemocratic","lose",6,6,1,1,0,0,0,0,5,1
812,"Civic Coalition (KO)","Civic Coalition (KO)",5,4,"unknowledgeable",1,1,1,5,6,5,5,4,7,2,"democratic","win",3,5,4,2,2,-2,0,0,4,3
813,"Civic Coalition (KO)","Civic Coalition (KO)",7,7,"knowledgeable",4,4,7,2,5,5,5,4,6,2,"democratic","lose",6,6,1,1,0,0,0,0,6,1
814,"Civic Coalition (KO)","Abstain",4,5,"unknowledgeable",4,3,2,4,5,4,3,3,6,4,"undemocratic","win",6,4,3,4,-2,1,0,1,4,1
815,"Law and Justice (PiS)","Law and Justice (PiS)",6,7,"knowledgeable",7,3,7,7,5,5,4,5,6,3,"undemocratic","lose",7,7,1,1,0,0,0,0,7,1
816,"Law and Justice (PiS)","Law and Justice (PiS)",6,5,"knowledgeable",6,5,5,5,5,5,4,6,6,4,"democratic","lose",6,6,2,2,0,0,0,0,6,3
817,"Law and Justice (PiS)","Law and Justice (PiS)",3,3,"knowledgeable",3,5,5,3,3,5,4,5,6,3,"undemocratic","lose",6,6,2,3,0,1,0,0,5,1
818,"Law and Justice (PiS)","Law and Justice (PiS)",4,1,"unknowledgeable",5,5,5,6,6,6,1,4,4,5,"democratic","lose",7,6,3,3,-1,0,0,0,5,4
819,"Civic Coalition (KO)","Civic Coalition (KO)",2,2,"knowledgeable",7,6,7,6,5,2,1,2,6,1,"democratic","win",6,6,1,2,0,1,0,0,1,1
820,"Law and Justice (PiS)","Law and Justice (PiS)",4,3,"knowledgeable",3,5,6,3,5,5,3,4,2,3,"democratic","win",5,5,5,5,0,0,0,0,3,2
821,"Law and Justice (PiS)","Law and Justice (PiS)",5,3,"knowledgeable",7,6,7,7,7,4,4,2,6,3,"undemocratic","win",7,7,2,3,0,1,0,0,7,1
822,"Law and Justice (PiS)","Civic Coalition (KO)",2,5,"unknowledgeable",3,5,5,5,3,4,3,3,4,3,"democratic","lose",6,5,4,3,-1,-1,1,0,1,5
823,"Civic Coalition (KO)","Civic Coalition (KO)",4,4,"knowledgeable",5,2,6,4,5,5,5,4,7,5,"undemocratic","win",7,7,1,1,0,0,0,0,5,1
824,"Civic Coalition (KO)","Civic Coalition (KO)",4,5,"knowledgeable",1,5,7,2,4,3,1,3,7,4,"undemocratic","lose",7,7,1,1,0,0,0,0,5,2
825,"Civic Coalition (KO)","Abstain",4,5,"unknowledgeable",3,6,7,6,7,6,NA,3,4,3,"undemocratic","lose",4,4,4,4,0,0,0,1,3,2
826,"Civic Coalition (KO)","Civic Coalition (KO)",5,6,"knowledgeable",7,7,7,1,1,1,4,7,7,3,"democratic","win",7,4,1,1,-3,0,0,0,3,1
827,"Law and Justice (PiS)","Law and Justice (PiS)",5,5,"knowledgeable",6,6,6,6,5,6,3,6,6,5,"undemocratic","win",7,7,1,1,0,0,0,0,6,3
828,"Civic Coalition (KO)","Civic Coalition (KO)",7,7,"knowledgeable",7,7,7,6,6,6,5,3,7,5,"democratic","lose",5,6,1,1,1,0,0,0,4,1
829,"Law and Justice (PiS)","Law and Justice (PiS)",4,3,"unknowledgeable",6,5,3,6,5,6,4,6,6,2,"democratic","win",6,6,2,3,0,1,0,0,5,3
830,"Law and Justice (PiS)","Law and Justice (PiS)",4,6,"knowledgeable",7,4,1,1,1,1,5,6,6,2,"undemocratic","win",7,7,1,1,0,0,0,0,6,1
832,"Law and Justice (PiS)","Law and Justice (PiS)",3,3,"knowledgeable",5,5,6,5,5,4,4,4,3,2,"democratic","lose",4,3,6,5,-1,-1,0,0,6,5
833,"Law and Justice (PiS)","Abstain",4,3,"knowledgeable",6,4,7,4,7,3,2,4,3,2,"undemocratic","lose",6,4,4,4,-2,0,0,1,5,5
834,"Law and Justice (PiS)","Law and Justice (PiS)",4,4,"unknowledgeable",5,6,6,6,5,6,4,6,6,4,"democratic","win",5,4,3,5,-1,2,0,0,4,2
835,"Law and Justice (PiS)","Law and Justice (PiS)",2,3,"knowledgeable",4,5,3,2,4,3,4,5,6,3,"undemocratic","win",7,7,1,1,0,0,0,0,2,1
836,"Law and Justice (PiS)","Law and Justice (PiS)",5,5,"knowledgeable",5,6,7,5,6,6,4,6,6,5,"undemocratic","win",7,7,1,1,0,0,0,0,5,1
837,"Civic Coalition (KO)","Civic Coalition (KO)",5,5,"knowledgeable",6,3,6,6,6,6,2,2,6,4,"democratic","lose",7,7,1,1,0,0,0,0,6,1
839,"Law and Justice (PiS)","Law and Justice (PiS)",7,7,"knowledgeable",7,7,1,7,7,7,5,7,5,5,"undemocratic","lose",7,7,1,1,0,0,0,0,7,1
840,"Law and Justice (PiS)","Law and Justice (PiS)",4,5,"knowledgeable",5,6,6,6,6,4,3,5,6,1,"democratic","lose",4,4,2,7,0,5,0,0,7,6
841,"Civic Coalition (KO)","Civic Coalition (KO)",4,3,"knowledgeable",7,6,7,2,4,2,5,3,6,5,"democratic","win",7,7,1,1,0,0,0,0,6,1
842,"Law and Justice (PiS)","Law and Justice (PiS)",4,6,"knowledgeable",7,6,7,6,6,5,4,4,6,3,"undemocratic","win",6,7,2,1,1,-1,0,0,4,1
844,"Civic Coalition (KO)","Abstain",6,6,"knowledgeable",6,5,7,6,5,5,4,4,6,4,"democratic","lose",6,4,4,4,-2,0,0,1,6,4
845,"Law and Justice (PiS)","Abstain",3,3,"knowledgeable",7,6,7,3,3,3,3,6,6,2,"democratic","win",6,5,2,5,-1,3,0,1,4,3
846,"Law and Justice (PiS)","Law and Justice (PiS)",6,4,"knowledgeable",5,5,6,5,6,5,NA,6,5,3,"undemocratic","lose",7,7,1,1,0,0,0,0,6,1
847,"Law and Justice (PiS)","Law and Justice (PiS)",4,5,"knowledgeable",7,7,7,1,2,5,4,4,6,5,"undemocratic","lose",7,7,2,3,0,1,0,0,5,1
848,"Law and Justice (PiS)","Law and Justice (PiS)",5,5,"unknowledgeable",4,3,3,3,3,4,3,3,1,4,"democratic","win",5,7,7,1,2,-6,0,0,4,4
849,"Law and Justice (PiS)","Law and Justice (PiS)",4,4,"knowledgeable",4,5,4,4,4,5,NA,6,4,1,"undemocratic","win",7,7,7,7,0,0,0,0,5,5
850,"Law and Justice (PiS)","Law and Justice (PiS)",2,3,"knowledgeable",6,6,6,5,4,2,6,5,6,5,"democratic","win",7,6,2,3,-1,1,0,0,5,2
851,"Law and Justice (PiS)","Law and Justice (PiS)",4,4,"unknowledgeable",5,4,4,4,4,4,NA,4,5,2,"undemocratic","win",4,6,4,2,2,-2,0,0,5,2
852,"Law and Justice (PiS)","Law and Justice (PiS)",5,5,"knowledgeable",7,4,7,5,5,7,4,7,5,4,"undemocratic","lose",6,6,5,5,0,0,0,0,3,1
853,"Civic Coalition (KO)","Civic Coalition (KO)",5,5,"knowledgeable",5,4,4,5,5,1,2,2,6,5,"democratic","lose",6,6,1,1,0,0,0,0,4,2
854,"Law and Justice (PiS)","Law and Justice (PiS)",6,6,"knowledgeable",6,4,7,4,6,5,1,4,6,4,"democratic","lose",7,7,1,1,0,0,0,0,7,1
855,"Civic Coalition (KO)","Civic Coalition (KO)",1,1,"knowledgeable",4,6,1,1,1,2,NA,3,7,4,"undemocratic","win",1,7,1,1,6,0,0,0,1,1
856,"Law and Justice (PiS)","Abstain",4,4,"unknowledgeable",5,4,5,5,4,3,2,4,4,5,"democratic","win",6,4,2,4,-2,2,0,1,4,3
858,"Civic Coalition (KO)","Civic Coalition (KO)",2,2,"knowledgeable",5,5,6,5,4,5,4,3,6,5,"undemocratic","lose",6,6,1,2,0,1,0,0,4,2
859,"Law and Justice (PiS)","Law and Justice (PiS)",6,6,"knowledgeable",7,7,7,7,7,7,5,5,6,5,"democratic","lose",7,7,1,1,0,0,0,0,7,1
860,"Law and Justice (PiS)","Law and Justice (PiS)",5,5,"unknowledgeable",5,4,5,5,5,4,1,6,5,5,"undemocratic","win",7,6,3,3,-1,0,0,0,5,1
861,"Law and Justice (PiS)","Law and Justice (PiS)",2,2,"knowledgeable",6,6,5,6,4,6,NA,6,3,1,"undemocratic","lose",7,7,1,1,0,0,0,0,4,2
862,"Civic Coalition (KO)","Civic Coalition (KO)",4,4,"unknowledgeable",5,3,3,6,3,6,NA,4,7,1,"undemocratic","lose",4,4,4,4,0,0,0,0,4,1
864,"Law and Justice (PiS)","Law and Justice (PiS)",5,3,"unknowledgeable",4,5,5,3,3,6,2,5,3,3,"democratic","win",5,5,1,1,0,0,0,0,6,1
865,"Civic Coalition (KO)","Civic Coalition (KO)",6,6,"unknowledgeable",7,7,7,7,7,7,3,4,6,3,"democratic","win",7,7,1,1,0,0,0,0,6,1
866,"Law and Justice (PiS)","Law and Justice (PiS)",5,5,"knowledgeable",5,5,5,5,5,4,5,6,6,4,"undemocratic","lose",7,7,1,1,0,0,0,0,7,1
867,"Law and Justice (PiS)","Law and Justice (PiS)",5,5,"knowledgeable",5,7,6,4,4,7,5,4,6,4,"democratic","win",6,6,2,2,0,0,0,0,6,3
868,"Law and Justice (PiS)","Law and Justice (PiS)",4,4,"unknowledgeable",7,5,7,5,5,5,3,5,7,2,"undemocratic","lose",7,7,1,1,0,0,0,0,7,4
869,"Civic Coalition (KO)","Civic Coalition (KO)",7,7,"knowledgeable",7,7,7,7,7,3,1,3,7,5,"democratic","lose",7,7,1,1,0,0,0,0,6,1
870,"Civic Coalition (KO)","Civic Coalition (KO)",3,2,"unknowledgeable",7,6,7,4,4,6,3,3,6,4,"democratic","win",7,7,1,1,0,0,0,0,6,1
871,"Law and Justice (PiS)","Abstain",3,2,"knowledgeable",6,7,6,3,3,3,5,5,6,2,"undemocratic","win",6,5,5,5,-1,0,0,1,5,4
872,"Law and Justice (PiS)","Law and Justice (PiS)",4,4,"knowledgeable",7,6,7,4,1,7,5,6,6,4,"undemocratic","lose",7,7,3,1,0,-2,0,0,7,2
873,"Civic Coalition (KO)","Civic Coalition (KO)",5,5,"knowledgeable",7,7,7,3,5,5,2,3,7,4,"undemocratic","lose",7,6,2,2,-1,0,0,0,6,1
874,"Law and Justice (PiS)","Law and Justice (PiS)",7,7,"knowledgeable",7,5,7,5,7,7,5,4,6,4,"democratic","lose",7,7,1,1,0,0,0,0,7,1
875,"Law and Justice (PiS)","Civic Coalition (KO)",2,2,"unknowledgeable",7,6,6,3,4,3,3,4,6,5,"undemocratic","win",5,5,4,4,0,0,1,0,4,3
876,"Law and Justice (PiS)","Law and Justice (PiS)",6,6,"knowledgeable",7,5,7,6,6,3,4,4,7,3,"democratic","lose",5,5,6,6,0,0,0,0,4,3
877,"Law and Justice (PiS)","Law and Justice (PiS)",7,7,"unknowledgeable",3,7,7,5,3,3,1,6,6,2,"democratic","win",7,7,1,1,0,0,0,0,7,1
878,"Law and Justice (PiS)","Law and Justice (PiS)",4,4,"knowledgeable",6,5,5,3,5,2,5,6,6,4,"democratic","lose",6,6,3,4,0,1,0,0,4,3
879,"Law and Justice (PiS)","Law and Justice (PiS)",3,2,"unknowledgeable",4,6,7,4,4,4,4,5,6,2,"undemocratic","win",7,7,1,1,0,0,0,0,7,1
880,"Law and Justice (PiS)","Law and Justice (PiS)",1,4,"knowledgeable",1,4,2,4,4,5,6,1,4,2,"undemocratic","win",4,3,7,5,-1,-2,0,0,2,3
883,"Civic Coalition (KO)","Civic Coalition (KO)",6,6,"knowledgeable",7,7,7,5,5,6,2,4,7,5,"undemocratic","lose",7,7,1,1,0,0,0,0,6,1
884,"Law and Justice (PiS)","Law and Justice (PiS)",5,4,"unknowledgeable",5,4,5,5,4,5,3,6,4,2,"democratic","win",7,6,1,3,-1,2,0,0,6,1
885,"Civic Coalition (KO)","Civic Coalition (KO)",7,7,"knowledgeable",7,7,7,3,5,1,4,4,7,4,"democratic","lose",6,7,1,1,1,0,0,0,5,2
886,"Civic Coalition (KO)","Civic Coalition (KO)",4,4,"knowledgeable",7,7,6,6,6,4,2,2,6,5,"undemocratic","win",7,7,1,1,0,0,0,0,5,1
887,"Law and Justice (PiS)","Law and Justice (PiS)",4,4,"unknowledgeable",5,7,2,5,6,5,3,7,4,4,"democratic","win",7,7,1,1,0,0,0,0,7,1
888,"Law and Justice (PiS)","Law and Justice (PiS)",4,6,"knowledgeable",5,5,5,5,5,5,6,6,6,4,"undemocratic","lose",6,6,1,1,0,0,0,0,5,1
889,"Civic Coalition (KO)","Civic Coalition (KO)",4,4,"knowledgeable",6,6,1,2,4,1,6,2,7,3,"undemocratic","win",7,7,1,1,0,0,0,0,5,1
890,"Civic Coalition (KO)","Civic Coalition (KO)",5,6,"knowledgeable",3,7,2,4,3,4,3,3,4,5,"democratic","lose",7,7,1,1,0,0,0,0,6,1
891,"Civic Coalition (KO)","Abstain",3,3,"knowledgeable",6,6,6,6,6,6,5,5,6,4,"undemocratic","win",6,1,2,1,-5,-1,0,1,3,3
892,"Civic Coalition (KO)","Civic Coalition (KO)",5,5,"knowledgeable",6,5,5,5,5,5,3,4,6,3,"democratic","lose",6,6,3,3,0,0,0,0,4,4
893,"Civic Coalition (KO)","Civic Coalition (KO)",4,4,"knowledgeable",6,6,7,6,6,2,NA,4,7,3,"undemocratic","lose",7,7,1,1,0,0,0,0,5,1
894,"Civic Coalition (KO)","Civic Coalition (KO)",3,5,"knowledgeable",5,3,5,4,5,5,3,5,6,2,"democratic","win",6,6,2,2,0,0,0,0,4,2
896,"Law and Justice (PiS)","Law and Justice (PiS)",5,6,"knowledgeable",6,5,5,5,3,6,3,5,5,5,"democratic","win",7,7,1,1,0,0,0,0,7,1
897,"Law and Justice (PiS)","Law and Justice (PiS)",5,4,"unknowledgeable",5,7,7,6,7,7,2,4,6,5,"democratic","lose",7,7,1,1,0,0,0,0,6,1
899,"Law and Justice (PiS)","Law and Justice (PiS)",4,3,"unknowledgeable",4,4,6,5,4,4,1,4,4,3,"democratic","lose",7,4,3,4,-3,1,0,0,5,4
900,"Law and Justice (PiS)","Law and Justice (PiS)",5,3,"unknowledgeable",4,4,4,4,4,4,2,6,3,3,"democratic","win",3,6,5,3,3,-2,0,0,6,4
901,"Civic Coalition (KO)","Abstain",4,3,"knowledgeable",7,5,7,6,2,1,NA,2,7,2,"undemocratic","win",6,4,1,4,-2,3,0,1,5,1
902,"Civic Coalition (KO)","Abstain",2,3,"knowledgeable",6,6,7,4,4,2,6,2,6,2,"undemocratic","lose",6,3,1,1,-3,0,0,1,4,2
903,"Law and Justice (PiS)","Law and Justice (PiS)",4,4,"knowledgeable",5,5,5,4,5,5,4,5,6,2,"undemocratic","lose",6,6,5,5,0,0,0,0,4,2
904,"Law and Justice (PiS)","Law and Justice (PiS)",5,5,"knowledgeable",6,4,6,4,4,3,3,4,6,5,"undemocratic","lose",6,6,5,3,0,-2,0,0,5,4
906,"Law and Justice (PiS)","Law and Justice (PiS)",1,6,"knowledgeable",7,7,7,6,6,5,5,4,6,2,"undemocratic","lose",4,6,3,5,2,2,0,0,4,1
907,"Law and Justice (PiS)","Law and Justice (PiS)",4,3,"knowledgeable",7,6,6,5,5,4,2,6,6,3,"undemocratic","win",6,6,4,5,0,1,0,0,6,1
908,"Civic Coalition (KO)","Civic Coalition (KO)",7,7,"knowledgeable",7,7,7,3,1,6,6,4,7,5,"undemocratic","lose",7,7,1,1,0,0,0,0,6,1
910,"Law and Justice (PiS)","Law and Justice (PiS)",4,4,"knowledgeable",5,5,3,3,2,5,1,4,5,2,"democratic","lose",6,6,5,5,0,0,0,0,5,3
911,"Law and Justice (PiS)","Law and Justice (PiS)",4,4,"knowledgeable",4,4,4,4,4,4,5,5,4,2,"democratic","lose",6,3,3,5,-3,2,0,0,4,2
912,"Law and Justice (PiS)","Law and Justice (PiS)",5,5,"unknowledgeable",6,3,5,4,4,5,3,6,5,4,"democratic","win",6,7,1,4,1,3,0,0,6,1
913,"Civic Coalition (KO)","Civic Coalition (KO)",5,5,"knowledgeable",7,7,6,6,4,2,3,4,6,5,"democratic","lose",6,6,1,1,0,0,0,0,6,1
914,"Civic Coalition (KO)","Civic Coalition (KO)",3,4,"knowledgeable",6,7,7,2,1,4,4,2,6,5,"undemocratic","lose",7,7,1,1,0,0,0,0,3,1
915,"Law and Justice (PiS)","Law and Justice (PiS)",4,3,"unknowledgeable",3,4,4,2,5,4,3,4,3,2,"democratic","win",4,6,7,4,2,-3,0,0,5,5
916,"Civic Coalition (KO)","Civic Coalition (KO)",5,6,"knowledgeable",6,6,7,4,6,4,4,3,6,2,"democratic","lose",5,6,1,1,1,0,0,0,5,1
917,"Law and Justice (PiS)","Law and Justice (PiS)",4,4,"knowledgeable",7,5,7,5,5,5,4,5,4,3,"undemocratic","lose",7,7,1,1,0,0,0,0,5,1
918,"Law and Justice (PiS)","Law and Justice (PiS)",4,4,"knowledgeable",6,6,6,5,5,5,6,5,5,5,"democratic","win",6,6,2,2,0,0,0,0,4,1
919,"Civic Coalition (KO)","Abstain",4,4,"unknowledgeable",5,4,4,5,4,4,1,4,4,5,"undemocratic","win",6,3,4,3,-3,-1,0,1,4,3
920,"Law and Justice (PiS)","Law and Justice (PiS)",4,4,"knowledgeable",5,4,7,4,5,6,4,6,6,4,"undemocratic","lose",7,7,1,1,0,0,0,0,6,1
921,"Law and Justice (PiS)","Law and Justice (PiS)",6,5,"unknowledgeable",6,6,6,7,6,6,1,5,6,3,"democratic","lose",7,7,1,1,0,0,0,0,7,1
922,"Civic Coalition (KO)","Law and Justice (PiS)",2,2,"knowledgeable",5,4,4,4,4,5,2,1,6,3,"undemocratic","win",6,3,5,6,-3,1,1,0,3,3
923,"Law and Justice (PiS)","Law and Justice (PiS)",4,4,"knowledgeable",5,5,5,5,3,5,3,6,6,4,"democratic","win",7,6,1,2,-1,1,0,0,5,3
925,"Law and Justice (PiS)","Law and Justice (PiS)",7,6,"unknowledgeable",7,6,7,1,6,1,3,6,7,3,"democratic","lose",6,7,3,1,1,-2,0,0,7,4
927,"Law and Justice (PiS)","Law and Justice (PiS)",1,1,"knowledgeable",7,7,7,1,1,1,5,4,6,4,"undemocratic","win",4,5,1,1,1,0,0,0,4,1
928,"Civic Coalition (KO)","Civic Coalition (KO)",5,4,"knowledgeable",5,4,5,5,5,4,4,4,5,3,"undemocratic","lose",6,6,5,5,0,0,0,0,4,4
929,"Law and Justice (PiS)","Law and Justice (PiS)",1,2,"knowledgeable",7,7,7,7,7,7,1,4,6,5,"undemocratic","lose",6,7,2,1,1,-1,0,0,5,3
930,"Law and Justice (PiS)","Law and Justice (PiS)",4,4,"knowledgeable",5,5,3,5,4,5,1,5,6,5,"democratic","win",3,3,6,2,0,-4,0,0,5,3
931,"Law and Justice (PiS)","Law and Justice (PiS)",4,5,"knowledgeable",6,4,5,5,6,6,6,5,5,2,"democratic","win",6,6,1,1,0,0,0,0,6,1
933,"Civic Coalition (KO)","Civic Coalition (KO)",5,5,"unknowledgeable",7,6,7,3,3,3,2,3,6,2,"democratic","lose",6,6,1,1,0,0,0,0,4,1
934,"Law and Justice (PiS)","Law and Justice (PiS)",5,4,"knowledgeable",6,6,7,6,5,5,2,6,5,3,"democratic","win",7,7,1,1,0,0,0,0,6,2
935,"Law and Justice (PiS)","Law and Justice (PiS)",3,4,"knowledgeable",7,5,5,5,4,2,4,5,7,5,"undemocratic","lose",7,7,1,1,0,0,0,0,7,1
936,"Civic Coalition (KO)","Civic Coalition (KO)",3,2,"knowledgeable",7,7,7,6,1,4,3,3,7,5,"undemocratic","win",7,6,1,1,-1,0,0,0,6,1
937,"Law and Justice (PiS)","Law and Justice (PiS)",6,6,"knowledgeable",7,7,7,4,5,6,3,6,6,5,"democratic","win",7,7,1,1,0,0,0,0,7,1
938,"Civic Coalition (KO)","Civic Coalition (KO)",6,4,"knowledgeable",7,7,7,5,6,2,5,4,7,4,"democratic","lose",1,5,1,1,4,0,0,0,2,2
939,"Civic Coalition (KO)","Civic Coalition (KO)",2,1,"unknowledgeable",5,5,5,5,5,5,4,4,5,4,"undemocratic","lose",2,2,2,1,0,-1,0,0,3,1
940,"Law and Justice (PiS)","Law and Justice (PiS)",5,3,"knowledgeable",7,2,7,2,2,2,6,6,6,3,"undemocratic","win",7,7,3,3,0,0,0,0,6,4
941,"Civic Coalition (KO)","Civic Coalition (KO)",4,5,"knowledgeable",7,7,7,3,4,4,3,2,7,2,"undemocratic","lose",7,7,1,1,0,0,0,0,6,1
942,"Civic Coalition (KO)","Civic Coalition (KO)",4,5,"unknowledgeable",6,4,3,5,6,3,1,4,3,1,"undemocratic","win",5,4,1,1,-1,0,0,0,4,2
943,"Civic Coalition (KO)","Civic Coalition (KO)",6,7,"unknowledgeable",4,3,6,6,2,6,2,2,6,3,"democratic","lose",7,7,1,1,0,0,0,0,5,1
944,"Civic Coalition (KO)","Civic Coalition (KO)",7,7,"knowledgeable",6,7,7,6,6,5,2,4,7,5,"democratic","lose",7,7,1,1,0,0,0,0,7,1
945,"Law and Justice (PiS)","Law and Justice (PiS)",3,2,"knowledgeable",3,4,2,2,3,5,3,2,6,3,"democratic","win",5,5,6,5,0,-1,0,0,5,3
947,"Civic Coalition (KO)","Civic Coalition (KO)",6,6,"unknowledgeable",7,7,5,1,1,1,4,2,3,5,"undemocratic","win",7,7,1,1,0,0,0,0,7,1
948,"Civic Coalition (KO)","Abstain",4,4,"knowledgeable",7,7,7,3,3,3,5,4,7,5,"democratic","win",4,5,5,5,1,0,0,1,5,5
949,"Civic Coalition (KO)","Law and Justice (PiS)",2,2,"knowledgeable",6,5,3,5,7,6,NA,4,7,3,"undemocratic","win",4,3,6,3,-1,-3,1,0,5,4
950,"Civic Coalition (KO)","Civic Coalition (KO)",3,4,"knowledgeable",7,4,7,5,5,5,NA,3,5,5,"undemocratic","lose",3,5,5,4,2,-1,0,0,5,3
951,"Law and Justice (PiS)","Law and Justice (PiS)",3,4,"knowledgeable",7,5,6,5,4,6,5,6,7,5,"democratic","win",7,7,1,1,0,0,0,0,7,1
953,"Law and Justice (PiS)","Law and Justice (PiS)",2,2,"unknowledgeable",5,5,5,5,5,6,1,5,3,5,"undemocratic","lose",7,7,1,3,0,2,0,0,6,1
954,"Law and Justice (PiS)","Abstain",3,3,"knowledgeable",6,7,2,3,2,1,5,6,5,2,"democratic","win",3,3,3,3,0,0,0,1,4,2
955,"Civic Coalition (KO)","Civic Coalition (KO)",2,2,"knowledgeable",1,7,7,7,7,2,NA,3,6,4,"undemocratic","win",6,7,1,1,1,0,0,0,2,1
958,"Law and Justice (PiS)","Law and Justice (PiS)",3,1,"unknowledgeable",6,6,6,6,6,6,5,6,6,3,"undemocratic","win",7,7,5,5,0,0,0,0,5,2
959,"Law and Justice (PiS)","Law and Justice (PiS)",4,5,"unknowledgeable",5,6,4,5,5,2,1,6,6,4,"undemocratic","lose",7,6,1,1,-1,0,0,0,6,2
960,"Civic Coalition (KO)","Civic Coalition (KO)",6,6,"knowledgeable",6,5,7,4,5,6,4,2,6,3,"democratic","lose",6,6,1,1,0,0,0,0,5,1
961,"Civic Coalition (KO)","Civic Coalition (KO)",7,6,"knowledgeable",1,7,7,2,2,1,4,3,7,5,"democratic","lose",7,7,1,1,0,0,0,0,6,1
963,"Law and Justice (PiS)","Law and Justice (PiS)",4,4,"unknowledgeable",5,6,6,4,5,4,1,6,5,5,"democratic","win",7,6,3,3,-1,0,0,0,5,3
964,"Law and Justice (PiS)","Abstain",3,3,"knowledgeable",6,5,5,6,5,5,1,5,6,4,"democratic","win",6,2,2,1,-4,-1,0,1,5,2
965,"Law and Justice (PiS)","Law and Justice (PiS)",3,4,"unknowledgeable",4,4,4,4,4,4,3,4,3,2,"democratic","lose",7,2,4,5,-5,1,0,0,4,4
966,"Civic Coalition (KO)","Law and Justice (PiS)",2,2,"knowledgeable",4,5,2,2,6,1,4,5,3,2,"democratic","lose",4,2,7,4,-2,-3,1,0,2,2
967,"Law and Justice (PiS)","Law and Justice (PiS)",4,4,"knowledgeable",6,6,7,5,5,6,2,6,6,5,"undemocratic","win",6,6,3,2,0,-1,0,0,5,1
968,"Law and Justice (PiS)","Law and Justice (PiS)",5,5,"knowledgeable",5,4,6,5,4,4,4,6,3,2,"undemocratic","lose",6,7,2,1,1,-1,0,0,5,1
969,"Civic Coalition (KO)","Civic Coalition (KO)",2,2,"knowledgeable",4,5,7,4,1,1,3,2,6,2,"undemocratic","win",7,7,1,1,0,0,0,0,5,1
970,"Law and Justice (PiS)","Law and Justice (PiS)",7,6,"knowledgeable",6,6,7,5,6,6,3,4,7,4,"democratic","lose",6,6,2,2,0,0,0,0,4,2
971,"Civic Coalition (KO)","Civic Coalition (KO)",4,4,"knowledgeable",5,5,4,4,4,3,5,4,6,2,"undemocratic","win",6,5,6,5,-1,-1,0,0,4,4
972,"Civic Coalition (KO)","Civic Coalition (KO)",4,4,"knowledgeable",7,7,7,7,3,3,5,4,7,3,"democratic","win",7,7,2,2,0,0,0,0,7,1
973,"Law and Justice (PiS)","Law and Justice (PiS)",5,5,"unknowledgeable",4,4,6,4,4,6,3,6,4,4,"democratic","win",7,7,1,1,0,0,0,0,7,1
974,"Civic Coalition (KO)","Civic Coalition (KO)",6,6,"unknowledgeable",5,5,5,5,5,4,4,5,4,1,"democratic","lose",4,6,2,2,2,0,0,0,2,1
975,"Law and Justice (PiS)","Law and Justice (PiS)",5,3,"knowledgeable",7,6,6,4,6,6,5,4,4,5,"democratic","win",4,4,2,1,0,-1,0,0,5,1
976,"Civic Coalition (KO)","Civic Coalition (KO)",4,3,"unknowledgeable",2,4,4,6,5,5,4,4,3,2,"undemocratic","lose",5,7,4,4,2,0,0,0,5,4
977,"Civic Coalition (KO)","Civic Coalition (KO)",6,3,"unknowledgeable",7,7,7,7,7,7,4,4,1,2,"democratic","win",2,2,5,4,0,-1,0,0,7,7
978,"Civic Coalition (KO)","Civic Coalition (KO)",5,5,"knowledgeable",6,6,6,2,3,3,3,6,6,4,"undemocratic","win",6,6,3,2,0,-1,0,0,6,1
979,"Civic Coalition (KO)","Civic Coalition (KO)",2,1,"knowledgeable",5,4,7,4,3,3,4,4,7,4,"undemocratic","win",7,6,2,2,-1,0,0,0,5,1
982,"Law and Justice (PiS)","Law and Justice (PiS)",6,6,"unknowledgeable",6,6,6,5,6,4,5,6,6,3,"democratic","lose",7,7,4,1,0,-3,0,0,5,2
983,"Law and Justice (PiS)","Law and Justice (PiS)",6,4,"unknowledgeable",6,7,7,5,6,3,4,4,6,4,"undemocratic","win",6,6,2,3,0,1,0,0,4,2
984,"Civic Coalition (KO)","Abstain",4,4,"unknowledgeable",5,5,7,5,5,5,1,4,6,4,"undemocratic","lose",4,4,1,1,0,0,0,1,4,4
985,"Law and Justice (PiS)","Law and Justice (PiS)",4,4,"knowledgeable",6,4,6,4,4,5,2,4,6,2,"democratic","win",6,5,3,4,-1,1,0,0,5,4
986,"Civic Coalition (KO)","Civic Coalition (KO)",3,3,"knowledgeable",7,7,6,4,5,4,3,5,6,4,"undemocratic","lose",6,5,2,3,-1,1,0,0,5,2
987,"Law and Justice (PiS)","Law and Justice (PiS)",4,4,"knowledgeable",5,5,4,4,3,5,3,6,6,4,"democratic","win",6,4,4,4,-2,0,0,0,5,4
988,"Civic Coalition (KO)","Civic Coalition (KO)",4,4,"knowledgeable",6,6,6,2,2,5,3,6,7,5,"undemocratic","win",7,7,1,1,0,0,0,0,5,1
989,"Civic Coalition (KO)","Civic Coalition (KO)",5,5,"knowledgeable",6,6,7,6,7,5,3,4,7,5,"democratic","win",6,7,1,1,1,0,0,0,2,1
990,"Law and Justice (PiS)","Law and Justice (PiS)",5,4,"knowledgeable",6,7,7,5,7,7,5,4,4,3,"undemocratic","lose",6,6,2,2,0,0,0,0,5,2
993,"Law and Justice (PiS)","Law and Justice (PiS)",4,4,"knowledgeable",7,5,6,5,4,6,NA,5,6,5,"democratic","lose",7,7,1,1,0,0,0,0,7,1
994,"Civic Coalition (KO)","Civic Coalition (KO)",3,4,"knowledgeable",6,6,6,4,2,3,6,4,5,4,"democratic","win",4,4,4,4,0,0,0,0,3,3
995,"Civic Coalition (KO)","Civic Coalition (KO)",4,4,"knowledgeable",6,6,7,4,2,4,6,4,7,4,"undemocratic","win",7,7,1,1,0,0,0,0,6,1
996,"Law and Justice (PiS)","Law and Justice (PiS)",6,6,"knowledgeable",7,7,7,5,6,3,4,5,7,5,"democratic","win",7,7,2,2,0,0,0,0,6,4
997,"Civic Coalition (KO)","Civic Coalition (KO)",4,4,"knowledgeable",7,6,7,2,4,3,6,4,7,2,"undemocratic","lose",7,7,1,1,0,0,0,0,4,1
998,"Law and Justice (PiS)","Law and Justice (PiS)",6,7,"knowledgeable",7,7,6,6,2,3,4,6,7,5,"democratic","lose",7,7,2,2,0,0,0,0,6,2
999,"Law and Justice (PiS)","Law and Justice (PiS)",6,5,"unknowledgeable",5,5,5,5,5,5,5,6,6,3,"undemocratic","lose",7,7,1,1,0,0,0,0,7,1
1000,"Civic Coalition (KO)","Civic Coalition (KO)",2,1,"knowledgeable",6,6,7,2,2,6,6,2,7,4,"undemocratic","win",7,7,1,1,0,0,0,0,6,1
1002,"Law and Justice (PiS)","Law and Justice (PiS)",7,5,"unknowledgeable",7,6,7,6,5,3,4,6,6,5,"undemocratic","win",7,7,1,1,0,0,0,0,7,1
1003,"Civic Coalition (KO)","Civic Coalition (KO)",2,5,"unknowledgeable",5,5,3,3,5,5,2,4,2,2,"democratic","win",5,4,3,2,-1,-1,0,0,2,6
1004,"Law and Justice (PiS)","Law and Justice (PiS)",3,3,"unknowledgeable",4,7,7,7,7,3,2,7,7,4,"democratic","lose",7,7,1,1,0,0,0,0,7,4
1005,"Civic Coalition (KO)","Civic Coalition (KO)",5,6,"unknowledgeable",4,4,7,4,1,4,2,6,3,2,"undemocratic","lose",6,6,5,4,0,-1,0,0,5,4
1006,"Civic Coalition (KO)","Civic Coalition (KO)",5,6,"knowledgeable",7,7,7,2,2,3,4,4,7,5,"democratic","lose",7,7,1,1,0,0,0,0,6,1
1007,"Civic Coalition (KO)","Civic Coalition (KO)",4,4,"knowledgeable",5,7,7,2,5,4,4,5,6,5,"undemocratic","win",7,6,1,1,-1,0,0,0,6,1
1008,"Civic Coalition (KO)","Civic Coalition (KO)",4,4,"knowledgeable",7,7,7,5,4,2,3,4,7,2,"democratic","win",7,7,1,1,0,0,0,0,5,1
1009,"Law and Justice (PiS)","Law and Justice (PiS)",2,2,"knowledgeable",6,3,6,3,3,5,3,5,6,3,"undemocratic","lose",2,2,2,2,0,0,0,0,4,1
1010,"Civic Coalition (KO)","Civic Coalition (KO)",6,7,"unknowledgeable",7,7,7,5,4,4,4,3,4,3,"democratic","lose",7,7,1,1,0,0,0,0,4,1
1011,"Law and Justice (PiS)","Law and Justice (PiS)",6,5,"unknowledgeable",6,4,2,2,2,4,5,4,3,3,"democratic","lose",6,3,6,5,-3,-1,0,0,6,4
1012,"Civic Coalition (KO)","Civic Coalition (KO)",2,2,"knowledgeable",3,3,3,4,5,4,6,4,7,4,"undemocratic","win",7,7,1,1,0,0,0,0,7,1
1013,"Law and Justice (PiS)","Law and Justice (PiS)",1,7,"knowledgeable",7,6,7,3,6,4,5,6,7,5,"democratic","win",7,7,1,1,0,0,0,0,7,1
1014,"Law and Justice (PiS)","Law and Justice (PiS)",4,4,"knowledgeable",4,6,5,4,4,5,5,4,6,3,"undemocratic","lose",4,4,7,7,0,0,0,0,1,4
1015,"Civic Coalition (KO)","Civic Coalition (KO)",4,6,"knowledgeable",7,7,7,3,2,5,6,5,7,3,"undemocratic","lose",7,7,1,1,0,0,0,0,5,1
1016,"Law and Justice (PiS)","Law and Justice (PiS)",1,1,"knowledgeable",4,7,7,4,7,4,6,4,7,3,"undemocratic","win",1,1,1,1,0,0,0,0,4,4
1017,"Law and Justice (PiS)","Law and Justice (PiS)",4,4,"knowledgeable",5,5,5,5,4,5,3,4,4,3,"democratic","lose",4,4,4,4,0,0,0,0,4,4
1018,"Civic Coalition (KO)","Civic Coalition (KO)",4,4,"unknowledgeable",5,6,7,5,6,6,6,6,6,2,"democratic","win",5,5,1,1,0,0,0,0,5,1
1019,"Law and Justice (PiS)","Law and Justice (PiS)",2,3,"knowledgeable",7,6,7,4,2,3,4,4,6,3,"undemocratic","lose",7,7,1,1,0,0,0,0,6,1
1020,"Law and Justice (PiS)","Law and Justice (PiS)",7,7,"unknowledgeable",7,7,7,4,3,1,4,4,6,4,"democratic","lose",6,6,3,3,0,0,0,0,5,4
1021,"Law and Justice (PiS)","Law and Justice (PiS)",7,7,"knowledgeable",7,6,7,4,5,5,5,6,6,4,"democratic","lose",6,6,2,2,0,0,0,0,5,1
1022,"Civic Coalition (KO)","Civic Coalition (KO)",5,5,"knowledgeable",6,6,6,3,2,3,3,4,6,4,"undemocratic","lose",7,7,1,1,0,0,0,0,5,1
1023,"Civic Coalition (KO)","Civic Coalition (KO)",2,2,"knowledgeable",6,4,3,5,5,4,5,3,4,5,"undemocratic","lose",6,6,2,2,0,0,0,0,4,1
1024,"Civic Coalition (KO)","Abstain",3,2,"unknowledgeable",7,7,7,1,2,1,NA,2,6,1,"democratic","win",4,1,1,1,-3,0,0,1,4,1
1025,"Civic Coalition (KO)","Civic Coalition (KO)",4,4,"knowledgeable",7,7,6,6,1,5,2,5,6,2,"undemocratic","win",6,6,5,5,0,0,0,0,4,5
1026,"Civic Coalition (KO)","Civic Coalition (KO)",5,5,"unknowledgeable",5,6,7,5,1,4,4,4,7,3,"democratic","lose",6,7,7,2,1,-5,0,0,5,1
1027,"Civic Coalition (KO)","Civic Coalition (KO)",4,4,"unknowledgeable",5,5,6,4,5,5,3,4,6,2,"democratic","win",7,6,1,1,-1,0,0,0,6,1
1028,"Law and Justice (PiS)","Law and Justice (PiS)",6,7,"knowledgeable",6,4,5,6,6,5,6,5,6,4,"undemocratic","win",7,7,1,1,0,0,0,0,6,1
1029,"Civic Coalition (KO)","Civic Coalition (KO)",5,6,"knowledgeable",3,4,4,6,5,5,3,4,7,5,"democratic","lose",7,7,2,1,0,-1,0,0,5,1
1030,"Civic Coalition (KO)","Abstain",3,1,"knowledgeable",2,1,3,6,7,7,2,4,5,5,"undemocratic","lose",6,1,1,1,-5,0,0,1,1,1
1031,"Civic Coalition (KO)","Civic Coalition (KO)",4,6,"knowledgeable",7,6,7,6,2,5,4,3,7,5,"democratic","win",7,7,1,1,0,0,0,0,6,1
1032,"Civic Coalition (KO)","Civic Coalition (KO)",2,4,"knowledgeable",6,6,7,5,5,4,NA,4,6,4,"undemocratic","win",7,7,1,1,0,0,0,0,4,1
1033,"Civic Coalition (KO)","Civic Coalition (KO)",3,3,"knowledgeable",7,7,7,7,7,6,4,4,6,2,"democratic","win",4,6,2,5,2,3,0,0,2,2
1034,"Law and Justice (PiS)","Law and Justice (PiS)",2,3,"knowledgeable",5,5,5,4,5,5,6,4,5,3,"undemocratic","lose",4,4,4,4,0,0,0,0,5,1
1035,"Civic Coalition (KO)","Civic Coalition (KO)",7,7,"knowledgeable",6,7,7,3,3,2,6,4,7,3,"democratic","lose",6,6,1,1,0,0,0,0,6,1
1036,"Law and Justice (PiS)","Law and Justice (PiS)",4,4,"knowledgeable",5,3,4,4,4,4,6,6,6,5,"democratic","lose",6,6,3,3,0,0,0,0,5,1
1037,"Law and Justice (PiS)","Law and Justice (PiS)",5,6,"knowledgeable",6,5,5,5,5,5,2,4,6,1,"undemocratic","lose",7,6,5,5,-1,0,0,0,5,2
1038,"Law and Justice (PiS)","Civic Coalition (KO)",4,4,"unknowledgeable",4,4,4,4,4,4,5,3,4,4,"democratic","win",6,3,7,4,-3,-3,1,0,4,4
1039,"Civic Coalition (KO)","Civic Coalition (KO)",2,3,"knowledgeable",7,7,7,2,1,3,NA,2,7,4,"undemocratic","win",6,6,1,1,0,0,0,0,5,1
1040,"Civic Coalition (KO)","Civic Coalition (KO)",3,4,"knowledgeable",7,6,7,4,4,3,5,2,7,3,"democratic","lose",4,7,1,1,3,0,0,0,5,1
1041,"Civic Coalition (KO)","Civic Coalition (KO)",4,4,"knowledgeable",6,3,7,3,4,6,4,4,6,2,"democratic","win",7,6,1,3,-1,2,0,0,7,1
1042,"Law and Justice (PiS)","Law and Justice (PiS)",4,4,"knowledgeable",4,4,7,4,4,4,2,6,4,4,"democratic","lose",7,7,1,1,0,0,0,0,7,1
1043,"Law and Justice (PiS)","Law and Justice (PiS)",4,4,"knowledgeable",7,7,7,3,7,5,4,6,6,3,"undemocratic","win",5,5,5,5,0,0,0,0,3,2
1044,"Civic Coalition (KO)","Civic Coalition (KO)",7,7,"knowledgeable",7,7,7,6,6,5,4,2,7,5,"democratic","win",7,6,2,3,-1,1,0,0,6,1
1046,"Law and Justice (PiS)","Law and Justice (PiS)",4,4,"unknowledgeable",4,5,5,4,4,4,3,4,5,2,"undemocratic","lose",4,4,4,4,0,0,0,0,4,4
1047,"Civic Coalition (KO)","Abstain",3,4,"knowledgeable",7,6,1,3,1,1,NA,3,6,3,"democratic","win",5,5,1,2,0,1,0,1,4,1
1048,"Civic Coalition (KO)","Civic Coalition (KO)",5,5,"knowledgeable",7,7,7,1,3,2,4,4,7,3,"undemocratic","win",3,6,5,3,3,-2,0,0,5,1
1049,"Law and Justice (PiS)","Law and Justice (PiS)",2,2,"knowledgeable",6,5,6,6,5,4,6,5,6,4,"undemocratic","lose",7,7,1,1,0,0,0,0,5,3
1050,"Law and Justice (PiS)","Law and Justice (PiS)",2,2,"knowledgeable",6,5,5,6,6,5,6,5,6,4,"democratic","lose",6,6,2,2,0,0,0,0,5,3
1051,"Civic Coalition (KO)","Civic Coalition (KO)",5,6,"knowledgeable",6,5,6,4,4,4,6,4,6,4,"democratic","lose",6,6,5,4,0,-1,0,0,4,4
1053,"Civic Coalition (KO)","Civic Coalition (KO)",4,3,"unknowledgeable",5,5,4,5,5,4,5,4,6,3,"undemocratic","win",6,6,5,5,0,0,0,0,4,4
1054,"Civic Coalition (KO)","Civic Coalition (KO)",7,7,"knowledgeable",5,6,7,4,4,5,4,3,7,5,"democratic","lose",7,7,1,1,0,0,0,0,5,1
1055,"Law and Justice (PiS)","Law and Justice (PiS)",4,3,"unknowledgeable",6,6,6,6,6,6,NA,4,5,2,"democratic","win",5,2,4,5,-3,1,0,0,7,3
1056,"Civic Coalition (KO)","Civic Coalition (KO)",5,3,"unknowledgeable",7,7,7,1,2,1,5,2,6,2,"undemocratic","lose",7,7,1,1,0,0,0,0,5,1
1057,"Law and Justice (PiS)","Law and Justice (PiS)",5,5,"knowledgeable",7,6,7,5,4,4,6,4,6,3,"democratic","win",6,6,3,4,0,1,0,0,5,2
1058,"Civic Coalition (KO)","Civic Coalition (KO)",6,4,"knowledgeable",7,6,7,5,5,3,NA,4,6,2,"democratic","lose",6,6,1,1,0,0,0,0,4,1
1059,"Civic Coalition (KO)","Civic Coalition (KO)",2,3,"knowledgeable",7,6,7,7,7,7,5,2,6,2,"undemocratic","win",7,7,1,1,0,0,0,0,6,1
1060,"Law and Justice (PiS)","Law and Justice (PiS)",4,5,"unknowledgeable",5,6,7,4,6,5,4,6,6,3,"democratic","win",6,6,3,3,0,0,0,0,5,1
1061,"Civic Coalition (KO)","Civic Coalition (KO)",5,6,"knowledgeable",5,7,7,3,3,2,6,3,6,2,"democratic","lose",6,7,1,1,1,0,0,0,4,1
1062,"Civic Coalition (KO)","Civic Coalition (KO)",2,2,"knowledgeable",1,7,1,1,6,1,1,3,7,5,"undemocratic","lose",7,4,1,3,-3,2,0,0,6,1
1063,"Civic Coalition (KO)","Civic Coalition (KO)",5,5,"knowledgeable",6,6,7,6,6,4,4,5,6,4,"undemocratic","win",7,6,1,2,-1,1,0,0,6,1
1064,"Civic Coalition (KO)","Civic Coalition (KO)",4,4,"unknowledgeable",5,5,7,1,4,1,6,2,7,2,"democratic","win",6,4,3,4,-2,1,0,0,5,1
1065,"Civic Coalition (KO)","Civic Coalition (KO)",7,7,"knowledgeable",2,7,1,7,2,1,3,3,7,1,"undemocratic","lose",7,7,1,1,0,0,0,0,5,1
1067,"Civic Coalition (KO)","Civic Coalition (KO)",1,1,"knowledgeable",6,7,6,4,4,3,6,4,7,3,"undemocratic","win",7,6,1,1,-1,0,0,0,5,1
1068,"Civic Coalition (KO)","Civic Coalition (KO)",6,6,"knowledgeable",7,7,7,3,1,1,6,3,7,4,"democratic","lose",7,7,1,1,0,0,0,0,3,1
1070,"Civic Coalition (KO)","Civic Coalition (KO)",1,2,"knowledgeable",7,7,7,3,4,1,3,2,7,5,"democratic","win",7,7,1,1,0,0,0,0,6,1
1071,"Civic Coalition (KO)","Civic Coalition (KO)",4,5,"knowledgeable",6,6,6,6,5,6,6,3,6,4,"undemocratic","lose",6,6,1,2,0,1,0,0,6,1
1073,"Civic Coalition (KO)","Law and Justice (PiS)",3,3,"knowledgeable",7,7,7,4,1,1,4,3,7,4,"undemocratic","win",7,3,1,6,-4,5,1,0,7,2
1074,"Civic Coalition (KO)","Civic Coalition (KO)",4,4,"knowledgeable",5,7,5,1,1,1,3,4,7,5,"democratic","win",7,1,1,7,-6,6,0,0,6,1
1075,"Civic Coalition (KO)","Civic Coalition (KO)",4,4,"unknowledgeable",4,4,4,4,4,4,2,5,4,4,"democratic","lose",4,4,4,4,0,0,0,0,4,2
1076,"Civic Coalition (KO)","Civic Coalition (KO)",4,4,"knowledgeable",7,6,7,6,5,3,4,3,6,5,"democratic","lose",5,7,1,1,2,0,0,0,4,1
1077,"Civic Coalition (KO)","Civic Coalition (KO)",2,4,"knowledgeable",7,7,7,4,4,5,3,5,7,3,"undemocratic","lose",6,4,3,2,-2,-1,0,0,4,1
1078,"Civic Coalition (KO)","Civic Coalition (KO)",5,5,"unknowledgeable",5,4,5,4,4,4,4,4,6,4,"undemocratic","win",6,6,1,1,0,0,0,0,4,1
1079,"Law and Justice (PiS)","Law and Justice (PiS)",4,4,"knowledgeable",7,7,7,7,7,2,4,6,7,2,"democratic","win",7,7,1,1,0,0,0,0,7,1
1080,"Civic Coalition (KO)","Civic Coalition (KO)",4,4,"knowledgeable",5,6,6,6,6,6,4,4,6,3,"undemocratic","win",6,6,1,1,0,0,0,0,5,1
1081,"Civic Coalition (KO)","Civic Coalition (KO)",2,2,"knowledgeable",6,5,6,6,3,6,3,4,6,4,"undemocratic","lose",7,6,2,1,-1,-1,0,0,6,1
1083,"Law and Justice (PiS)","Law and Justice (PiS)",4,4,"unknowledgeable",4,4,5,4,5,4,NA,7,6,5,"democratic","lose",6,5,5,4,-1,-1,0,0,6,1
1084,"Law and Justice (PiS)","Law and Justice (PiS)",4,4,"knowledgeable",5,3,5,5,5,3,4,6,6,3,"undemocratic","win",7,7,1,1,0,0,0,0,5,3
1085,"Civic Coalition (KO)","Civic Coalition (KO)",5,4,"unknowledgeable",7,7,7,3,2,3,4,2,7,5,"undemocratic","lose",7,7,1,1,0,0,0,0,4,1
1086,"Civic Coalition (KO)","Civic Coalition (KO)",4,4,"knowledgeable",4,6,7,3,7,5,6,2,6,5,"democratic","lose",7,7,1,1,0,0,0,0,7,1
1087,"Civic Coalition (KO)","Civic Coalition (KO)",2,4,"knowledgeable",5,2,2,4,5,6,4,4,6,3,"undemocratic","win",6,3,4,1,-3,-3,0,0,4,2
1088,"Civic Coalition (KO)","Civic Coalition (KO)",4,4,"unknowledgeable",4,4,4,4,4,4,3,4,4,5,"undemocratic","lose",6,6,2,2,0,0,0,0,6,1
1090,"Law and Justice (PiS)","Law and Justice (PiS)",5,5,"knowledgeable",7,7,6,6,7,5,3,6,6,5,"democratic","win",7,6,6,4,-1,-2,0,0,6,5
1091,"Civic Coalition (KO)","Civic Coalition (KO)",7,7,"knowledgeable",7,7,7,1,1,5,2,1,7,5,"democratic","lose",6,6,1,1,0,0,0,0,3,1
1092,"Civic Coalition (KO)","Civic Coalition (KO)",6,6,"unknowledgeable",4,4,5,4,4,4,1,6,6,4,"democratic","win",7,7,1,1,0,0,0,0,7,2
1093,"Civic Coalition (KO)","Civic Coalition (KO)",5,5,"unknowledgeable",3,4,3,3,4,4,3,4,3,2,"undemocratic","lose",5,4,1,7,-1,6,0,0,4,2
1094,"Civic Coalition (KO)","Civic Coalition (KO)",5,6,"knowledgeable",7,7,7,2,1,1,4,4,7,3,"democratic","lose",7,7,1,1,0,0,0,0,4,1
1096,"Civic Coalition (KO)","Civic Coalition (KO)",2,2,"knowledgeable",7,7,6,7,5,7,4,5,6,4,"democratic","win",7,6,1,1,-1,0,0,0,5,1
1097,"Law and Justice (PiS)","Law and Justice (PiS)",5,3,"unknowledgeable",5,5,3,4,4,4,2,5,2,2,"undemocratic","win",6,6,2,1,0,-1,0,0,5,2
1098,"Law and Justice (PiS)","Law and Justice (PiS)",4,4,"knowledgeable",7,6,7,5,6,5,4,6,6,5,"undemocratic","lose",7,7,1,1,0,0,0,0,7,1
1099,"Civic Coalition (KO)","Civic Coalition (KO)",6,6,"knowledgeable",7,7,7,7,7,6,6,3,6,5,"democratic","lose",7,7,1,1,0,0,0,0,4,4
1100,"Civic Coalition (KO)","Civic Coalition (KO)",1,1,"knowledgeable",7,1,7,2,1,4,5,3,7,5,"undemocratic","win",7,7,1,1,0,0,0,0,7,1
1101,"Law and Justice (PiS)","Law and Justice (PiS)",4,3,"knowledgeable",5,5,4,3,6,7,3,7,6,2,"undemocratic","win",6,6,1,1,0,0,0,0,6,1
1102,"Civic Coalition (KO)","Civic Coalition (KO)",4,4,"knowledgeable",7,7,7,3,2,2,3,2,7,3,"democratic","win",6,6,1,1,0,0,0,0,4,1
1103,"Civic Coalition (KO)","Civic Coalition (KO)",5,5,"knowledgeable",6,7,5,3,5,5,5,4,6,5,"undemocratic","lose",7,7,1,1,0,0,0,0,6,1
1105,"Civic Coalition (KO)","Civic Coalition (KO)",5,5,"knowledgeable",5,6,7,5,5,4,6,3,6,5,"democratic","win",7,7,1,1,0,0,0,0,6,1
1106,"Civic Coalition (KO)","Civic Coalition (KO)",1,1,"knowledgeable",7,7,7,1,2,2,6,3,7,5,"undemocratic","win",7,7,1,1,0,0,0,0,6,1
1108,"Civic Coalition (KO)","Civic Coalition (KO)",7,6,"knowledgeable",7,6,7,3,5,4,5,3,6,3,"democratic","lose",6,6,1,1,0,0,0,0,5,1
1109,"Civic Coalition (KO)","Civic Coalition (KO)",7,6,"knowledgeable",7,7,5,4,5,3,5,4,6,4,"undemocratic","lose",7,7,1,1,0,0,0,0,5,1
1110,"Civic Coalition (KO)","Civic Coalition (KO)",6,6,"knowledgeable",5,5,4,5,5,5,NA,4,6,3,"democratic","lose",7,6,1,1,-1,0,0,0,5,2
1111,"Law and Justice (PiS)","Law and Justice (PiS)",5,5,"unknowledgeable",6,7,6,6,7,5,4,5,2,5,"democratic","win",7,7,6,1,0,-5,0,0,6,4
1112,"Law and Justice (PiS)","Law and Justice (PiS)",4,4,"knowledgeable",3,2,5,6,6,6,6,4,5,2,"democratic","win",7,7,2,1,0,-1,0,0,5,1
1113,"Civic Coalition (KO)","Civic Coalition (KO)",6,6,"knowledgeable",6,6,7,2,6,1,5,3,6,2,"democratic","lose",7,7,1,1,0,0,0,0,4,1
1114,"Law and Justice (PiS)","Law and Justice (PiS)",1,2,"knowledgeable",7,6,7,1,5,4,6,3,6,2,"undemocratic","lose",4,4,4,4,0,0,0,0,2,2
1115,"Civic Coalition (KO)","Civic Coalition (KO)",4,4,"knowledgeable",6,2,5,7,7,7,NA,4,7,1,"democratic","lose",7,7,1,1,0,0,0,0,6,1
1116,"Law and Justice (PiS)","Law and Justice (PiS)",5,5,"knowledgeable",7,6,6,5,6,3,6,4,7,4,"democratic","win",7,7,1,1,0,0,0,0,6,1
1117,"Law and Justice (PiS)","Law and Justice (PiS)",4,2,"knowledgeable",6,5,5,5,4,5,3,4,2,4,"undemocratic","win",7,7,4,2,0,-2,0,0,6,2
1118,"Law and Justice (PiS)","Law and Justice (PiS)",4,4,"knowledgeable",7,7,7,7,6,7,5,6,6,4,"undemocratic","win",7,7,1,1,0,0,0,0,7,1
1119,"Civic Coalition (KO)","Civic Coalition (KO)",7,5,"knowledgeable",6,7,7,1,7,1,2,4,6,3,"democratic","lose",7,7,1,1,0,0,0,0,5,1
1120,"Civic Coalition (KO)","Civic Coalition (KO)",6,5,"knowledgeable",4,5,6,5,4,3,4,3,6,2,"undemocratic","lose",7,7,1,1,0,0,0,0,5,1
1121,"Law and Justice (PiS)","Law and Justice (PiS)",2,2,"knowledgeable",7,6,7,5,5,7,4,5,6,3,"undemocratic","win",7,6,1,5,-1,4,0,0,4,2
1122,"Civic Coalition (KO)","Civic Coalition (KO)",3,2,"knowledgeable",7,7,7,3,5,2,5,4,7,5,"democratic","win",7,7,1,1,0,0,0,0,6,1
1124,"Law and Justice (PiS)","Law and Justice (PiS)",5,5,"unknowledgeable",7,6,6,4,7,4,6,6,6,2,"undemocratic","lose",7,5,1,4,-2,3,0,0,7,1
1125,"Civic Coalition (KO)","Abstain",4,3,"knowledgeable",4,6,6,4,5,3,6,3,5,1,"undemocratic","win",3,1,2,1,-2,-1,0,1,2,2
1126,"Civic Coalition (KO)","Civic Coalition (KO)",5,6,"unknowledgeable",6,6,7,7,6,6,5,3,5,4,"democratic","win",7,7,2,2,0,0,0,0,6,3
1127,"Civic Coalition (KO)","Civic Coalition (KO)",6,4,"knowledgeable",4,5,6,3,6,5,5,3,6,2,"undemocratic","lose",7,7,1,1,0,0,0,0,4,2
1128,"Civic Coalition (KO)","Civic Coalition (KO)",3,5,"knowledgeable",7,7,6,6,4,6,6,4,6,4,"undemocratic","lose",6,6,1,1,0,0,0,0,5,1
1129,"Civic Coalition (KO)","Civic Coalition (KO)",5,5,"knowledgeable",7,1,6,3,4,3,NA,3,6,3,"democratic","lose",6,6,1,1,0,0,0,0,4,1
1130,"Civic Coalition (KO)","Civic Coalition (KO)",7,5,"knowledgeable",5,6,7,5,6,3,4,4,6,2,"democratic","lose",5,6,2,5,1,3,0,0,3,1
1132,"Law and Justice (PiS)","Law and Justice (PiS)",5,5,"knowledgeable",7,7,7,5,5,4,6,4,7,2,"undemocratic","win",7,7,1,1,0,0,0,0,6,1
1133,"Civic Coalition (KO)","Civic Coalition (KO)",3,3,"knowledgeable",7,7,7,5,1,1,NA,3,7,1,"democratic","win",6,6,1,1,0,0,0,0,3,1
1134,"Civic Coalition (KO)","Civic Coalition (KO)",4,5,"knowledgeable",7,7,7,6,3,5,6,4,7,3,"undemocratic","lose",6,6,1,1,0,0,0,0,4,1
1135,"Law and Justice (PiS)","Law and Justice (PiS)",4,4,"knowledgeable",4,4,4,4,4,4,2,7,6,1,"democratic","win",4,4,1,1,0,0,0,0,3,1
1136,"Law and Justice (PiS)","Law and Justice (PiS)",5,4,"knowledgeable",7,7,6,6,7,5,5,6,6,5,"undemocratic","win",7,7,1,1,0,0,0,0,6,1
1137,"Civic Coalition (KO)","Civic Coalition (KO)",3,3,"unknowledgeable",6,6,7,6,6,6,6,3,7,1,"undemocratic","win",4,4,1,1,0,0,0,0,4,4
1138,"Law and Justice (PiS)","Law and Justice (PiS)",2,2,"knowledgeable",7,7,3,4,1,7,4,7,7,2,"undemocratic","lose",7,7,1,1,0,0,0,0,6,1
1140,"Civic Coalition (KO)","Civic Coalition (KO)",4,4,"knowledgeable",7,7,7,4,4,1,4,1,7,3,"democratic","lose",7,7,1,1,0,0,0,0,4,1
1141,"Law and Justice (PiS)","Law and Justice (PiS)",7,7,"knowledgeable",7,7,7,7,5,5,6,7,7,4,"undemocratic","win",7,7,1,1,0,0,0,0,7,1
1142,"Civic Coalition (KO)","Civic Coalition (KO)",2,2,"knowledgeable",6,7,3,5,4,3,4,3,6,5,"democratic","win",6,6,1,1,0,0,0,0,5,1
1143,"Civic Coalition (KO)","Civic Coalition (KO)",4,5,"unknowledgeable",5,6,6,5,4,5,4,4,6,2,"undemocratic","lose",7,7,2,2,0,0,0,0,5,1
1144,"Civic Coalition (KO)","Civic Coalition (KO)",3,3,"knowledgeable",7,7,7,4,4,4,4,4,7,3,"undemocratic","win",5,3,1,1,-2,0,0,0,2,1
1145,"Civic Coalition (KO)","Civic Coalition (KO)",4,4,"knowledgeable",4,6,6,4,4,4,6,4,5,3,"undemocratic","lose",7,7,1,1,0,0,0,0,4,1
1146,"Civic Coalition (KO)","Civic Coalition (KO)",5,5,"knowledgeable",7,7,7,4,2,4,6,2,6,3,"democratic","win",7,7,1,1,0,0,0,0,6,1
1147,"Civic Coalition (KO)","Civic Coalition (KO)",3,3,"knowledgeable",5,5,7,5,5,7,4,4,6,3,"undemocratic","win",4,4,1,4,0,3,0,0,3,1
1148,"Civic Coalition (KO)","Civic Coalition (KO)",2,2,"knowledgeable",7,6,6,3,3,2,5,3,6,3,"democratic","win",7,7,1,1,0,0,0,0,5,1
1149,"Law and Justice (PiS)","Law and Justice (PiS)",3,3,"knowledgeable",5,5,7,4,6,4,1,4,6,3,"undemocratic","lose",7,6,2,5,-1,3,0,0,4,3
1150,"Law and Justice (PiS)","Law and Justice (PiS)",5,5,"knowledgeable",6,6,6,4,5,6,1,5,6,5,"undemocratic","lose",6,4,4,6,-2,2,0,0,6,4
1151,"Civic Coalition (KO)","Civic Coalition (KO)",6,7,"knowledgeable",7,7,7,6,6,6,5,5,6,2,"democratic","lose",7,7,1,1,0,0,0,0,6,1
1153,"Civic Coalition (KO)","Civic Coalition (KO)",7,7,"knowledgeable",7,6,7,5,5,2,6,2,6,2,"democratic","lose",7,7,1,1,0,0,0,0,5,1
1154,"Civic Coalition (KO)","Civic Coalition (KO)",4,5,"unknowledgeable",5,5,5,3,3,4,NA,4,4,3,"democratic","win",7,6,2,3,-1,1,0,0,6,1
1155,"Civic Coalition (KO)","Civic Coalition (KO)",1,1,"knowledgeable",6,7,7,3,1,3,NA,4,6,1,"democratic","win",4,4,1,1,0,0,0,0,2,1
1156,"Law and Justice (PiS)","Law and Justice (PiS)",7,7,"unknowledgeable",7,6,7,7,4,2,1,6,6,4,"democratic","lose",7,7,1,1,0,0,0,0,7,3
1157,"Civic Coalition (KO)","Civic Coalition (KO)",4,5,"knowledgeable",4,6,5,5,5,6,5,3,7,2,"democratic","lose",6,5,1,3,-1,2,0,0,3,1
1158,"Law and Justice (PiS)","Law and Justice (PiS)",3,3,"knowledgeable",7,6,7,5,5,7,5,6,6,5,"undemocratic","lose",4,4,4,3,0,-1,0,0,4,3
1159,"Civic Coalition (KO)","Civic Coalition (KO)",2,3,"unknowledgeable",2,1,7,4,1,5,4,5,6,1,"democratic","lose",7,7,1,1,0,0,0,0,6,1
1161,"Law and Justice (PiS)","Law and Justice (PiS)",4,2,"knowledgeable",7,7,7,5,6,5,4,4,7,5,"democratic","lose",7,4,1,1,-3,0,0,0,4,1
1162,"Civic Coalition (KO)","Civic Coalition (KO)",1,2,"knowledgeable",7,7,7,1,5,1,6,2,7,4,"undemocratic","win",7,6,1,1,-1,0,0,0,5,1
1163,"Civic Coalition (KO)","Civic Coalition (KO)",4,2,"knowledgeable",6,6,6,6,6,6,3,4,6,3,"undemocratic","win",1,2,1,1,1,0,0,0,4,1
1164,"Law and Justice (PiS)","Law and Justice (PiS)",5,3,"knowledgeable",5,6,6,3,5,3,2,6,6,5,"undemocratic","lose",7,7,1,1,0,0,0,0,6,1
1165,"Civic Coalition (KO)","Civic Coalition (KO)",4,4,"knowledgeable",7,7,7,4,5,2,4,3,7,5,"democratic","win",6,5,1,1,-1,0,0,0,5,1
1166,"Civic Coalition (KO)","Civic Coalition (KO)",1,1,"knowledgeable",6,5,7,5,4,4,3,2,7,5,"undemocratic","win",7,7,1,1,0,0,0,0,5,1
1167,"Law and Justice (PiS)","Law and Justice (PiS)",5,4,"unknowledgeable",5,5,5,5,4,5,6,4,5,5,"democratic","win",7,7,1,1,0,0,0,0,6,1
1168,"Civic Coalition (KO)","Civic Coalition (KO)",4,6,"knowledgeable",7,7,7,1,4,1,2,2,7,4,"democratic","lose",7,7,1,1,0,0,0,0,5,1
1169,"Law and Justice (PiS)","Law and Justice (PiS)",3,5,"knowledgeable",7,6,7,6,7,6,2,5,6,5,"democratic","win",7,6,3,3,-1,0,0,0,5,1
1170,"Civic Coalition (KO)","Civic Coalition (KO)",3,4,"knowledgeable",6,6,7,6,6,5,4,3,6,4,"democratic","win",6,5,2,3,-1,1,0,0,5,1
1171,"Law and Justice (PiS)","Law and Justice (PiS)",6,6,"knowledgeable",7,6,6,4,2,5,3,6,6,3,"democratic","lose",7,7,1,1,0,0,0,0,4,4
1172,"Civic Coalition (KO)","Civic Coalition (KO)",2,2,"knowledgeable",6,7,6,6,4,4,4,5,6,5,"undemocratic","lose",7,7,1,1,0,0,0,0,6,1
1173,"Civic Coalition (KO)","Civic Coalition (KO)",1,1,"knowledgeable",1,2,1,1,1,1,6,4,5,3,"undemocratic","win",7,7,1,1,0,0,0,0,5,1
1174,"Law and Justice (PiS)","Law and Justice (PiS)",5,5,"knowledgeable",4,6,5,5,5,6,3,4,6,3,"democratic","lose",6,6,3,3,0,0,0,0,5,1
1175,"Civic Coalition (KO)","Abstain",3,2,"knowledgeable",1,6,4,5,1,5,2,4,6,5,"democratic","lose",4,3,1,1,-1,0,0,1,5,1
1177,"Civic Coalition (KO)","Civic Coalition (KO)",5,5,"knowledgeable",7,7,5,2,4,2,4,4,6,2,"democratic","win",4,6,4,4,2,0,0,0,3,2
1181,"Civic Coalition (KO)","Civic Coalition (KO)",2,2,"knowledgeable",7,7,7,3,2,2,5,3,7,4,"undemocratic","lose",7,7,1,1,0,0,0,0,5,1
1182,"Civic Coalition (KO)","Civic Coalition (KO)",4,4,"knowledgeable",6,7,5,6,5,7,2,4,7,5,"democratic","win",7,4,1,4,-3,3,0,0,2,1
1183,"Civic Coalition (KO)","Civic Coalition (KO)",4,4,"knowledgeable",7,6,6,5,7,6,1,3,6,3,"undemocratic","win",7,7,1,1,0,0,0,0,5,1
1185,"Civic Coalition (KO)","Civic Coalition (KO)",4,4,"knowledgeable",7,5,7,4,5,5,4,3,6,5,"democratic","win",7,7,1,1,0,0,0,0,6,1
1186,"Civic Coalition (KO)","Civic Coalition (KO)",4,4,"unknowledgeable",4,7,6,4,4,3,4,2,6,5,"democratic","lose",7,7,1,1,0,0,0,0,4,1
1187,"Civic Coalition (KO)","Civic Coalition (KO)",6,6,"knowledgeable",5,5,3,4,3,4,3,3,6,4,"democratic","lose",6,6,1,1,0,0,0,0,5,1
1188,"Civic Coalition (KO)","Civic Coalition (KO)",4,4,"unknowledgeable",5,5,5,5,4,4,4,2,6,2,"democratic","win",6,6,1,1,0,0,0,0,4,1
1189,"Law and Justice (PiS)","Law and Justice (PiS)",4,4,"unknowledgeable",4,4,4,4,4,4,2,4,4,4,"democratic","win",4,4,4,4,0,0,0,0,4,4
1191,"Law and Justice (PiS)","Law and Justice (PiS)",5,3,"knowledgeable",7,7,5,6,5,6,4,6,7,3,"democratic","win",7,7,1,1,0,0,0,0,7,1
1192,"Civic Coalition (KO)","Civic Coalition (KO)",2,2,"knowledgeable",6,7,6,6,4,5,2,2,6,5,"undemocratic","win",7,6,1,1,-1,0,0,0,5,1
1193,"Civic Coalition (KO)","Civic Coalition (KO)",5,6,"knowledgeable",6,6,6,5,6,4,2,3,6,5,"democratic","lose",7,7,1,1,0,0,0,0,5,1
1194,"Civic Coalition (KO)","Civic Coalition (KO)",4,4,"knowledgeable",7,7,7,4,5,3,5,3,6,4,"undemocratic","lose",6,6,1,1,0,0,0,0,4,1
1196,"Law and Justice (PiS)","Law and Justice (PiS)",5,3,"knowledgeable",7,7,7,6,3,6,5,5,7,5,"democratic","win",7,7,1,1,0,0,0,0,6,1
1197,"Civic Coalition (KO)","Civic Coalition (KO)",7,7,"knowledgeable",7,7,7,5,4,2,5,3,7,5,"democratic","lose",6,6,1,1,0,0,0,0,5,1
1198,"Law and Justice (PiS)","Law and Justice (PiS)",3,3,"knowledgeable",6,6,7,6,4,7,4,6,6,5,"undemocratic","win",6,6,1,1,0,0,0,0,6,2
1200,"Civic Coalition (KO)","Civic Coalition (KO)",3,2,"knowledgeable",7,7,7,4,4,1,6,3,7,3,"undemocratic","win",7,7,1,1,0,0,0,0,5,1
1201,"Civic Coalition (KO)","Civic Coalition (KO)",5,6,"knowledgeable",7,7,7,3,5,1,NA,4,7,3,"undemocratic","lose",7,7,1,1,0,0,0,0,4,1
1202,"Civic Coalition (KO)","Civic Coalition (KO)",6,6,"knowledgeable",6,3,6,6,6,5,5,4,6,3,"democratic","lose",5,6,1,1,1,0,0,0,3,1
1203,"Law and Justice (PiS)","Law and Justice (PiS)",5,5,"knowledgeable",4,4,7,6,7,5,4,5,6,2,"undemocratic","win",7,6,4,4,-1,0,0,0,7,1
1205,"Civic Coalition (KO)","Civic Coalition (KO)",2,2,"knowledgeable",7,7,7,6,5,5,5,4,7,3,"undemocratic","lose",7,6,1,1,-1,0,0,0,5,1
1206,"Civic Coalition (KO)","Civic Coalition (KO)",3,2,"unknowledgeable",7,7,7,6,2,3,4,4,7,5,"undemocratic","win",7,7,1,1,0,0,0,0,5,1
1207,"Law and Justice (PiS)","Law and Justice (PiS)",4,5,"knowledgeable",6,4,6,4,5,4,1,5,6,5,"democratic","win",7,7,1,1,0,0,0,0,7,1
1208,"Law and Justice (PiS)","Law and Justice (PiS)",5,6,"knowledgeable",6,5,4,6,6,4,2,6,6,2,"undemocratic","win",6,6,6,6,0,0,0,0,4,4
1209,"Civic Coalition (KO)","Civic Coalition (KO)",6,5,"knowledgeable",7,7,7,5,6,3,4,3,7,5,"democratic","lose",6,7,1,1,1,0,0,0,5,1
1210,"Law and Justice (PiS)","Law and Justice (PiS)",4,4,"knowledgeable",6,6,6,3,6,4,3,6,7,2,"democratic","win",7,7,1,1,0,0,0,0,7,2
1211,"Law and Justice (PiS)","Law and Justice (PiS)",3,1,"knowledgeable",7,2,7,7,7,7,4,6,6,5,"undemocratic","lose",7,7,1,1,0,0,0,0,7,1
1212,"Civic Coalition (KO)","Civic Coalition (KO)",3,4,"unknowledgeable",3,5,6,5,5,5,3,5,2,3,"undemocratic","win",6,4,1,1,-2,0,0,0,5,1
1213,"Law and Justice (PiS)","Law and Justice (PiS)",2,2,"knowledgeable",5,2,7,6,6,5,3,6,6,5,"undemocratic","lose",7,7,1,1,0,0,0,0,5,1
1214,"Law and Justice (PiS)","Law and Justice (PiS)",5,4,"knowledgeable",6,6,6,5,5,5,5,5,6,2,"democratic","win",6,6,1,1,0,0,0,0,4,1
1215,"Civic Coalition (KO)","Civic Coalition (KO)",4,4,"knowledgeable",7,6,7,5,6,5,1,4,6,5,"undemocratic","lose",6,6,2,2,0,0,0,0,4,2
1216,"Civic Coalition (KO)","Civic Coalition (KO)",4,4,"knowledgeable",4,4,2,5,5,3,3,5,6,3,"undemocratic","lose",7,7,1,1,0,0,0,0,5,1
1217,"Civic Coalition (KO)","Civic Coalition (KO)",7,7,"knowledgeable",6,6,7,5,4,2,4,2,7,2,"democratic","lose",7,7,1,1,0,0,0,0,5,1
1218,"Law and Justice (PiS)","Law and Justice (PiS)",7,7,"knowledgeable",4,4,4,4,4,4,6,6,7,3,"undemocratic","win",7,7,1,1,0,0,0,0,7,1
1219,"Law and Justice (PiS)","Law and Justice (PiS)",7,6,"knowledgeable",7,5,7,5,5,5,NA,6,6,4,"undemocratic","lose",7,7,1,1,0,0,0,0,7,1
1220,"Civic Coalition (KO)","Civic Coalition (KO)",5,4,"knowledgeable",7,6,7,3,2,4,2,4,6,4,"undemocratic","lose",7,7,1,1,0,0,0,0,6,1
1221,"Civic Coalition (KO)","Abstain",1,1,"knowledgeable",6,2,7,1,5,1,3,4,7,5,"undemocratic","win",7,4,1,4,-3,3,0,1,5,1
1222,"Law and Justice (PiS)","Law and Justice (PiS)",1,1,"knowledgeable",7,7,7,1,1,3,2,6,6,5,"democratic","lose",7,7,1,1,0,0,0,0,7,1
1223,"Civic Coalition (KO)","Civic Coalition (KO)",3,4,"knowledgeable",7,6,7,7,7,7,4,5,7,4,"democratic","win",7,7,1,1,0,0,0,0,6,1
1224,"Law and Justice (PiS)","Law and Justice (PiS)",4,4,"knowledgeable",5,5,6,5,5,5,2,6,6,3,"democratic","win",7,7,1,1,0,0,0,0,6,1
1225,"Civic Coalition (KO)","Civic Coalition (KO)",5,6,"knowledgeable",1,7,6,1,7,1,5,3,7,4,"democratic","lose",7,7,1,1,0,0,0,0,6,1
1227,"Law and Justice (PiS)","Law and Justice (PiS)",5,5,"knowledgeable",7,7,7,7,7,7,6,7,7,3,"undemocratic","lose",7,7,1,1,0,0,0,0,7,1
1228,"Civic Coalition (KO)","Civic Coalition (KO)",4,4,"knowledgeable",5,4,5,4,4,1,NA,4,7,3,"democratic","lose",7,7,1,1,0,0,0,0,4,1
1229,"Law and Justice (PiS)","Law and Justice (PiS)",4,4,"knowledgeable",4,4,4,4,4,4,4,4,5,3,"democratic","win",6,6,1,1,0,0,0,0,5,2
1230,"Civic Coalition (KO)","Civic Coalition (KO)",3,2,"knowledgeable",7,6,7,6,7,3,5,2,7,4,"undemocratic","win",7,6,2,2,-1,0,0,0,7,2
1231,"Law and Justice (PiS)","Law and Justice (PiS)",7,7,"knowledgeable",7,1,5,5,1,4,2,4,7,5,"democratic","lose",7,7,7,7,0,0,0,0,4,4
1232,"Law and Justice (PiS)","Law and Justice (PiS)",5,5,"knowledgeable",5,5,5,5,5,5,1,6,6,2,"democratic","lose",6,6,6,6,0,0,0,0,4,3
1233,"Civic Coalition (KO)","Civic Coalition (KO)",2,2,"knowledgeable",7,7,7,6,7,5,3,2,7,4,"undemocratic","lose",6,7,1,1,1,0,0,0,2,1
1234,"Civic Coalition (KO)","Civic Coalition (KO)",3,4,"unknowledgeable",2,4,7,3,3,3,NA,4,6,4,"undemocratic","lose",6,6,1,1,0,0,0,0,2,1
1235,"Civic Coalition (KO)","Abstain",3,3,"knowledgeable",7,6,7,5,3,4,6,3,7,3,"undemocratic","win",4,3,1,1,-1,0,0,1,3,1
1236,"Law and Justice (PiS)","Law and Justice (PiS)",6,6,"unknowledgeable",4,4,4,4,4,4,3,6,4,2,"undemocratic","win",7,7,6,1,0,-5,0,0,7,1
1237,"Law and Justice (PiS)","Law and Justice (PiS)",3,5,"knowledgeable",5,5,5,3,5,5,5,4,5,3,"undemocratic","lose",6,6,5,5,0,0,0,0,4,2
1238,"Civic Coalition (KO)","Civic Coalition (KO)",1,2,"knowledgeable",7,7,7,1,1,1,NA,2,7,5,"democratic","win",7,6,1,1,-1,0,0,0,5,1
1239,"Law and Justice (PiS)","Law and Justice (PiS)",7,7,"knowledgeable",7,7,7,5,7,5,2,4,6,4,"democratic","lose",7,7,1,1,0,0,0,0,7,4
1241,"Civic Coalition (KO)","Abstain",1,2,"unknowledgeable",5,2,2,2,2,6,2,4,6,2,"undemocratic","win",6,2,1,2,-4,1,0,1,4,4
1242,"Law and Justice (PiS)","Law and Justice (PiS)",4,4,"knowledgeable",6,5,6,6,5,6,4,6,5,2,"undemocratic","win",7,7,1,1,0,0,0,0,6,3
1243,"Civic Coalition (KO)","Civic Coalition (KO)",4,3,"knowledgeable",7,6,7,2,4,2,5,4,7,4,"democratic","win",7,7,1,1,0,0,0,0,5,1
1245,"Civic Coalition (KO)","Civic Coalition (KO)",6,6,"knowledgeable",6,7,2,6,1,1,5,3,6,5,"democratic","win",7,7,1,1,0,0,0,0,7,1
1246,"Civic Coalition (KO)","Civic Coalition (KO)",4,5,"knowledgeable",5,5,5,5,5,5,4,4,6,3,"undemocratic","lose",6,6,2,2,0,0,0,0,4,1
1247,"Civic Coalition (KO)","Civic Coalition (KO)",5,5,"knowledgeable",5,6,5,2,6,4,3,3,6,5,"undemocratic","lose",7,7,1,1,0,0,0,0,4,1
1248,"Civic Coalition (KO)","Civic Coalition (KO)",4,4,"knowledgeable",5,6,1,5,6,1,NA,4,6,3,"democratic","lose",4,5,4,1,1,-3,0,0,3,2
1249,"Civic Coalition (KO)","Abstain",2,3,"knowledgeable",7,7,7,4,1,4,6,3,7,4,"democratic","win",6,4,1,1,-2,0,0,1,4,1
1250,"Law and Justice (PiS)","Law and Justice (PiS)",7,6,"knowledgeable",7,6,7,7,7,2,4,6,7,5,"undemocratic","win",7,7,1,1,0,0,0,0,7,1
1252,"Law and Justice (PiS)","Law and Justice (PiS)",7,7,"knowledgeable",7,6,7,6,5,3,5,6,7,2,"democratic","lose",7,7,7,5,0,-2,0,0,6,1
1253,"Civic Coalition (KO)","Civic Coalition (KO)",6,6,"knowledgeable",5,4,6,5,3,4,6,4,5,4,"undemocratic","lose",7,7,1,1,0,0,0,0,6,1
1254,"Civic Coalition (KO)","Civic Coalition (KO)",4,4,"unknowledgeable",5,4,5,5,4,5,4,4,6,2,"undemocratic","win",4,4,1,2,0,1,0,0,4,1
1255,"Civic Coalition (KO)","Law and Justice (PiS)",7,3,"unknowledgeable",6,6,6,6,6,6,1,5,5,1,"democratic","win",5,5,4,6,0,2,1,0,6,6
1256,"Law and Justice (PiS)","Law and Justice (PiS)",3,3,"knowledgeable",5,6,7,3,5,3,3,5,6,2,"democratic","lose",6,6,5,5,0,0,0,0,7,2
1257,"Civic Coalition (KO)","Civic Coalition (KO)",5,5,"knowledgeable",7,7,7,5,5,3,3,3,6,5,"democratic","win",7,7,1,1,0,0,0,0,5,2
1258,"Civic Coalition (KO)","Civic Coalition (KO)",5,6,"knowledgeable",7,7,7,6,6,6,1,3,7,5,"democratic","lose",6,6,1,1,0,0,0,0,4,2
1259,"Civic Coalition (KO)","Civic Coalition (KO)",4,4,"unknowledgeable",5,5,5,4,5,4,4,4,6,4,"undemocratic","lose",5,4,4,3,-1,-1,0,0,4,3
1260,"Law and Justice (PiS)","Law and Justice (PiS)",7,7,"unknowledgeable",7,7,5,5,5,5,2,6,6,2,"democratic","lose",1,1,5,7,0,2,0,0,7,7
1261,"Civic Coalition (KO)","Civic Coalition (KO)",2,3,"knowledgeable",7,1,7,7,7,7,5,3,6,5,"democratic","win",7,7,1,1,0,0,0,0,4,1
1262,"Civic Coalition (KO)","Civic Coalition (KO)",1,1,"knowledgeable",7,7,7,6,1,1,4,4,7,3,"undemocratic","win",7,4,1,1,-3,0,0,0,6,1
1263,"Civic Coalition (KO)","Civic Coalition (KO)",7,7,"unknowledgeable",6,2,7,5,4,7,6,2,6,1,"democratic","lose",7,7,1,1,0,0,0,0,4,1
1265,"Civic Coalition (KO)","Civic Coalition (KO)",3,3,"knowledgeable",7,7,7,1,1,1,4,3,7,5,"undemocratic","lose",7,7,1,1,0,0,0,0,6,1
1266,"Law and Justice (PiS)","Law and Justice (PiS)",4,4,"knowledgeable",7,4,6,6,6,6,5,6,5,5,"democratic","win",7,7,1,1,0,0,0,0,6,1
1268,"Law and Justice (PiS)","Law and Justice (PiS)",4,4,"knowledgeable",6,5,5,5,5,4,6,4,6,2,"democratic","win",4,4,2,2,0,0,0,0,4,2
1269,"Law and Justice (PiS)","Law and Justice (PiS)",4,4,"unknowledgeable",5,5,3,4,4,4,6,4,4,3,"democratic","lose",4,4,4,4,0,0,0,0,5,4
1270,"Law and Justice (PiS)","Law and Justice (PiS)",3,3,"knowledgeable",6,5,5,4,4,4,1,7,3,5,"undemocratic","win",7,7,1,1,0,0,0,0,6,1
1271,"Civic Coalition (KO)","Civic Coalition (KO)",3,5,"knowledgeable",7,7,7,5,6,4,3,2,6,5,"undemocratic","lose",6,6,1,1,0,0,0,0,6,1
1272,"Civic Coalition (KO)","Civic Coalition (KO)",1,2,"knowledgeable",7,7,7,6,7,7,5,3,7,3,"undemocratic","lose",7,6,1,1,-1,0,0,0,6,1
1273,"Law and Justice (PiS)","Law and Justice (PiS)",4,3,"unknowledgeable",6,5,6,5,5,5,1,4,5,3,"democratic","win",7,7,6,6,0,0,0,0,6,5
1274,"Civic Coalition (KO)","Civic Coalition (KO)",1,6,"knowledgeable",5,7,6,5,6,6,4,3,6,4,"undemocratic","win",7,7,3,1,0,-2,0,0,6,1
1276,"Law and Justice (PiS)","Law and Justice (PiS)",4,4,"unknowledgeable",5,4,5,4,4,4,2,4,4,3,"undemocratic","win",7,7,1,1,0,0,0,0,7,1
1278,"Law and Justice (PiS)","Law and Justice (PiS)",7,7,"knowledgeable",7,7,7,5,5,5,5,5,6,3,"democratic","lose",7,7,1,1,0,0,0,0,6,1
1279,"Civic Coalition (KO)","Civic Coalition (KO)",4,4,"knowledgeable",4,5,4,4,4,3,3,4,6,5,"democratic","win",4,6,1,2,2,1,0,0,5,1
1280,"Law and Justice (PiS)","Abstain",3,3,"knowledgeable",5,5,5,4,3,4,NA,4,4,3,"undemocratic","lose",4,4,4,4,0,0,0,1,5,4
1281,"Civic Coalition (KO)","Civic Coalition (KO)",5,4,"knowledgeable",6,5,6,6,5,4,4,2,7,5,"undemocratic","win",7,7,1,1,0,0,0,0,7,1
1282,"Law and Justice (PiS)","Law and Justice (PiS)",4,4,"knowledgeable",6,6,7,5,5,6,1,3,6,5,"undemocratic","win",6,4,3,4,-2,1,0,0,5,1
1284,"Civic Coalition (KO)","Civic Coalition (KO)",7,6,"knowledgeable",6,6,5,4,4,4,3,4,5,2,"democratic","lose",7,7,1,1,0,0,0,0,5,1
1285,"Civic Coalition (KO)","Civic Coalition (KO)",7,7,"knowledgeable",6,7,7,2,1,2,6,4,7,5,"democratic","lose",7,7,1,1,0,0,0,0,6,1
1286,"Civic Coalition (KO)","Civic Coalition (KO)",5,5,"knowledgeable",3,5,4,5,5,4,5,4,5,4,"democratic","lose",4,3,2,4,-1,2,0,0,5,2
1287,"Civic Coalition (KO)","Civic Coalition (KO)",6,5,"knowledgeable",7,6,7,7,5,4,4,2,7,5,"democratic","win",7,7,1,1,0,0,0,0,6,1
1288,"Law and Justice (PiS)","Law and Justice (PiS)",2,2,"knowledgeable",7,7,7,4,5,4,1,5,6,5,"democratic","win",7,7,1,1,0,0,0,0,5,4
1289,"Law and Justice (PiS)","Law and Justice (PiS)",4,3,"knowledgeable",5,4,4,5,5,4,1,2,7,4,"democratic","win",7,6,4,1,-1,-3,0,0,4,3
1290,"Civic Coalition (KO)","Civic Coalition (KO)",5,5,"knowledgeable",5,4,5,4,4,4,2,4,6,2,"undemocratic","win",6,6,6,6,0,0,0,0,5,5
1291,"Law and Justice (PiS)","Law and Justice (PiS)",5,5,"unknowledgeable",6,6,6,5,5,4,4,6,7,3,"undemocratic","win",7,7,1,1,0,0,0,0,6,2
1292,"Law and Justice (PiS)","Law and Justice (PiS)",5,4,"knowledgeable",5,5,7,3,5,4,2,6,6,4,"undemocratic","lose",7,7,5,4,0,-1,0,0,7,3
1293,"Law and Justice (PiS)","Law and Justice (PiS)",4,4,"knowledgeable",5,4,7,6,5,4,2,5,7,5,"undemocratic","win",7,7,1,1,0,0,0,0,5,1
1294,"Civic Coalition (KO)","Civic Coalition (KO)",2,2,"knowledgeable",5,4,1,4,6,4,5,3,4,3,"democratic","win",7,3,4,7,-4,3,0,0,3,1
1296,"Law and Justice (PiS)","Law and Justice (PiS)",7,7,"knowledgeable",7,4,4,7,7,7,2,6,4,3,"undemocratic","win",7,7,1,1,0,0,0,0,7,1
1297,"Law and Justice (PiS)","Law and Justice (PiS)",6,4,"knowledgeable",4,4,7,5,4,6,5,6,6,2,"undemocratic","lose",7,7,1,1,0,0,0,0,7,2
1298,"Law and Justice (PiS)","Law and Justice (PiS)",5,5,"unknowledgeable",7,6,6,6,6,6,4,4,6,3,"democratic","lose",7,7,5,4,0,-1,0,0,5,6
1299,"Law and Justice (PiS)","Civic Coalition (KO)",3,2,"knowledgeable",6,6,6,6,6,6,5,5,6,2,"democratic","win",7,7,3,4,0,1,1,0,2,2
1300,"Law and Justice (PiS)","Law and Justice (PiS)",4,4,"unknowledgeable",7,3,7,6,5,4,5,6,6,5,"democratic","win",6,6,1,1,0,0,0,0,4,1
1301,"Law and Justice (PiS)","Law and Justice (PiS)",6,6,"knowledgeable",7,6,7,7,7,7,4,4,6,2,"democratic","lose",7,7,1,1,0,0,0,0,7,1
1302,"Law and Justice (PiS)","Law and Justice (PiS)",2,6,"knowledgeable",7,5,3,7,5,2,3,6,6,5,"democratic","lose",7,7,1,1,0,0,0,0,7,1
1303,"Civic Coalition (KO)","Civic Coalition (KO)",4,3,"knowledgeable",7,6,7,6,4,3,NA,4,2,5,"undemocratic","win",7,6,1,2,-1,1,0,0,6,2
1304,"Civic Coalition (KO)","Civic Coalition (KO)",4,4,"knowledgeable",7,7,7,4,3,3,3,4,6,3,"democratic","win",7,7,1,1,0,0,0,0,6,1
1305,"Civic Coalition (KO)","Civic Coalition (KO)",7,7,"knowledgeable",7,7,7,6,2,6,5,3,7,5,"democratic","lose",7,7,1,1,0,0,0,0,6,1
1306,"Civic Coalition (KO)","Civic Coalition (KO)",5,5,"knowledgeable",6,5,4,3,4,1,6,4,6,2,"undemocratic","lose",6,6,6,6,0,0,0,0,4,4
1307,"Civic Coalition (KO)","Civic Coalition (KO)",3,3,"knowledgeable",7,7,7,6,7,1,4,2,7,4,"undemocratic","lose",7,6,1,1,-1,0,0,0,7,1
1309,"Civic Coalition (KO)","Civic Coalition (KO)",3,3,"unknowledgeable",7,7,7,3,5,3,4,4,6,3,"undemocratic","win",7,7,1,1,0,0,0,0,6,1
1310,"Civic Coalition (KO)","Civic Coalition (KO)",1,7,"knowledgeable",7,7,7,5,5,4,4,3,7,4,"democratic","lose",6,6,1,1,0,0,0,0,4,2
1311,"Law and Justice (PiS)","Law and Justice (PiS)",3,4,"unknowledgeable",6,5,5,6,5,5,4,4,4,2,"undemocratic","win",7,6,5,4,-1,-1,0,0,5,4
1312,"Civic Coalition (KO)","Civic Coalition (KO)",1,5,"knowledgeable",7,6,7,2,2,2,3,4,7,5,"undemocratic","lose",7,5,2,2,-2,0,0,0,6,1
1313,"Law and Justice (PiS)","Law and Justice (PiS)",5,3,"unknowledgeable",3,6,6,1,4,6,2,4,4,2,"democratic","lose",1,4,7,7,3,0,0,0,4,3
1315,"Law and Justice (PiS)","Law and Justice (PiS)",7,7,"knowledgeable",7,7,6,7,7,7,3,6,7,5,"undemocratic","lose",7,7,1,1,0,0,0,0,7,1
1316,"Civic Coalition (KO)","Abstain",4,4,"knowledgeable",5,4,3,3,5,4,NA,4,4,3,"democratic","win",6,5,2,3,-1,1,0,1,4,2
1317,"Civic Coalition (KO)","Civic Coalition (KO)",1,3,"knowledgeable",7,7,7,1,4,1,NA,5,7,5,"undemocratic","win",7,7,1,1,0,0,0,0,6,1
1318,"Law and Justice (PiS)","Law and Justice (PiS)",7,7,"knowledgeable",5,5,4,5,4,5,4,6,5,5,"undemocratic","lose",7,7,1,1,0,0,0,0,7,1
1319,"Civic Coalition (KO)","Civic Coalition (KO)",5,5,"knowledgeable",5,5,5,5,5,5,NA,4,6,3,"democratic","lose",4,5,2,2,1,0,0,0,5,5
1320,"Civic Coalition (KO)","Civic Coalition (KO)",5,6,"knowledgeable",5,5,4,5,5,4,5,4,6,3,"democratic","win",6,7,4,4,1,0,0,0,7,2
1321,"Law and Justice (PiS)","Law and Justice (PiS)",4,4,"knowledgeable",7,6,7,4,5,2,3,4,6,4,"democratic","lose",4,4,2,2,0,0,0,0,4,3
1324,"Civic Coalition (KO)","Civic Coalition (KO)",5,5,"knowledgeable",7,5,7,4,3,3,2,4,7,5,"undemocratic","lose",7,7,1,1,0,0,0,0,6,1
1325,"Law and Justice (PiS)","Law and Justice (PiS)",5,5,"unknowledgeable",3,1,2,1,1,3,2,6,6,4,"undemocratic","win",7,7,4,4,0,0,0,0,7,1
1326,"Civic Coalition (KO)","Civic Coalition (KO)",3,3,"unknowledgeable",4,3,7,4,5,2,4,4,2,2,"democratic","win",5,5,5,1,0,-4,0,0,1,1
1327,"Civic Coalition (KO)","Civic Coalition (KO)",4,4,"knowledgeable",7,6,7,6,6,3,4,3,6,4,"undemocratic","win",6,6,1,1,0,0,0,0,4,1
1328,"Law and Justice (PiS)","Law and Justice (PiS)",4,4,"unknowledgeable",5,4,6,5,5,7,2,6,6,5,"democratic","win",7,6,1,3,-1,2,0,0,6,1
1329,"Law and Justice (PiS)","Law and Justice (PiS)",4,4,"unknowledgeable",4,6,4,4,4,4,5,4,6,3,"undemocratic","win",4,4,4,4,0,0,0,0,4,4
1330,"Law and Justice (PiS)","Law and Justice (PiS)",4,4,"knowledgeable",5,2,5,4,5,4,4,4,6,5,"undemocratic","lose",6,6,2,2,0,0,0,0,5,4
1331,"Law and Justice (PiS)","Law and Justice (PiS)",6,6,"unknowledgeable",6,5,4,7,7,3,3,6,6,4,"undemocratic","win",7,7,4,1,0,-3,0,0,7,1
1332,"Civic Coalition (KO)","Civic Coalition (KO)",5,5,"knowledgeable",5,4,5,5,5,3,1,3,6,4,"democratic","lose",6,6,3,3,0,0,0,0,5,2
1333,"Civic Coalition (KO)","Civic Coalition (KO)",4,4,"knowledgeable",5,5,4,5,5,5,5,3,5,5,"democratic","lose",6,6,1,1,0,0,0,0,4,1
1334,"Law and Justice (PiS)","Law and Justice (PiS)",2,2,"unknowledgeable",7,7,7,7,7,7,2,4,7,3,"democratic","win",2,6,6,1,4,-5,0,0,5,1
1335,"Law and Justice (PiS)","Law and Justice (PiS)",5,4,"unknowledgeable",5,5,2,5,5,5,3,7,6,5,"undemocratic","lose",7,6,5,5,-1,0,0,0,5,3
1336,"Civic Coalition (KO)","Civic Coalition (KO)",3,4,"knowledgeable",6,7,7,5,4,4,5,4,7,4,"undemocratic","win",6,6,1,1,0,0,0,0,4,1
1337,"Civic Coalition (KO)","Civic Coalition (KO)",6,7,"knowledgeable",7,7,6,6,6,1,2,2,6,3,"undemocratic","lose",7,7,1,1,0,0,0,0,4,1
1338,"Civic Coalition (KO)","Civic Coalition (KO)",5,5,"unknowledgeable",6,5,5,5,5,4,2,2,6,3,"democratic","win",3,6,3,4,3,1,0,0,3,1
1339,"Civic Coalition (KO)","Civic Coalition (KO)",5,5,"knowledgeable",7,7,7,6,6,6,4,4,7,4,"democratic","lose",7,7,5,5,0,0,0,0,7,3
1340,"Civic Coalition (KO)","Civic Coalition (KO)",5,4,"knowledgeable",1,3,3,6,3,6,4,4,6,5,"democratic","win",7,7,1,1,0,0,0,0,4,2
1342,"Civic Coalition (KO)","Civic Coalition (KO)",4,4,"unknowledgeable",5,1,6,4,4,6,2,4,6,5,"undemocratic","lose",7,7,1,1,0,0,0,0,6,1
1343,"Civic Coalition (KO)","Civic Coalition (KO)",4,4,"knowledgeable",6,6,6,5,4,4,6,3,7,5,"undemocratic","win",6,7,1,1,1,0,0,0,5,1
1344,"Law and Justice (PiS)","Law and Justice (PiS)",5,4,"knowledgeable",7,5,7,6,5,6,3,6,6,5,"democratic","lose",7,7,1,1,0,0,0,0,7,1
1345,"Civic Coalition (KO)","Civic Coalition (KO)",5,5,"unknowledgeable",5,5,5,6,5,5,2,3,7,5,"undemocratic","lose",7,7,2,5,0,3,0,0,7,3
1346,"Civic Coalition (KO)","Civic Coalition (KO)",2,4,"knowledgeable",7,7,7,3,4,4,2,4,6,4,"undemocratic","win",6,4,1,1,-2,0,0,0,4,1
1347,"Civic Coalition (KO)","Civic Coalition (KO)",4,5,"knowledgeable",7,7,7,1,1,1,NA,4,7,4,"democratic","win",6,6,2,2,0,0,0,0,4,3
1348,"Law and Justice (PiS)","Civic Coalition (KO)",4,3,"knowledgeable",7,4,2,4,3,2,NA,4,4,5,"democratic","lose",3,4,5,4,1,-1,1,0,2,4
1349,"Law and Justice (PiS)","Abstain",2,3,"knowledgeable",5,7,5,1,3,1,3,6,5,3,"democratic","win",4,4,4,4,0,0,0,1,4,3
1350,"Civic Coalition (KO)","Civic Coalition (KO)",6,6,"knowledgeable",6,6,6,3,5,6,3,4,6,4,"democratic","lose",6,6,4,4,0,0,0,0,5,3
1351,"Civic Coalition (KO)","Civic Coalition (KO)",6,5,"unknowledgeable",7,1,7,7,7,4,3,2,7,4,"democratic","lose",7,7,1,1,0,0,0,0,7,1
1354,"Law and Justice (PiS)","Law and Justice (PiS)",3,4,"knowledgeable",5,3,5,5,5,2,NA,4,7,3,"undemocratic","win",6,6,5,5,0,0,0,0,3,1
1355,"Law and Justice (PiS)","Law and Justice (PiS)",6,4,"knowledgeable",5,5,5,5,5,5,3,5,5,5,"democratic","win",7,7,1,1,0,0,0,0,6,1
1356,"Civic Coalition (KO)","Civic Coalition (KO)",4,4,"knowledgeable",7,7,7,3,3,2,3,3,7,5,"undemocratic","win",7,7,1,1,0,0,0,0,6,1
1357,"Law and Justice (PiS)","Law and Justice (PiS)",2,2,"knowledgeable",7,7,7,7,7,7,5,6,7,5,"undemocratic","lose",7,4,1,1,-3,0,0,0,7,1
1358,"Civic Coalition (KO)","Abstain",2,2,"knowledgeable",4,6,6,5,5,5,4,4,4,2,"democratic","win",4,4,4,4,0,0,0,1,4,1
1359,"Law and Justice (PiS)","Law and Justice (PiS)",6,5,"knowledgeable",6,6,6,2,2,6,4,6,6,3,"undemocratic","win",4,7,4,5,3,1,0,0,5,1
1360,"Civic Coalition (KO)","Civic Coalition (KO)",5,5,"knowledgeable",7,6,6,3,5,5,3,4,6,4,"undemocratic","lose",6,6,2,2,0,0,0,0,5,4
1361,"Law and Justice (PiS)","Law and Justice (PiS)",4,4,"unknowledgeable",6,6,6,3,3,2,3,4,7,5,"undemocratic","win",7,6,5,5,-1,0,0,0,4,3
1363,"Civic Coalition (KO)","Civic Coalition (KO)",6,4,"unknowledgeable",7,7,7,5,7,5,4,5,5,2,"democratic","lose",5,4,3,2,-1,-1,0,0,4,6
1364,"Civic Coalition (KO)","Civic Coalition (KO)",7,7,"knowledgeable",7,7,7,7,7,6,3,4,7,5,"democratic","lose",7,7,1,1,0,0,0,0,6,1
1365,"Civic Coalition (KO)","Civic Coalition (KO)",6,6,"knowledgeable",6,6,7,7,6,6,3,4,6,3,"undemocratic","lose",7,6,1,1,-1,0,0,0,4,1
1366,"Law and Justice (PiS)","Law and Justice (PiS)",5,1,"knowledgeable",7,6,7,5,5,5,4,6,6,5,"democratic","win",6,6,3,4,0,1,0,0,6,5
1367,"Civic Coalition (KO)","Civic Coalition (KO)",4,4,"knowledgeable",7,7,7,2,5,1,NA,2,7,5,"undemocratic","win",7,6,2,2,-1,0,0,0,5,1
1368,"Civic Coalition (KO)","Civic Coalition (KO)",4,6,"unknowledgeable",5,5,5,5,5,5,4,4,5,3,"undemocratic","win",6,6,1,1,0,0,0,0,4,3
1370,"Civic Coalition (KO)","Civic Coalition (KO)",3,3,"unknowledgeable",6,6,6,5,3,5,5,4,7,4,"undemocratic","lose",4,6,6,5,2,-1,0,0,6,3
1371,"Civic Coalition (KO)","Civic Coalition (KO)",1,1,"knowledgeable",7,6,1,5,2,2,NA,1,7,5,"democratic","win",7,1,1,1,-6,0,0,0,1,1
1372,"Civic Coalition (KO)","Civic Coalition (KO)",5,6,"knowledgeable",7,7,5,3,3,3,6,5,6,2,"democratic","lose",6,6,2,2,0,0,0,0,6,1
1373,"Civic Coalition (KO)","Abstain",2,2,"knowledgeable",7,7,7,2,2,2,5,4,7,5,"undemocratic","win",6,3,1,1,-3,0,0,1,6,1
1374,"Civic Coalition (KO)","Civic Coalition (KO)",4,3,"knowledgeable",5,5,5,5,5,5,4,4,5,2,"undemocratic","win",6,6,5,5,0,0,0,0,5,2
1375,"Civic Coalition (KO)","Civic Coalition (KO)",7,7,"knowledgeable",7,6,6,5,6,5,NA,4,6,5,"democratic","lose",6,6,1,1,0,0,0,0,6,1
1376,"Civic Coalition (KO)","Civic Coalition (KO)",3,3,"knowledgeable",7,7,7,5,4,5,2,3,6,4,"undemocratic","lose",6,6,1,1,0,0,0,0,2,1
1377,"Law and Justice (PiS)","Law and Justice (PiS)",3,3,"knowledgeable",7,6,7,7,7,7,5,6,5,5,"undemocratic","lose",7,7,1,1,0,0,0,0,7,1
1378,"Civic Coalition (KO)","Civic Coalition (KO)",4,4,"knowledgeable",6,6,6,3,6,5,4,4,6,5,"democratic","win",7,7,1,1,0,0,0,0,6,2
1379,"Law and Justice (PiS)","Law and Justice (PiS)",5,5,"unknowledgeable",6,5,4,5,6,5,NA,4,6,3,"democratic","win",7,7,4,4,0,0,0,0,5,3
1380,"Civic Coalition (KO)","Abstain",3,3,"unknowledgeable",4,2,7,6,3,3,2,5,6,1,"democratic","lose",1,2,2,1,1,-1,0,1,3,1
1381,"Law and Justice (PiS)","Law and Justice (PiS)",5,4,"knowledgeable",7,5,6,5,6,6,4,5,6,5,"undemocratic","win",7,7,1,1,0,0,0,0,5,1
1382,"Law and Justice (PiS)","Law and Justice (PiS)",5,6,"unknowledgeable",5,6,7,7,6,6,2,5,6,4,"democratic","lose",5,6,7,3,1,-4,0,0,5,2
1383,"Civic Coalition (KO)","Civic Coalition (KO)",7,6,"unknowledgeable",7,7,7,4,5,4,4,4,7,1,"democratic","lose",7,7,1,1,0,0,0,0,6,1
1384,"Law and Justice (PiS)","Law and Justice (PiS)",7,5,"unknowledgeable",7,5,6,7,6,7,2,6,7,5,"democratic","win",7,7,1,1,0,0,0,0,7,1
1385,"Civic Coalition (KO)","Civic Coalition (KO)",4,3,"knowledgeable",5,5,3,3,3,3,3,4,5,2,"democratic","win",4,4,4,4,0,0,0,0,4,4
1386,"Civic Coalition (KO)","Civic Coalition (KO)",3,3,"knowledgeable",7,7,7,6,2,4,6,3,7,5,"undemocratic","lose",7,7,1,1,0,0,0,0,7,1
1388,"Civic Coalition (KO)","Civic Coalition (KO)",5,4,"unknowledgeable",7,7,7,2,1,3,1,4,6,5,"democratic","win",6,5,1,1,-1,0,0,0,4,1
1389,"Law and Justice (PiS)","Abstain",3,3,"knowledgeable",7,6,6,3,3,3,5,6,6,2,"undemocratic","win",6,5,2,5,-1,3,0,1,2,2
1390,"Law and Justice (PiS)","Law and Justice (PiS)",6,6,"knowledgeable",7,2,6,6,6,6,1,6,7,5,"democratic","lose",7,7,1,1,0,0,0,0,7,1
1391,"Civic Coalition (KO)","Civic Coalition (KO)",5,2,"unknowledgeable",4,6,3,4,3,5,5,3,5,2,"undemocratic","lose",4,4,6,4,0,-2,0,0,5,1
1392,"Law and Justice (PiS)","Law and Justice (PiS)",6,5,"unknowledgeable",5,5,4,5,5,5,5,6,6,4,"undemocratic","lose",6,7,2,1,1,-1,0,0,7,1
1394,"Civic Coalition (KO)","Civic Coalition (KO)",7,5,"unknowledgeable",5,4,1,3,7,6,6,2,7,5,"democratic","lose",7,7,1,1,0,0,0,0,5,1
1395,"Civic Coalition (KO)","Civic Coalition (KO)",4,3,"knowledgeable",6,6,6,5,3,3,1,4,6,5,"undemocratic","lose",6,6,5,5,0,0,0,0,6,4
1396,"Civic Coalition (KO)","Civic Coalition (KO)",5,5,"knowledgeable",6,6,6,2,5,4,5,3,6,2,"democratic","win",7,7,3,2,0,-1,0,0,6,2
1398,"Civic Coalition (KO)","Civic Coalition (KO)",4,4,"knowledgeable",1,1,7,4,5,1,5,3,7,5,"undemocratic","lose",7,7,1,1,0,0,0,0,6,1
1399,"Civic Coalition (KO)","Abstain",3,3,"knowledgeable",6,4,7,6,6,3,NA,4,4,2,"undemocratic","win",6,3,3,3,-3,0,0,1,3,1
1400,"Civic Coalition (KO)","Civic Coalition (KO)",7,7,"knowledgeable",5,6,3,5,6,4,6,3,7,4,"undemocratic","win",7,7,1,1,0,0,0,0,6,1
1401,"Law and Justice (PiS)","Law and Justice (PiS)",5,4,"knowledgeable",7,5,7,7,4,7,3,5,6,3,"undemocratic","win",7,7,1,1,0,0,0,0,6,1
1402,"Civic Coalition (KO)","Civic Coalition (KO)",5,5,"unknowledgeable",7,7,7,2,2,3,2,5,6,2,"undemocratic","lose",6,6,3,2,0,-1,0,0,3,1
1403,"Civic Coalition (KO)","Civic Coalition (KO)",2,4,"unknowledgeable",2,7,7,2,3,5,4,4,6,4,"democratic","win",7,7,1,1,0,0,0,0,7,1
1404,"Civic Coalition (KO)","Civic Coalition (KO)",5,2,"knowledgeable",7,6,6,6,6,6,6,4,7,3,"democratic","lose",7,7,6,1,0,-5,0,0,5,1
1405,"Civic Coalition (KO)","Civic Coalition (KO)",1,1,"knowledgeable",7,6,7,4,4,1,2,4,7,5,"undemocratic","win",7,7,1,1,0,0,0,0,7,1
1406,"Civic Coalition (KO)","Civic Coalition (KO)",2,3,"knowledgeable",6,6,6,2,2,3,2,3,6,3,"democratic","win",6,5,1,1,-1,0,0,0,4,1
1407,"Law and Justice (PiS)","Law and Justice (PiS)",5,5,"knowledgeable",4,4,4,4,4,4,3,6,6,5,"undemocratic","lose",7,4,1,4,-3,3,0,0,6,1
1408,"Law and Justice (PiS)","Law and Justice (PiS)",2,1,"knowledgeable",6,6,6,6,6,6,1,7,5,5,"democratic","lose",7,7,1,1,0,0,0,0,7,1
1409,"Law and Justice (PiS)","Law and Justice (PiS)",4,4,"knowledgeable",7,7,6,5,7,7,4,5,6,3,"undemocratic","lose",6,6,2,3,0,1,0,0,5,2
1410,"Civic Coalition (KO)","Civic Coalition (KO)",7,7,"knowledgeable",7,7,7,7,7,7,4,1,7,5,"democratic","lose",7,7,1,1,0,0,0,0,7,1
1411,"Civic Coalition (KO)","Civic Coalition (KO)",3,3,"knowledgeable",4,3,4,4,3,4,3,4,3,4,"undemocratic","lose",7,6,4,4,-1,0,0,0,5,2
1412,"Law and Justice (PiS)","Law and Justice (PiS)",1,1,"knowledgeable",7,7,7,5,5,2,5,7,7,4,"undemocratic","win",7,7,1,1,0,0,0,0,6,2
1413,"Civic Coalition (KO)","Civic Coalition (KO)",4,3,"knowledgeable",4,4,3,4,3,3,2,4,5,5,"undemocratic","win",7,7,1,1,0,0,0,0,6,1
1414,"Civic Coalition (KO)","Civic Coalition (KO)",6,7,"knowledgeable",7,7,7,5,1,1,6,4,7,5,"democratic","lose",7,7,1,1,0,0,0,0,7,1
1416,"Law and Justice (PiS)","Law and Justice (PiS)",4,4,"knowledgeable",6,6,7,1,1,1,4,5,6,4,"undemocratic","win",7,7,1,1,0,0,0,0,6,1
1418,"Civic Coalition (KO)","Civic Coalition (KO)",4,3,"knowledgeable",7,5,4,5,6,6,4,2,6,4,"democratic","win",6,6,1,1,0,0,0,0,6,1
1420,"Law and Justice (PiS)","Law and Justice (PiS)",7,6,"unknowledgeable",6,6,6,6,6,6,6,4,5,3,"undemocratic","win",7,7,1,1,0,0,0,0,7,1
1421,"Law and Justice (PiS)","Law and Justice (PiS)",3,3,"knowledgeable",6,7,7,4,3,2,5,6,6,3,"undemocratic","lose",7,5,4,2,-2,-2,0,0,4,3
1422,"Civic Coalition (KO)","Civic Coalition (KO)",5,5,"knowledgeable",6,6,6,6,6,6,5,2,6,5,"democratic","lose",7,7,1,1,0,0,0,0,5,1
1423,"Civic Coalition (KO)","Civic Coalition (KO)",4,4,"knowledgeable",7,7,7,6,1,5,3,4,7,5,"democratic","win",7,7,1,1,0,0,0,0,7,1
1424,"Civic Coalition (KO)","Civic Coalition (KO)",5,5,"knowledgeable",7,6,6,4,5,3,2,4,6,5,"democratic","lose",7,7,1,1,0,0,0,0,4,1
1425,"Civic Coalition (KO)","Civic Coalition (KO)",3,4,"knowledgeable",4,4,6,4,5,6,4,3,5,5,"undemocratic","win",6,6,1,1,0,0,0,0,5,1
1427,"Civic Coalition (KO)","Civic Coalition (KO)",4,4,"knowledgeable",4,4,3,4,5,4,4,4,6,3,"undemocratic","lose",6,6,1,1,0,0,0,0,4,2
1428,"Civic Coalition (KO)","Civic Coalition (KO)",5,5,"knowledgeable",7,7,7,4,3,4,5,3,6,4,"democratic","win",6,6,5,5,0,0,0,0,5,3
1429,"Law and Justice (PiS)","Law and Justice (PiS)",4,5,"knowledgeable",5,4,5,5,5,5,2,7,5,3,"democratic","win",6,6,2,2,0,0,0,0,5,2
1430,"Civic Coalition (KO)","Civic Coalition (KO)",4,4,"knowledgeable",2,6,1,7,6,1,NA,3,6,5,"undemocratic","lose",7,7,1,1,0,0,0,0,6,1
1431,"Civic Coalition (KO)","Civic Coalition (KO)",3,3,"knowledgeable",5,6,6,2,4,2,5,4,6,3,"democratic","win",6,6,1,1,0,0,0,0,5,1
1433,"Civic Coalition (KO)","Civic Coalition (KO)",5,6,"knowledgeable",6,6,6,4,4,4,3,2,6,5,"democratic","lose",7,7,2,1,0,-1,0,0,5,3
1436,"Civic Coalition (KO)","Abstain",2,3,"knowledgeable",5,5,7,5,7,2,NA,1,6,2,"undemocratic","win",2,2,1,1,0,0,0,1,2,1
1437,"Civic Coalition (KO)","Civic Coalition (KO)",2,1,"knowledgeable",7,7,7,2,3,1,4,3,7,2,"democratic","win",6,6,1,1,0,0,0,0,5,1
1438,"Law and Justice (PiS)","Law and Justice (PiS)",1,2,"unknowledgeable",7,6,7,3,7,4,NA,4,6,3,"undemocratic","lose",7,7,1,1,0,0,0,0,6,1
1439,"Law and Justice (PiS)","Law and Justice (PiS)",7,7,"knowledgeable",7,5,6,6,6,5,NA,5,5,3,"undemocratic","win",7,6,5,1,-1,-4,0,0,5,4
1440,"Civic Coalition (KO)","Civic Coalition (KO)",4,4,"knowledgeable",3,5,3,4,5,4,5,4,6,4,"democratic","win",6,6,1,1,0,0,0,0,4,1
1441,"Law and Justice (PiS)","Law and Justice (PiS)",6,7,"knowledgeable",7,7,7,5,5,6,3,6,7,5,"democratic","lose",6,7,2,1,1,-1,0,0,7,1
1442,"Civic Coalition (KO)","Civic Coalition (KO)",1,1,"knowledgeable",7,7,7,4,7,5,5,4,7,4,"undemocratic","win",6,6,1,1,0,0,0,0,4,1
1443,"Civic Coalition (KO)","Civic Coalition (KO)",4,5,"knowledgeable",7,5,7,3,3,3,4,3,7,4,"undemocratic","lose",7,7,1,1,0,0,0,0,7,1
1444,"Civic Coalition (KO)","Civic Coalition (KO)",4,4,"knowledgeable",7,7,6,4,3,3,5,2,7,5,"undemocratic","win",7,6,1,1,-1,0,0,0,4,1
1445,"Law and Justice (PiS)","Law and Justice (PiS)",6,5,"knowledgeable",6,4,3,6,7,6,2,6,4,3,"democratic","lose",6,7,4,1,1,-3,0,0,7,6
1446,"Law and Justice (PiS)","Law and Justice (PiS)",4,4,"knowledgeable",5,5,5,5,5,5,2,5,3,2,"undemocratic","win",6,6,2,2,0,0,0,0,5,3
1447,"Civic Coalition (KO)","Civic Coalition (KO)",5,4,"knowledgeable",7,7,7,7,7,7,5,4,7,4,"undemocratic","lose",7,7,1,1,0,0,0,0,5,1
1448,"Law and Justice (PiS)","Law and Justice (PiS)",4,4,"knowledgeable",5,4,3,4,4,5,4,4,4,2,"democratic","win",6,5,3,3,-1,0,0,0,4,3
1449,"Law and Justice (PiS)","Law and Justice (PiS)",5,5,"knowledgeable",5,5,5,3,5,4,6,4,5,2,"democratic","lose",6,6,5,3,0,-2,0,0,6,2
1450,"Civic Coalition (KO)","Civic Coalition (KO)",6,7,"knowledgeable",7,7,7,5,6,4,3,5,7,3,"democratic","lose",7,6,2,2,-1,0,0,0,4,2
1451,"Law and Justice (PiS)","Law and Justice (PiS)",3,5,"knowledgeable",6,7,7,6,6,6,5,4,6,2,"undemocratic","lose",4,4,4,4,0,0,0,0,4,4
1453,"Civic Coalition (KO)","Civic Coalition (KO)",1,1,"knowledgeable",7,7,7,2,1,1,3,4,7,5,"undemocratic","win",7,7,3,2,0,-1,0,0,6,1
1454,"Civic Coalition (KO)","Civic Coalition (KO)",3,2,"knowledgeable",5,5,5,5,5,4,4,4,6,2,"undemocratic","lose",7,7,1,1,0,0,0,0,5,1
1455,"Law and Justice (PiS)","Abstain",4,3,"knowledgeable",6,5,6,6,6,5,4,4,6,5,"democratic","win",6,5,6,6,-1,0,0,1,4,4
1456,"Law and Justice (PiS)","Civic Coalition (KO)",1,4,"knowledgeable",5,6,6,2,6,4,2,3,3,2,"democratic","lose",6,2,1,7,-4,6,1,0,3,3
1457,"Civic Coalition (KO)","Civic Coalition (KO)",6,5,"knowledgeable",6,7,6,4,3,3,4,3,6,5,"democratic","win",7,7,1,1,0,0,0,0,5,1
1458,"Civic Coalition (KO)","Civic Coalition (KO)",4,2,"knowledgeable",7,7,7,2,2,4,3,4,6,5,"undemocratic","win",7,7,1,1,0,0,0,0,6,1
1459,"Civic Coalition (KO)","Civic Coalition (KO)",5,5,"knowledgeable",5,6,5,5,5,5,4,6,6,5,"democratic","lose",6,6,1,2,0,1,0,0,5,1
1461,"Civic Coalition (KO)","Civic Coalition (KO)",4,3,"unknowledgeable",5,4,5,4,5,5,6,6,6,3,"democratic","win",6,6,2,2,0,0,0,0,4,2
1462,"Law and Justice (PiS)","Law and Justice (PiS)",5,4,"knowledgeable",5,5,5,5,5,4,NA,5,6,3,"undemocratic","lose",6,7,1,1,1,0,0,0,5,2
1463,"Civic Coalition (KO)","Civic Coalition (KO)",4,4,"knowledgeable",7,7,7,1,1,1,6,3,7,5,"democratic","lose",6,6,1,1,0,0,0,0,4,1
1464,"Law and Justice (PiS)","Law and Justice (PiS)",4,4,"knowledgeable",5,5,7,5,5,4,4,4,4,3,"undemocratic","win",7,7,2,2,0,0,0,0,7,2
1465,"Law and Justice (PiS)","Law and Justice (PiS)",1,2,"knowledgeable",7,7,7,7,7,7,6,4,6,5,"undemocratic","lose",7,6,1,2,-1,1,0,0,7,1
1466,"Civic Coalition (KO)","Civic Coalition (KO)",1,2,"knowledgeable",7,7,7,6,3,3,6,4,7,5,"undemocratic","win",7,7,1,1,0,0,0,0,6,1
1469,"Civic Coalition (KO)","Civic Coalition (KO)",6,6,"knowledgeable",7,1,7,7,1,5,2,3,7,3,"democratic","win",6,6,1,1,0,0,0,0,6,1
1470,"Civic Coalition (KO)","Civic Coalition (KO)",1,3,"knowledgeable",6,5,6,4,5,3,NA,2,6,5,"undemocratic","lose",7,7,1,1,0,0,0,0,5,1
1471,"Civic Coalition (KO)","Civic Coalition (KO)",4,2,"unknowledgeable",4,5,4,3,4,5,3,2,3,2,"undemocratic","win",5,4,3,6,-1,3,0,0,6,1
1472,"Law and Justice (PiS)","Law and Justice (PiS)",7,6,"knowledgeable",6,6,3,4,5,6,2,6,7,5,"democratic","lose",6,7,1,1,1,0,0,0,7,1
1473,"Law and Justice (PiS)","Law and Justice (PiS)",4,5,"knowledgeable",5,5,3,3,5,3,NA,4,4,4,"democratic","win",6,5,4,6,-1,2,0,0,5,4
1474,"Law and Justice (PiS)","Law and Justice (PiS)",4,4,"knowledgeable",2,2,6,6,6,6,5,6,6,3,"undemocratic","lose",7,7,1,1,0,0,0,0,6,1
1475,"Civic Coalition (KO)","Civic Coalition (KO)",7,7,"unknowledgeable",6,7,7,1,4,1,6,2,7,3,"democratic","lose",7,7,1,1,0,0,0,0,7,1
1477,"Civic Coalition (KO)","Civic Coalition (KO)",4,4,"knowledgeable",7,7,7,1,1,4,6,1,7,5,"democratic","win",7,7,1,1,0,0,0,0,7,1
1479,"Civic Coalition (KO)","Abstain",2,3,"knowledgeable",6,7,7,1,2,1,3,2,7,2,"undemocratic","lose",5,4,1,1,-1,0,0,1,3,1
1480,"Civic Coalition (KO)","Civic Coalition (KO)",4,2,"unknowledgeable",7,7,7,7,7,5,4,4,5,1,"undemocratic","win",7,7,1,1,0,0,0,0,5,1
1481,"Civic Coalition (KO)","Law and Justice (PiS)",4,3,"unknowledgeable",7,5,7,6,7,5,4,5,2,3,"undemocratic","win",7,6,1,5,-1,4,1,0,4,1
1482,"Civic Coalition (KO)","Civic Coalition (KO)",4,4,"unknowledgeable",5,2,6,6,3,6,1,4,7,5,"undemocratic","win",4,4,1,1,0,0,0,0,2,1
1483,"Civic Coalition (KO)","Civic Coalition (KO)",4,4,"unknowledgeable",5,5,7,4,5,6,5,3,6,4,"undemocratic","win",7,7,1,1,0,0,0,0,6,1
1484,"Law and Justice (PiS)","Law and Justice (PiS)",1,1,"unknowledgeable",7,6,7,6,7,5,6,6,7,2,"undemocratic","lose",7,6,3,4,-1,1,0,0,7,1
1485,"Civic Coalition (KO)","Civic Coalition (KO)",3,5,"unknowledgeable",7,4,6,7,3,5,3,4,6,3,"democratic","win",6,5,2,2,-1,0,0,0,5,3
1486,"Law and Justice (PiS)","Law and Justice (PiS)",6,7,"unknowledgeable",6,5,6,3,5,2,3,6,6,3,"democratic","lose",7,7,3,1,0,-2,0,0,6,2
1487,"Civic Coalition (KO)","Civic Coalition (KO)",7,6,"knowledgeable",7,7,7,4,3,4,2,3,7,5,"democratic","lose",7,7,1,1,0,0,0,0,6,1
1488,"Civic Coalition (KO)","Civic Coalition (KO)",3,2,"knowledgeable",2,7,7,5,4,2,6,4,7,2,"undemocratic","win",7,7,1,1,0,0,0,0,6,1
1489,"Civic Coalition (KO)","Civic Coalition (KO)",4,4,"knowledgeable",5,4,2,7,5,4,5,4,5,3,"undemocratic","lose",6,7,2,1,1,-1,0,0,4,4
1490,"Law and Justice (PiS)","Law and Justice (PiS)",4,4,"knowledgeable",7,5,7,3,2,7,2,5,7,4,"democratic","lose",7,7,1,1,0,0,0,0,5,1
1491,"Law and Justice (PiS)","Law and Justice (PiS)",4,4,"knowledgeable",7,5,6,6,6,5,4,4,6,2,"undemocratic","win",4,4,4,4,0,0,0,0,4,3
1492,"Civic Coalition (KO)","Civic Coalition (KO)",6,6,"knowledgeable",5,3,1,2,6,5,3,4,4,2,"democratic","lose",4,6,1,1,2,0,0,0,3,1
1493,"Civic Coalition (KO)","Civic Coalition (KO)",5,5,"knowledgeable",7,7,7,4,4,5,3,4,7,5,"democratic","win",7,7,1,1,0,0,0,0,7,1
1494,"Civic Coalition (KO)","Civic Coalition (KO)",1,1,"knowledgeable",7,6,7,2,2,3,4,4,6,3,"undemocratic","win",7,6,1,1,-1,0,0,0,4,1
1495,"Civic Coalition (KO)","Civic Coalition (KO)",4,2,"unknowledgeable",6,3,7,4,4,6,NA,6,6,4,"democratic","win",6,7,1,1,1,0,0,0,4,1
1496,"Civic Coalition (KO)","Civic Coalition (KO)",4,3,"knowledgeable",7,7,7,5,5,4,4,2,7,5,"undemocratic","lose",6,6,1,1,0,0,0,0,6,1
1497,"Civic Coalition (KO)","Civic Coalition (KO)",3,2,"unknowledgeable",6,6,7,2,6,4,3,4,6,5,"undemocratic","win",6,7,1,1,1,0,0,0,5,2
1499,"Civic Coalition (KO)","Civic Coalition (KO)",2,2,"knowledgeable",5,6,4,5,5,5,NA,5,6,3,"democratic","win",6,6,2,5,0,3,0,0,4,4
1500,"Civic Coalition (KO)","Civic Coalition (KO)",5,5,"knowledgeable",6,6,6,5,1,5,3,2,4,2,"undemocratic","win",7,7,3,2,0,-1,0,0,5,1
1501,"Law and Justice (PiS)","Law and Justice (PiS)",6,6,"knowledgeable",7,6,6,4,3,2,4,5,6,4,"democratic","lose",6,6,3,5,0,2,0,0,5,2
1502,"Civic Coalition (KO)","Civic Coalition (KO)",6,7,"knowledgeable",7,7,7,5,4,1,3,3,6,5,"democratic","lose",6,6,1,1,0,0,0,0,5,1
1503,"Law and Justice (PiS)","Law and Justice (PiS)",6,6,"knowledgeable",6,5,5,5,5,5,4,5,6,5,"democratic","win",7,7,1,1,0,0,0,0,6,1
1504,"Civic Coalition (KO)","Civic Coalition (KO)",4,4,"knowledgeable",6,6,5,5,3,4,5,4,6,4,"undemocratic","win",6,6,2,2,0,0,0,0,5,1
1505,"Law and Justice (PiS)","Abstain",1,1,"knowledgeable",7,5,7,5,5,3,3,4,6,4,"undemocratic","win",4,4,4,4,0,0,0,1,5,4
1507,"Law and Justice (PiS)","Law and Justice (PiS)",2,3,"knowledgeable",7,7,7,7,6,2,4,5,6,5,"undemocratic","lose",6,6,5,3,0,-2,0,0,5,3
1508,"Civic Coalition (KO)","Civic Coalition (KO)",6,6,"knowledgeable",7,7,7,6,6,1,3,4,7,5,"democratic","lose",7,7,1,1,0,0,0,0,5,1
1509,"Civic Coalition (KO)","Civic Coalition (KO)",1,7,"knowledgeable",4,4,4,4,4,4,NA,4,6,3,"democratic","win",7,7,1,1,0,0,0,0,7,1
1510,"Law and Justice (PiS)","Law and Justice (PiS)",4,3,"knowledgeable",6,3,4,5,4,3,2,4,2,3,"undemocratic","lose",6,6,4,5,0,1,0,0,6,5
1511,"Civic Coalition (KO)","Civic Coalition (KO)",4,4,"unknowledgeable",6,1,7,5,5,7,5,4,5,1,"undemocratic","win",5,3,3,5,-2,2,0,0,1,7
1512,"Law and Justice (PiS)","Civic Coalition (KO)",4,4,"unknowledgeable",7,4,3,5,3,6,4,3,4,2,"undemocratic","lose",4,7,7,3,3,-4,1,0,4,4
1513,"Civic Coalition (KO)","Civic Coalition (KO)",6,6,"knowledgeable",6,7,7,5,6,5,NA,1,7,1,"democratic","lose",7,7,1,1,0,0,0,0,6,2
1514,"Civic Coalition (KO)","Civic Coalition (KO)",4,4,"knowledgeable",7,7,7,1,1,1,1,4,6,4,"undemocratic","win",7,7,1,1,0,0,0,0,4,1
1517,"Law and Justice (PiS)","Law and Justice (PiS)",4,1,"knowledgeable",3,5,5,3,4,2,4,4,3,3,"democratic","win",3,4,5,1,1,-4,0,0,4,1
1518,"Civic Coalition (KO)","Civic Coalition (KO)",6,6,"knowledgeable",6,6,7,3,6,2,3,4,6,5,"democratic","lose",7,7,1,1,0,0,0,0,6,1
1519,"Civic Coalition (KO)","Civic Coalition (KO)",7,7,"knowledgeable",6,6,2,6,6,6,2,4,7,5,"democratic","win",7,7,3,1,0,-2,0,0,1,2
1520,"Civic Coalition (KO)","Civic Coalition (KO)",2,2,"knowledgeable",7,7,6,3,1,1,2,4,7,3,"democratic","win",6,6,1,1,0,0,0,0,5,1
1521,"Civic Coalition (KO)","Civic Coalition (KO)",3,3,"knowledgeable",7,7,7,1,1,1,6,4,7,3,"undemocratic","lose",7,7,1,1,0,0,0,0,5,1
1523,"Civic Coalition (KO)","Abstain",1,1,"knowledgeable",7,1,7,5,3,1,3,3,6,2,"democratic","win",7,5,1,2,-2,1,0,1,4,1
1524,"Law and Justice (PiS)","Law and Justice (PiS)",7,4,"unknowledgeable",4,6,2,5,5,5,NA,7,4,2,"democratic","lose",7,7,1,1,0,0,0,0,7,1
1526,"Civic Coalition (KO)","Civic Coalition (KO)",1,3,"knowledgeable",6,6,7,2,3,3,4,4,6,3,"undemocratic","lose",7,6,1,1,-1,0,0,0,6,1
1527,"Civic Coalition (KO)","Civic Coalition (KO)",5,5,"knowledgeable",6,5,5,5,5,3,2,4,6,5,"democratic","lose",6,6,5,5,0,0,0,0,4,3
1528,"Law and Justice (PiS)","Law and Justice (PiS)",6,7,"knowledgeable",6,6,6,6,6,5,1,6,7,5,"democratic","lose",6,7,1,2,1,1,0,0,6,1
1530,"Civic Coalition (KO)","Civic Coalition (KO)",3,2,"unknowledgeable",5,5,5,7,2,7,4,4,5,2,"undemocratic","lose",7,4,5,5,-3,0,0,0,5,5
1531,"Law and Justice (PiS)","Law and Justice (PiS)",5,5,"knowledgeable",5,5,3,7,5,5,2,7,6,5,"democratic","lose",7,7,1,1,0,0,0,0,6,1
1532,"Law and Justice (PiS)","Law and Justice (PiS)",7,7,"knowledgeable",7,7,7,1,1,7,4,6,7,5,"democratic","lose",7,7,1,1,0,0,0,0,5,1
1535,"Law and Justice (PiS)","Law and Justice (PiS)",2,2,"knowledgeable",6,5,6,5,5,4,4,4,6,4,"undemocratic","lose",7,7,1,1,0,0,0,0,4,1
1536,"Law and Justice (PiS)","Abstain",4,4,"unknowledgeable",6,4,6,4,4,4,2,4,4,2,"undemocratic","lose",4,4,4,4,0,0,0,1,4,4
1538,"Law and Justice (PiS)","Law and Justice (PiS)",2,2,"knowledgeable",6,5,6,5,5,6,6,6,6,5,"undemocratic","lose",6,6,1,1,0,0,0,0,4,1
1539,"Civic Coalition (KO)","Abstain",1,1,"knowledgeable",5,2,7,4,3,6,6,2,7,3,"undemocratic","win",7,5,1,6,-2,5,0,1,4,1
1540,"Law and Justice (PiS)","Law and Justice (PiS)",4,4,"knowledgeable",4,4,5,4,5,5,5,5,4,2,"democratic","win",6,6,1,1,0,0,0,0,3,1
1541,"Law and Justice (PiS)","Law and Justice (PiS)",2,3,"knowledgeable",5,5,7,1,5,7,1,5,7,2,"undemocratic","lose",7,7,3,3,0,0,0,0,7,3
1543,"Law and Justice (PiS)","Law and Justice (PiS)",6,6,"unknowledgeable",5,5,5,4,5,4,6,6,6,5,"democratic","win",6,6,2,2,0,0,0,0,7,4
1544,"Law and Justice (PiS)","Law and Justice (PiS)",5,4,"unknowledgeable",5,5,5,5,5,5,6,4,5,4,"undemocratic","win",5,6,5,6,1,1,0,0,5,4
1545,"Law and Justice (PiS)","Law and Justice (PiS)",7,7,"knowledgeable",7,7,7,5,5,4,6,6,6,3,"democratic","lose",6,6,5,5,0,0,0,0,5,4
1546,"Law and Justice (PiS)","Law and Justice (PiS)",4,4,"unknowledgeable",6,6,3,6,6,6,5,6,6,2,"democratic","win",7,7,1,1,0,0,0,0,5,1
1548,"Civic Coalition (KO)","Civic Coalition (KO)",7,7,"knowledgeable",7,3,3,6,6,5,6,5,6,5,"democratic","lose",6,7,2,2,1,0,0,0,6,3
1550,"Law and Justice (PiS)","Law and Justice (PiS)",2,2,"knowledgeable",7,7,7,5,5,5,5,1,7,4,"undemocratic","lose",7,7,1,1,0,0,0,0,5,1
1551,"Civic Coalition (KO)","Law and Justice (PiS)",3,2,"knowledgeable",6,6,7,6,5,4,3,2,5,1,"democratic","win",6,5,5,4,-1,-1,1,0,3,1
1552,"Law and Justice (PiS)","Law and Justice (PiS)",5,5,"unknowledgeable",5,5,5,6,6,6,5,4,2,2,"undemocratic","win",5,7,2,2,2,0,0,0,7,2
1554,"Law and Justice (PiS)","Law and Justice (PiS)",6,5,"unknowledgeable",5,5,6,6,6,5,3,6,4,4,"democratic","lose",6,6,2,2,0,0,0,0,6,2
1555,"Law and Justice (PiS)","Law and Justice (PiS)",5,4,"unknowledgeable",4,4,4,4,4,4,1,7,6,1,"undemocratic","win",7,7,4,4,0,0,0,0,7,4
1556,"Law and Justice (PiS)","Law and Justice (PiS)",6,6,"knowledgeable",7,3,7,7,6,7,4,6,6,5,"undemocratic","lose",7,7,1,1,0,0,0,0,7,1
1557,"Law and Justice (PiS)","Law and Justice (PiS)",4,4,"unknowledgeable",7,6,6,4,3,5,3,6,6,5,"democratic","win",7,6,2,3,-1,1,0,0,6,1
1558,"Civic Coalition (KO)","Civic Coalition (KO)",3,3,"knowledgeable",6,3,2,6,5,5,5,4,5,2,"undemocratic","win",2,2,2,2,0,0,0,0,4,1
1560,"Law and Justice (PiS)","Law and Justice (PiS)",5,5,"unknowledgeable",5,5,7,5,2,4,1,4,5,3,"democratic","lose",7,7,6,5,0,-1,0,0,6,4
1561,"Law and Justice (PiS)","Civic Coalition (KO)",4,1,"unknowledgeable",4,3,3,4,3,4,3,4,4,2,"undemocratic","lose",5,6,6,3,1,-3,1,0,2,5
1562,"Law and Justice (PiS)","Abstain",4,3,"knowledgeable",5,5,6,5,4,3,3,5,6,5,"democratic","win",6,4,2,3,-2,1,0,1,5,3
1563,"Civic Coalition (KO)","Civic Coalition (KO)",6,5,"knowledgeable",7,2,7,5,6,5,2,4,7,3,"undemocratic","lose",6,6,5,5,0,0,0,0,5,1
1564,"Law and Justice (PiS)","Law and Justice (PiS)",4,3,"knowledgeable",5,6,7,5,5,5,NA,4,4,4,"democratic","lose",6,6,3,3,0,0,0,0,4,4
1565,"Law and Justice (PiS)","Law and Justice (PiS)",6,5,"unknowledgeable",7,4,7,4,4,4,6,6,6,4,"democratic","win",7,7,1,1,0,0,0,0,6,1
1566,"Law and Justice (PiS)","Law and Justice (PiS)",4,4,"unknowledgeable",5,4,4,4,4,4,NA,4,4,3,"undemocratic","lose",6,6,4,4,0,0,0,0,5,4
1567,"Law and Justice (PiS)","Law and Justice (PiS)",5,5,"unknowledgeable",7,7,5,3,2,7,4,4,6,3,"undemocratic","win",7,7,7,7,0,0,0,0,5,5
1568,"Law and Justice (PiS)","Law and Justice (PiS)",3,5,"unknowledgeable",3,6,4,5,5,3,4,6,6,4,"democratic","lose",2,7,6,1,5,-5,0,0,7,1
1569,"Civic Coalition (KO)","Civic Coalition (KO)",4,4,"knowledgeable",5,6,7,5,5,5,4,4,7,3,"democratic","win",6,6,1,2,0,1,0,0,6,1
1570,"Civic Coalition (KO)","Civic Coalition (KO)",6,4,"knowledgeable",5,7,7,6,4,3,5,4,6,2,"democratic","lose",6,6,1,1,0,0,0,0,3,1
1572,"Law and Justice (PiS)","Law and Justice (PiS)",7,7,"unknowledgeable",6,6,6,5,6,6,5,7,6,3,"democratic","lose",7,7,1,1,0,0,0,0,7,1
1573,"Law and Justice (PiS)","Law and Justice (PiS)",3,4,"unknowledgeable",6,6,7,6,6,6,NA,7,6,3,"democratic","win",7,7,1,1,0,0,0,0,7,1
1574,"Law and Justice (PiS)","Law and Justice (PiS)",2,2,"unknowledgeable",5,4,4,5,6,6,4,4,5,3,"undemocratic","lose",7,6,1,1,-1,0,0,0,5,1
1575,"Law and Justice (PiS)","Law and Justice (PiS)",4,4,"knowledgeable",7,5,6,5,4,4,4,5,6,3,"undemocratic","win",6,6,2,2,0,0,0,0,4,1
1576,"Law and Justice (PiS)","Abstain",2,2,"knowledgeable",5,5,6,2,4,2,3,6,6,5,"undemocratic","win",5,4,2,3,-1,1,0,1,3,2
1577,"Law and Justice (PiS)","Law and Justice (PiS)",2,2,"knowledgeable",4,4,4,7,5,4,5,4,7,3,"undemocratic","lose",6,3,4,5,-3,1,0,0,6,3
1580,"Law and Justice (PiS)","Law and Justice (PiS)",4,5,"knowledgeable",5,5,7,3,5,4,3,4,7,2,"democratic","win",7,7,1,1,0,0,0,0,5,1
1581,"Law and Justice (PiS)","Law and Justice (PiS)",5,5,"unknowledgeable",7,2,5,5,5,5,2,6,6,5,"democratic","lose",7,7,1,1,0,0,0,0,6,2
1583,"Civic Coalition (KO)","Civic Coalition (KO)",4,4,"knowledgeable",5,5,3,4,5,3,6,6,6,3,"democratic","win",7,7,1,1,0,0,0,0,5,1
1584,"Civic Coalition (KO)","Civic Coalition (KO)",4,4,"knowledgeable",7,7,7,1,7,7,3,4,6,2,"undemocratic","lose",7,7,4,5,0,1,0,0,4,3
1585,"Law and Justice (PiS)","Law and Justice (PiS)",6,6,"knowledgeable",5,5,6,5,5,6,3,6,6,5,"undemocratic","win",7,7,1,1,0,0,0,0,7,1
1587,"Law and Justice (PiS)","Law and Justice (PiS)",5,6,"unknowledgeable",5,5,6,5,7,3,2,6,2,2,"undemocratic","lose",7,7,1,1,0,0,0,0,5,1
1589,"Law and Justice (PiS)","Law and Justice (PiS)",5,4,"knowledgeable",5,5,5,5,6,7,2,4,5,3,"democratic","win",4,4,4,4,0,0,0,0,5,4
1590,"Law and Justice (PiS)","Law and Justice (PiS)",6,6,"knowledgeable",5,5,6,5,5,3,4,6,6,3,"democratic","lose",7,7,2,2,0,0,0,0,5,2
1591,"Law and Justice (PiS)","Law and Justice (PiS)",5,4,"knowledgeable",6,7,4,4,6,7,4,6,6,5,"democratic","lose",7,7,1,1,0,0,0,0,1,1
1592,"Law and Justice (PiS)","Law and Justice (PiS)",4,4,"unknowledgeable",5,5,6,5,5,6,4,5,5,2,"undemocratic","win",5,6,1,1,1,0,0,0,4,1
1593,"Civic Coalition (KO)","Civic Coalition (KO)",3,2,"knowledgeable",4,5,3,5,5,4,2,4,4,1,"democratic","win",6,7,3,3,1,0,0,0,4,4
1594,"Law and Justice (PiS)","Law and Justice (PiS)",1,4,"knowledgeable",7,4,7,4,3,5,3,5,4,5,"undemocratic","win",7,7,1,1,0,0,0,0,6,2
1596,"Law and Justice (PiS)","Law and Justice (PiS)",7,7,"knowledgeable",7,6,7,6,5,6,5,6,6,3,"democratic","lose",7,7,1,1,0,0,0,0,5,1
1597,"Law and Justice (PiS)","Law and Justice (PiS)",4,4,"knowledgeable",7,4,3,5,7,7,NA,7,7,3,"undemocratic","lose",7,7,1,1,0,0,0,0,7,1
1598,"Civic Coalition (KO)","Civic Coalition (KO)",4,4,"unknowledgeable",4,7,6,4,7,6,4,3,7,4,"undemocratic","win",4,4,4,4,0,0,0,0,4,4
1599,"Civic Coalition (KO)","Civic Coalition (KO)",3,6,"unknowledgeable",5,6,6,2,2,2,3,3,5,4,"undemocratic","win",6,6,3,3,0,0,0,0,5,3
1600,"Law and Justice (PiS)","Law and Justice (PiS)",5,5,"knowledgeable",6,6,6,3,5,6,1,6,5,4,"democratic","win",6,6,5,5,0,0,0,0,6,2
1601,"Law and Justice (PiS)","Law and Justice (PiS)",4,4,"knowledgeable",6,5,6,5,6,6,4,5,6,5,"democratic","win",7,6,1,1,-1,0,0,0,6,1
1602,"Law and Justice (PiS)","Law and Justice (PiS)",6,7,"unknowledgeable",6,7,7,5,6,7,5,1,7,2,"democratic","lose",7,7,1,1,0,0,0,0,7,1
1603,"Law and Justice (PiS)","Law and Justice (PiS)",5,5,"knowledgeable",5,5,5,5,5,5,2,4,6,4,"democratic","win",6,6,5,5,0,0,0,0,4,4
1604,"Civic Coalition (KO)","Abstain",7,7,"knowledgeable",7,6,7,7,2,3,4,5,6,5,"democratic","lose",5,2,1,2,-3,1,0,1,2,5
1605,"Law and Justice (PiS)","Law and Justice (PiS)",4,4,"knowledgeable",7,6,7,5,5,4,5,6,7,5,"democratic","win",7,7,1,1,0,0,0,0,7,1
1606,"Law and Justice (PiS)","Law and Justice (PiS)",3,3,"unknowledgeable",6,7,7,4,2,4,1,4,5,2,"democratic","win",5,3,6,5,-2,-1,0,0,7,1
1607,"Law and Justice (PiS)","Law and Justice (PiS)",4,5,"knowledgeable",7,6,6,5,5,5,4,5,6,5,"undemocratic","lose",6,6,1,1,0,0,0,0,4,2
1608,"Law and Justice (PiS)","Law and Justice (PiS)",6,6,"knowledgeable",5,6,6,2,6,7,4,6,5,3,"undemocratic","win",7,7,1,1,0,0,0,0,4,1
1609,"Law and Justice (PiS)","Law and Justice (PiS)",4,4,"knowledgeable",5,5,6,5,4,4,3,6,6,5,"democratic","lose",6,4,2,2,-2,0,0,0,4,1
1610,"Law and Justice (PiS)","Law and Justice (PiS)",4,4,"unknowledgeable",7,4,7,4,4,4,2,4,4,5,"democratic","win",6,4,4,4,-2,0,0,0,4,4
1612,"Law and Justice (PiS)","Law and Justice (PiS)",4,4,"knowledgeable",6,7,6,5,5,5,6,4,6,4,"undemocratic","win",6,6,5,5,0,0,0,0,5,4
1614,"Law and Justice (PiS)","Law and Justice (PiS)",4,4,"knowledgeable",7,5,6,4,4,3,5,5,6,4,"democratic","win",6,6,2,2,0,0,0,0,5,3
1615,"Law and Justice (PiS)","Law and Justice (PiS)",5,5,"unknowledgeable",6,6,5,6,5,5,4,2,6,3,"undemocratic","lose",7,7,3,2,0,-1,0,0,6,1
1616,"Law and Justice (PiS)","Law and Justice (PiS)",5,5,"knowledgeable",7,5,5,2,4,2,2,5,6,5,"democratic","lose",7,7,1,1,0,0,0,0,6,2
1617,"Law and Justice (PiS)","Law and Justice (PiS)",2,2,"unknowledgeable",6,6,6,7,6,7,5,4,6,3,"undemocratic","lose",5,5,5,5,0,0,0,0,4,2
1618,"Civic Coalition (KO)","Civic Coalition (KO)",3,2,"unknowledgeable",4,5,4,4,2,4,4,5,4,2,"democratic","win",6,6,3,3,0,0,0,0,4,4
1619,"Law and Justice (PiS)","Law and Justice (PiS)",4,4,"knowledgeable",4,4,4,4,4,4,1,6,4,3,"democratic","lose",4,5,6,3,1,-3,0,0,5,3
1621,"Civic Coalition (KO)","Civic Coalition (KO)",4,4,"knowledgeable",7,7,7,2,2,4,4,4,7,5,"undemocratic","win",6,6,3,3,0,0,0,0,4,2
1622,"Law and Justice (PiS)","Law and Justice (PiS)",4,5,"knowledgeable",6,6,7,6,6,6,4,5,6,4,"undemocratic","win",4,4,1,1,0,0,0,0,4,4
1623,"Law and Justice (PiS)","Law and Justice (PiS)",4,3,"knowledgeable",7,5,7,5,3,4,4,6,6,4,"democratic","win",6,6,3,3,0,0,0,0,6,1
1624,"Law and Justice (PiS)","Law and Justice (PiS)",6,7,"knowledgeable",6,6,7,4,6,6,5,5,6,4,"democratic","lose",7,7,2,2,0,0,0,0,7,4
1625,"Law and Justice (PiS)","Law and Justice (PiS)",2,4,"knowledgeable",7,7,7,7,6,2,6,6,7,3,"undemocratic","lose",7,6,1,2,-1,1,0,0,6,1
1626,"Civic Coalition (KO)","Civic Coalition (KO)",4,4,"knowledgeable",3,5,3,4,3,5,2,6,5,5,"undemocratic","lose",6,2,3,6,-4,3,0,0,5,3
1627,"Law and Justice (PiS)","Law and Justice (PiS)",4,4,"unknowledgeable",4,4,6,4,4,4,NA,4,4,3,"democratic","win",7,6,5,5,-1,0,0,0,7,2
1628,"Law and Justice (PiS)","Law and Justice (PiS)",6,5,"unknowledgeable",5,6,6,6,4,6,NA,5,1,2,"undemocratic","win",7,3,4,7,-4,3,0,0,6,4
1629,"Law and Justice (PiS)","Law and Justice (PiS)",5,5,"knowledgeable",6,4,6,5,4,5,4,4,4,4,"democratic","lose",4,4,4,4,0,0,0,0,4,4
1631,"Civic Coalition (KO)","Law and Justice (PiS)",4,2,"unknowledgeable",3,3,2,5,2,3,3,3,5,3,"democratic","lose",4,3,2,4,-1,2,1,0,2,1
1632,"Law and Justice (PiS)","Law and Justice (PiS)",4,4,"unknowledgeable",6,6,6,6,6,6,3,4,7,3,"undemocratic","win",6,6,5,4,0,-1,0,0,6,2
1634,"Law and Justice (PiS)","Law and Justice (PiS)",4,5,"unknowledgeable",7,6,6,7,7,7,4,6,6,3,"undemocratic","win",7,7,1,1,0,0,0,0,7,1
1636,"Law and Justice (PiS)","Law and Justice (PiS)",5,5,"unknowledgeable",6,6,7,3,5,6,5,4,7,3,"undemocratic","lose",5,6,3,3,1,0,0,0,5,3
1637,"Law and Justice (PiS)","Law and Justice (PiS)",4,2,"knowledgeable",7,4,7,3,6,6,NA,4,6,1,"undemocratic","lose",4,4,4,4,0,0,0,0,4,1
1638,"Law and Justice (PiS)","Law and Justice (PiS)",4,4,"knowledgeable",6,5,6,4,5,6,NA,6,4,3,"democratic","lose",7,7,1,1,0,0,0,0,7,1
1639,"Law and Justice (PiS)","Law and Justice (PiS)",4,4,"knowledgeable",6,5,5,4,5,3,5,5,6,5,"undemocratic","lose",6,6,2,2,0,0,0,0,5,1
1640,"Law and Justice (PiS)","Law and Justice (PiS)",5,5,"knowledgeable",6,7,7,6,6,5,4,4,6,5,"democratic","win",6,7,1,2,1,1,0,0,5,3
1641,"Law and Justice (PiS)","Law and Justice (PiS)",5,3,"unknowledgeable",6,6,7,5,6,4,4,7,7,5,"undemocratic","lose",7,7,1,1,0,0,0,0,7,1
1643,"Law and Justice (PiS)","Law and Justice (PiS)",5,6,"knowledgeable",6,6,6,6,6,6,6,5,7,4,"democratic","win",5,6,5,2,1,-3,0,0,6,1
1644,"Law and Justice (PiS)","Law and Justice (PiS)",4,5,"knowledgeable",6,6,6,6,6,5,5,5,6,4,"democratic","win",6,7,6,4,1,-2,0,0,5,5
1645,"Law and Justice (PiS)","Law and Justice (PiS)",6,6,"knowledgeable",6,5,7,5,7,7,1,4,6,4,"undemocratic","win",7,7,2,1,0,-1,0,0,7,3
1646,"Civic Coalition (KO)","Law and Justice (PiS)",6,4,"unknowledgeable",4,6,7,1,4,1,2,5,5,2,"undemocratic","win",4,5,6,7,1,1,1,0,3,7
1647,"Civic Coalition (KO)","Civic Coalition (KO)",4,5,"unknowledgeable",4,5,4,3,4,4,5,3,4,4,"undemocratic","win",5,5,3,6,0,3,0,0,4,4
1648,"Law and Justice (PiS)","Law and Justice (PiS)",7,7,"knowledgeable",7,6,7,4,4,4,6,3,6,3,"democratic","lose",5,6,2,2,1,0,0,0,5,2
1649,"Law and Justice (PiS)","Law and Justice (PiS)",4,3,"unknowledgeable",5,5,5,4,5,5,5,3,5,4,"undemocratic","win",3,4,5,3,1,-2,0,0,6,4
1650,"Law and Justice (PiS)","Law and Justice (PiS)",4,4,"knowledgeable",4,4,5,4,5,3,NA,5,4,5,"democratic","lose",7,7,1,1,0,0,0,0,4,1
1651,"Law and Justice (PiS)","Law and Justice (PiS)",3,4,"knowledgeable",5,5,6,4,5,4,4,4,6,2,"undemocratic","lose",6,6,4,4,0,0,0,0,6,4
1652,"Law and Justice (PiS)","Law and Justice (PiS)",4,4,"unknowledgeable",5,6,7,5,7,4,NA,6,6,3,"democratic","win",7,7,1,1,0,0,0,0,6,1
1653,"Law and Justice (PiS)","Law and Justice (PiS)",6,5,"knowledgeable",5,4,7,5,5,6,NA,5,7,3,"democratic","lose",5,1,1,1,-4,0,0,0,3,1
1654,"Law and Justice (PiS)","Law and Justice (PiS)",4,4,"knowledgeable",7,6,7,6,6,5,5,4,6,5,"democratic","lose",7,6,3,3,-1,0,0,0,5,2
1655,"Law and Justice (PiS)","Law and Justice (PiS)",5,5,"knowledgeable",5,5,3,5,3,6,4,4,4,2,"democratic","win",5,6,2,2,1,0,0,0,4,1
1656,"Law and Justice (PiS)","Law and Justice (PiS)",3,4,"unknowledgeable",6,5,7,4,6,7,NA,4,2,2,"undemocratic","lose",5,6,4,5,1,1,0,0,4,4
1657,"Law and Justice (PiS)","Law and Justice (PiS)",7,7,"knowledgeable",7,2,6,5,5,5,5,4,7,1,"undemocratic","win",7,7,1,1,0,0,0,0,7,1
1658,"Law and Justice (PiS)","Law and Justice (PiS)",3,3,"knowledgeable",7,4,7,1,7,2,5,5,7,5,"undemocratic","lose",7,7,5,5,0,0,0,0,6,2
1659,"Law and Justice (PiS)","Civic Coalition (KO)",4,2,"unknowledgeable",5,5,4,5,4,5,2,6,6,1,"democratic","win",5,5,5,5,0,0,1,0,4,4
1660,"Law and Justice (PiS)","Law and Justice (PiS)",7,6,"knowledgeable",5,4,5,4,3,5,NA,5,6,1,"democratic","lose",7,7,6,6,0,0,0,0,7,4
1661,"Civic Coalition (KO)","Civic Coalition (KO)",5,5,"unknowledgeable",6,6,6,3,4,4,4,4,6,4,"democratic","lose",4,4,4,4,0,0,0,0,4,4
1662,"Law and Justice (PiS)","Law and Justice (PiS)",4,4,"unknowledgeable",4,4,4,4,4,4,4,7,6,4,"undemocratic","lose",7,7,3,3,0,0,0,0,4,4
1663,"Law and Justice (PiS)","Law and Justice (PiS)",5,5,"knowledgeable",5,5,5,4,5,3,5,4,6,5,"democratic","win",6,4,5,4,-2,-1,0,0,4,4
1665,"Law and Justice (PiS)","Law and Justice (PiS)",4,5,"unknowledgeable",2,4,3,4,4,3,4,4,3,4,"undemocratic","lose",4,6,6,5,2,-1,0,0,4,4
1666,"Law and Justice (PiS)","Law and Justice (PiS)",6,6,"knowledgeable",6,6,5,5,4,5,6,6,6,3,"democratic","lose",6,7,1,1,1,0,0,0,5,1
1667,"Law and Justice (PiS)","Abstain",4,4,"unknowledgeable",5,3,4,5,5,5,3,6,4,4,"undemocratic","win",6,4,5,5,-2,0,0,1,4,2
1668,"Law and Justice (PiS)","Law and Justice (PiS)",4,5,"knowledgeable",6,5,7,1,4,4,3,6,6,5,"undemocratic","win",7,7,1,1,0,0,0,0,6,2
1669,"Law and Justice (PiS)","Law and Justice (PiS)",5,6,"unknowledgeable",7,6,7,3,5,5,3,6,6,3,"democratic","win",7,7,1,1,0,0,0,0,6,1
1670,"Law and Justice (PiS)","Law and Justice (PiS)",2,2,"unknowledgeable",2,5,7,5,6,5,3,2,4,4,"democratic","lose",5,4,3,1,-1,-2,0,0,3,2
1671,"Law and Justice (PiS)","Law and Justice (PiS)",4,4,"knowledgeable",5,4,6,4,4,3,5,5,5,3,"undemocratic","win",4,5,2,1,1,-1,0,0,5,4
1673,"Law and Justice (PiS)","Law and Justice (PiS)",4,4,"knowledgeable",7,4,5,6,5,5,1,4,6,5,"democratic","win",7,4,1,4,-3,3,0,0,5,4
1674,"Civic Coalition (KO)","Law and Justice (PiS)",4,4,"knowledgeable",4,5,5,4,6,5,4,3,4,3,"democratic","win",7,6,1,7,-1,6,1,0,4,4
1675,"Law and Justice (PiS)","Law and Justice (PiS)",4,3,"knowledgeable",5,2,5,5,3,3,6,4,6,2,"undemocratic","win",4,4,4,4,0,0,0,0,4,3
1677,"Law and Justice (PiS)","Law and Justice (PiS)",4,3,"knowledgeable",6,6,6,6,5,2,5,6,6,3,"undemocratic","lose",5,5,5,5,0,0,0,0,3,1
1678,"Law and Justice (PiS)","Law and Justice (PiS)",7,6,"unknowledgeable",7,7,7,7,7,6,4,6,6,5,"democratic","lose",7,7,1,1,0,0,0,0,5,1
1679,"Law and Justice (PiS)","Law and Justice (PiS)",6,6,"knowledgeable",7,7,7,7,7,4,2,6,7,5,"democratic","win",7,7,1,1,0,0,0,0,7,1
1683,"Law and Justice (PiS)","Law and Justice (PiS)",4,4,"unknowledgeable",5,5,3,4,4,4,4,4,6,2,"undemocratic","lose",4,4,4,4,0,0,0,0,4,4
1684,"Law and Justice (PiS)","Law and Justice (PiS)",6,6,"knowledgeable",7,7,7,6,7,4,1,4,6,5,"undemocratic","win",7,7,1,1,0,0,0,0,7,1
1685,"Law and Justice (PiS)","Law and Justice (PiS)",5,5,"knowledgeable",7,2,7,6,7,6,NA,5,6,4,"democratic","lose",7,7,1,1,0,0,0,0,5,1
1686,"Law and Justice (PiS)","Law and Justice (PiS)",5,4,"knowledgeable",6,4,4,4,5,4,5,5,6,4,"undemocratic","lose",7,7,5,1,0,-4,0,0,7,1
1688,"Law and Justice (PiS)","Law and Justice (PiS)",4,5,"knowledgeable",6,6,5,5,4,5,5,6,6,4,"undemocratic","lose",6,6,3,3,0,0,0,0,5,3
1689,"Law and Justice (PiS)","Law and Justice (PiS)",7,7,"knowledgeable",7,5,5,5,4,4,6,6,6,3,"democratic","lose",7,7,1,1,0,0,0,0,7,1
1690,"Law and Justice (PiS)","Law and Justice (PiS)",6,5,"unknowledgeable",7,7,7,2,7,2,5,4,7,2,"democratic","lose",7,7,4,2,0,-2,0,0,5,5
1691,"Law and Justice (PiS)","Law and Justice (PiS)",4,3,"knowledgeable",7,7,7,5,4,3,3,6,7,5,"undemocratic","win",7,7,3,3,0,0,0,0,7,1
1692,"Law and Justice (PiS)","Law and Justice (PiS)",5,5,"knowledgeable",6,6,5,4,7,4,2,5,4,4,"democratic","win",7,7,1,1,0,0,0,0,7,2
1693,"Law and Justice (PiS)","Abstain",4,4,"unknowledgeable",5,3,6,4,5,3,NA,4,4,2,"democratic","win",7,4,4,4,-3,0,0,1,4,3
1694,"Law and Justice (PiS)","Law and Justice (PiS)",2,4,"knowledgeable",6,6,6,6,4,3,3,4,5,3,"undemocratic","lose",7,7,1,1,0,0,0,0,5,2
1695,"Law and Justice (PiS)","Law and Justice (PiS)",4,4,"unknowledgeable",4,4,4,4,4,4,1,4,4,5,"democratic","lose",1,1,1,1,0,0,0,0,4,4
1696,"Law and Justice (PiS)","Law and Justice (PiS)",3,5,"knowledgeable",7,6,7,6,6,5,NA,4,6,4,"undemocratic","win",7,7,1,1,0,0,0,0,6,1
1697,"Law and Justice (PiS)","Law and Justice (PiS)",4,3,"unknowledgeable",5,3,5,3,2,5,NA,4,6,3,"undemocratic","lose",4,5,4,5,1,1,0,0,5,3
1699,"Law and Justice (PiS)","Law and Justice (PiS)",3,3,"knowledgeable",6,6,6,6,6,6,6,6,6,2,"democratic","win",7,7,1,1,0,0,0,0,6,1
1700,"Law and Justice (PiS)","Law and Justice (PiS)",3,3,"unknowledgeable",6,4,7,4,4,2,NA,5,6,3,"undemocratic","win",6,6,5,5,0,0,0,0,6,4
1701,"Law and Justice (PiS)","Law and Justice (PiS)",7,7,"knowledgeable",7,7,7,4,7,6,4,5,6,5,"democratic","lose",7,7,1,1,0,0,0,0,6,1
1702,"Law and Justice (PiS)","Law and Justice (PiS)",7,6,"unknowledgeable",7,6,4,6,5,5,3,6,7,5,"democratic","win",7,7,1,1,0,0,0,0,7,2
1703,"Law and Justice (PiS)","Law and Justice (PiS)",7,7,"unknowledgeable",6,5,7,6,6,5,1,6,6,5,"democratic","lose",7,7,1,1,0,0,0,0,5,1
1704,"Law and Justice (PiS)","Civic Coalition (KO)",4,4,"knowledgeable",5,4,3,3,2,4,2,4,4,2,"undemocratic","lose",6,3,2,6,-3,4,1,0,3,5
1706,"Law and Justice (PiS)","Law and Justice (PiS)",3,3,"knowledgeable",7,5,7,6,5,7,4,5,6,5,"undemocratic","win",7,7,1,1,0,0,0,0,5,1
1707,"Law and Justice (PiS)","Law and Justice (PiS)",7,6,"unknowledgeable",7,7,7,5,5,7,5,6,7,4,"democratic","win",7,7,1,1,0,0,0,0,7,2
1708,"Civic Coalition (KO)","Civic Coalition (KO)",3,2,"knowledgeable",7,7,7,4,2,1,5,4,7,3,"undemocratic","lose",6,6,2,2,0,0,0,0,5,3
1709,"Law and Justice (PiS)","Law and Justice (PiS)",4,2,"knowledgeable",4,5,6,3,2,3,3,4,5,3,"undemocratic","win",7,7,6,6,0,0,0,0,5,2
1711,"Civic Coalition (KO)","Civic Coalition (KO)",2,2,"knowledgeable",7,7,7,1,4,1,NA,2,7,4,"undemocratic","win",7,7,1,1,0,0,0,0,5,1
1712,"Law and Justice (PiS)","Law and Justice (PiS)",3,3,"knowledgeable",6,6,6,4,4,4,6,4,5,2,"democratic","win",6,5,2,3,-1,1,0,0,5,2
1713,"Law and Justice (PiS)","Law and Justice (PiS)",3,4,"knowledgeable",7,5,6,5,6,3,6,6,6,3,"undemocratic","win",7,7,1,1,0,0,0,0,7,1
1714,"Law and Justice (PiS)","Law and Justice (PiS)",7,5,"knowledgeable",6,7,6,1,7,6,5,6,7,5,"democratic","lose",7,7,1,1,0,0,0,0,7,1
1715,"Law and Justice (PiS)","Law and Justice (PiS)",4,5,"knowledgeable",5,5,4,5,3,3,5,6,7,3,"democratic","win",7,7,1,1,0,0,0,0,7,1
1717,"Law and Justice (PiS)","Law and Justice (PiS)",1,7,"unknowledgeable",6,4,4,4,5,4,1,4,4,3,"democratic","lose",7,7,4,4,0,0,0,0,4,4
1718,"Law and Justice (PiS)","Law and Justice (PiS)",5,4,"unknowledgeable",6,4,3,5,6,6,NA,4,6,3,"democratic","lose",6,5,5,6,-1,1,0,0,6,2
1719,"Law and Justice (PiS)","Law and Justice (PiS)",6,6,"knowledgeable",6,6,6,6,6,6,2,6,6,2,"undemocratic","win",7,7,1,1,0,0,0,0,7,1
1720,"Law and Justice (PiS)","Law and Justice (PiS)",6,5,"knowledgeable",6,2,6,6,6,6,6,5,4,5,"undemocratic","lose",7,7,1,1,0,0,0,0,6,1
1721,"Civic Coalition (KO)","Law and Justice (PiS)",4,4,"unknowledgeable",5,7,7,4,6,3,4,4,6,3,"democratic","win",7,6,6,7,-1,1,1,0,6,3
1722,"Law and Justice (PiS)","Law and Justice (PiS)",7,7,"unknowledgeable",7,7,7,4,2,2,NA,4,7,3,"democratic","lose",7,7,1,1,0,0,0,0,5,1
1723,"Law and Justice (PiS)","Law and Justice (PiS)",5,4,"knowledgeable",7,7,7,7,7,3,4,5,6,2,"undemocratic","win",6,6,1,1,0,0,0,0,4,1
1724,"Law and Justice (PiS)","Law and Justice (PiS)",6,5,"knowledgeable",2,6,6,5,6,4,1,3,2,3,"undemocratic","lose",7,6,3,2,-1,-1,0,0,5,4
1725,"Law and Justice (PiS)","Law and Justice (PiS)",3,3,"knowledgeable",7,6,5,5,6,7,5,6,6,3,"undemocratic","lose",6,6,5,5,0,0,0,0,6,1
1726,"Civic Coalition (KO)","Civic Coalition (KO)",4,5,"knowledgeable",7,2,5,5,7,7,3,4,6,3,"undemocratic","lose",5,3,4,5,-2,1,0,0,5,3
1727,"Law and Justice (PiS)","Law and Justice (PiS)",4,4,"knowledgeable",6,4,5,5,5,6,NA,6,6,5,"democratic","win",7,7,1,1,0,0,0,0,6,1
1728,"Law and Justice (PiS)","Law and Justice (PiS)",4,4,"knowledgeable",5,4,6,2,3,7,3,5,5,2,"undemocratic","win",6,6,3,3,0,0,0,0,4,2
1729,"Law and Justice (PiS)","Law and Justice (PiS)",3,3,"knowledgeable",5,6,5,5,5,5,4,5,6,5,"undemocratic","lose",7,7,1,1,0,0,0,0,7,1
1730,"Civic Coalition (KO)","Civic Coalition (KO)",1,1,"knowledgeable",7,6,7,1,1,2,6,3,6,3,"undemocratic","win",6,6,5,5,0,0,0,0,2,4
1731,"Law and Justice (PiS)","Law and Justice (PiS)",7,7,"knowledgeable",7,4,4,7,7,7,5,6,5,5,"democratic","lose",7,7,1,1,0,0,0,0,7,1
1733,"Civic Coalition (KO)","Civic Coalition (KO)",4,5,"knowledgeable",7,6,7,7,6,4,6,5,6,3,"democratic","lose",7,7,1,1,0,0,0,0,6,1
1734,"Law and Justice (PiS)","Law and Justice (PiS)",3,3,"knowledgeable",6,6,5,6,3,4,2,4,5,4,"undemocratic","lose",5,3,5,3,-2,-2,0,0,4,4
1735,"Law and Justice (PiS)","Law and Justice (PiS)",4,5,"knowledgeable",5,5,3,3,5,5,2,5,3,2,"undemocratic","win",6,4,5,4,-2,-1,0,0,4,1
1736,"Law and Justice (PiS)","Law and Justice (PiS)",4,4,"knowledgeable",6,4,3,5,5,4,2,4,6,2,"democratic","win",6,6,4,4,0,0,0,0,5,4
1737,"Law and Justice (PiS)","Civic Coalition (KO)",5,2,"knowledgeable",5,4,6,4,5,4,1,4,3,3,"undemocratic","lose",3,6,5,4,3,-1,1,0,3,3
1738,"Civic Coalition (KO)","Civic Coalition (KO)",5,5,"knowledgeable",3,7,6,3,2,2,6,4,7,2,"undemocratic","win",7,7,1,1,0,0,0,0,5,1
1739,"Law and Justice (PiS)","Law and Justice (PiS)",4,4,"knowledgeable",5,3,6,6,6,5,5,4,4,2,"democratic","win",6,6,4,1,0,-3,0,0,6,1
1740,"Civic Coalition (KO)","Civic Coalition (KO)",4,4,"unknowledgeable",5,5,5,5,5,5,5,4,6,4,"democratic","lose",7,7,6,6,0,0,0,0,5,3
1741,"Civic Coalition (KO)","Civic Coalition (KO)",3,3,"knowledgeable",6,6,6,5,6,2,5,6,6,4,"undemocratic","lose",7,7,1,1,0,0,0,0,5,2
1742,"Civic Coalition (KO)","Civic Coalition (KO)",1,4,"knowledgeable",7,7,7,7,7,6,3,4,7,5,"undemocratic","win",7,7,1,1,0,0,0,0,5,1
1743,"Civic Coalition (KO)","Civic Coalition (KO)",3,4,"knowledgeable",7,6,7,2,3,3,3,4,6,5,"democratic","win",6,6,1,1,0,0,0,0,5,1
1744,"Civic Coalition (KO)","Civic Coalition (KO)",6,6,"unknowledgeable",7,7,7,5,5,5,6,3,6,4,"undemocratic","win",7,7,1,1,0,0,0,0,7,1
1745,"Civic Coalition (KO)","Civic Coalition (KO)",4,5,"knowledgeable",7,7,7,4,4,3,4,4,6,2,"democratic","lose",6,6,1,1,0,0,0,0,4,1
1746,"Law and Justice (PiS)","Law and Justice (PiS)",2,2,"knowledgeable",7,6,6,6,5,6,2,4,6,3,"undemocratic","lose",7,7,5,5,0,0,0,0,6,4
1749,"Civic Coalition (KO)","Civic Coalition (KO)",5,6,"knowledgeable",4,6,4,2,6,2,3,4,6,5,"democratic","lose",7,7,1,1,0,0,0,0,6,1
1750,"Civic Coalition (KO)","Civic Coalition (KO)",4,2,"knowledgeable",7,7,7,2,5,4,5,4,6,5,"democratic","win",7,7,1,1,0,0,0,0,4,1
1751,"Law and Justice (PiS)","Law and Justice (PiS)",4,2,"knowledgeable",7,6,6,4,6,6,4,4,6,5,"undemocratic","win",7,6,3,3,-1,0,0,0,4,1
1752,"Civic Coalition (KO)","Abstain",3,2,"knowledgeable",7,7,7,5,3,2,3,5,7,1,"undemocratic","lose",4,1,1,3,-3,2,0,1,4,1
1754,"Civic Coalition (KO)","Civic Coalition (KO)",6,5,"knowledgeable",5,5,6,6,5,5,NA,4,7,1,"democratic","lose",6,6,1,1,0,0,0,0,5,1
1755,"Law and Justice (PiS)","Law and Justice (PiS)",4,4,"knowledgeable",7,6,7,6,5,5,5,6,6,5,"democratic","win",6,6,1,1,0,0,0,0,4,1
1757,"Civic Coalition (KO)","Civic Coalition (KO)",4,4,"knowledgeable",6,6,7,6,6,6,1,3,7,5,"undemocratic","win",6,6,1,1,0,0,0,0,4,1
1758,"Civic Coalition (KO)","Civic Coalition (KO)",4,3,"knowledgeable",7,7,7,6,5,5,4,4,7,5,"undemocratic","lose",7,7,1,1,0,0,0,0,4,1
1759,"Civic Coalition (KO)","Civic Coalition (KO)",5,5,"knowledgeable",7,6,6,6,5,5,3,3,6,3,"undemocratic","lose",6,6,1,1,0,0,0,0,3,1
1761,"Civic Coalition (KO)","Civic Coalition (KO)",6,5,"knowledgeable",7,7,7,5,6,2,3,3,7,3,"democratic","win",7,7,1,1,0,0,0,0,6,1
1762,"Law and Justice (PiS)","Law and Justice (PiS)",7,6,"knowledgeable",6,6,6,6,6,6,3,5,7,3,"democratic","lose",4,7,4,4,3,0,0,0,5,1
1763,"Law and Justice (PiS)","Law and Justice (PiS)",6,6,"knowledgeable",6,6,6,5,5,3,6,6,7,3,"undemocratic","lose",7,7,1,1,0,0,0,0,7,1
1764,"Law and Justice (PiS)","Law and Justice (PiS)",7,5,"unknowledgeable",7,6,7,4,4,2,2,6,6,3,"democratic","lose",7,7,1,1,0,0,0,0,7,1
1765,"Civic Coalition (KO)","Civic Coalition (KO)",4,4,"unknowledgeable",3,3,5,5,4,5,NA,4,4,5,"undemocratic","win",6,6,1,1,0,0,0,0,4,1
1766,"Law and Justice (PiS)","Law and Justice (PiS)",2,3,"knowledgeable",5,5,4,4,5,5,3,3,3,1,"undemocratic","lose",6,5,5,4,-1,-1,0,0,7,6
1767,"Civic Coalition (KO)","Civic Coalition (KO)",2,2,"knowledgeable",7,7,7,5,2,1,4,3,7,4,"democratic","win",6,6,1,1,0,0,0,0,5,1
1768,"Law and Justice (PiS)","Law and Justice (PiS)",6,6,"knowledgeable",7,7,7,7,7,7,2,6,6,3,"undemocratic","win",7,7,3,1,0,-2,0,0,7,1
1769,"Civic Coalition (KO)","Civic Coalition (KO)",6,7,"knowledgeable",7,6,7,3,6,5,6,3,7,5,"democratic","lose",7,7,1,1,0,0,0,0,6,1
1770,"Civic Coalition (KO)","Civic Coalition (KO)",5,5,"knowledgeable",7,7,6,4,1,3,6,4,6,4,"undemocratic","lose",6,6,5,4,0,-1,0,0,6,2
1771,"Civic Coalition (KO)","Civic Coalition (KO)",7,7,"unknowledgeable",7,7,7,7,7,7,5,1,7,5,"democratic","lose",7,7,1,1,0,0,0,0,7,1
1772,"Civic Coalition (KO)","Civic Coalition (KO)",3,3,"unknowledgeable",6,5,5,2,7,2,4,4,7,4,"democratic","win",6,7,1,1,1,0,0,0,4,2
1773,"Civic Coalition (KO)","Civic Coalition (KO)",2,2,"knowledgeable",7,7,7,3,4,2,6,4,7,3,"undemocratic","win",6,4,2,4,-2,2,0,0,6,1
1774,"Civic Coalition (KO)","Civic Coalition (KO)",4,4,"knowledgeable",7,7,7,3,3,5,2,2,6,5,"undemocratic","lose",7,7,1,7,0,6,0,0,7,1
1776,"Civic Coalition (KO)","Civic Coalition (KO)",1,1,"knowledgeable",7,7,7,1,5,2,1,3,7,4,"undemocratic","win",7,7,1,1,0,0,0,0,6,1
1777,"Civic Coalition (KO)","Civic Coalition (KO)",4,6,"knowledgeable",3,7,5,6,3,3,2,3,6,5,"democratic","lose",6,7,5,4,1,-1,0,0,6,5
1779,"Law and Justice (PiS)","Law and Justice (PiS)",4,3,"unknowledgeable",7,7,7,4,5,6,4,6,7,5,"undemocratic","win",7,7,1,1,0,0,0,0,6,1
1780,"Law and Justice (PiS)","Law and Justice (PiS)",5,5,"knowledgeable",6,6,6,6,6,6,2,6,6,5,"democratic","lose",7,7,1,1,0,0,0,0,6,1
1781,"Civic Coalition (KO)","Civic Coalition (KO)",4,4,"knowledgeable",7,6,7,3,2,1,3,2,7,1,"democratic","win",7,7,1,1,0,0,0,0,4,1
1782,"Civic Coalition (KO)","Civic Coalition (KO)",4,4,"knowledgeable",6,2,1,5,5,4,NA,2,7,5,"undemocratic","win",7,7,1,1,0,0,0,0,4,1
1783,"Civic Coalition (KO)","Civic Coalition (KO)",4,4,"unknowledgeable",4,4,3,4,4,4,4,4,6,5,"undemocratic","win",6,6,2,2,0,0,0,0,6,1
1784,"Law and Justice (PiS)","Law and Justice (PiS)",5,5,"knowledgeable",6,7,5,6,2,5,3,5,4,4,"undemocratic","win",7,6,5,3,-1,-2,0,0,5,4
1785,"Law and Justice (PiS)","Law and Justice (PiS)",5,5,"knowledgeable",5,4,5,5,3,3,6,4,6,4,"democratic","lose",4,4,4,4,0,0,0,0,4,4
1786,"Law and Justice (PiS)","Law and Justice (PiS)",5,5,"knowledgeable",4,4,4,4,4,4,5,5,6,2,"democratic","win",6,6,2,2,0,0,0,0,6,2
1788,"Law and Justice (PiS)","Law and Justice (PiS)",5,4,"unknowledgeable",5,6,5,5,6,6,4,1,6,5,"democratic","lose",6,7,6,6,1,0,0,0,6,5
1790,"Law and Justice (PiS)","Law and Justice (PiS)",4,4,"unknowledgeable",4,6,4,4,4,4,NA,4,4,3,"undemocratic","win",4,4,4,4,0,0,0,0,4,4
1791,"Law and Justice (PiS)","Abstain",1,5,"unknowledgeable",7,7,3,4,4,4,NA,2,4,1,"undemocratic","lose",3,5,7,3,2,-4,0,1,4,2
1792,"Law and Justice (PiS)","Law and Justice (PiS)",5,4,"unknowledgeable",4,3,4,4,4,3,5,4,4,2,"democratic","lose",5,7,7,5,2,-2,0,0,4,4
1795,"Law and Justice (PiS)","Law and Justice (PiS)",4,4,"unknowledgeable",5,5,5,4,6,5,NA,5,5,4,"undemocratic","win",6,7,1,1,1,0,0,0,5,4
1796,"Civic Coalition (KO)","Civic Coalition (KO)",4,5,"unknowledgeable",4,7,3,6,6,4,NA,4,6,1,"democratic","win",7,4,2,1,-3,-1,0,0,5,2
1797,"Civic Coalition (KO)","Law and Justice (PiS)",3,3,"knowledgeable",6,6,7,3,5,3,3,4,6,2,"undemocratic","lose",4,4,4,4,0,0,1,0,3,3
1798,"Civic Coalition (KO)","Abstain",4,4,"knowledgeable",3,1,7,7,1,6,NA,4,7,5,"democratic","win",1,1,1,1,0,0,0,1,4,1
1801,"Civic Coalition (KO)","Civic Coalition (KO)",7,7,"knowledgeable",4,1,7,7,7,4,1,3,7,3,"undemocratic","lose",7,7,1,1,0,0,0,0,6,1
1805,"Civic Coalition (KO)","Civic Coalition (KO)",5,7,"knowledgeable",5,7,7,4,5,4,3,4,6,5,"democratic","lose",7,7,1,1,0,0,0,0,4,1
1806,"Civic Coalition (KO)","Civic Coalition (KO)",4,4,"knowledgeable",7,7,7,2,7,6,3,5,6,3,"undemocratic","lose",7,7,1,1,0,0,0,0,6,1
1808,"Civic Coalition (KO)","Abstain",4,3,"unknowledgeable",4,2,1,5,5,2,3,4,5,3,"undemocratic","win",6,4,1,1,-2,0,0,1,4,1
1809,"Civic Coalition (KO)","Abstain",4,4,"knowledgeable",4,5,4,5,4,6,2,5,5,5,"democratic","win",1,1,1,1,0,0,0,1,3,3
1810,"Law and Justice (PiS)","Law and Justice (PiS)",4,4,"knowledgeable",5,4,6,5,5,5,6,4,6,4,"democratic","lose",6,5,2,3,-1,1,0,0,5,3
1811,"Law and Justice (PiS)","Law and Justice (PiS)",1,1,"knowledgeable",7,6,7,3,3,2,2,4,6,3,"undemocratic","lose",6,7,2,1,1,-1,0,0,5,1
1813,"Law and Justice (PiS)","Law and Justice (PiS)",3,5,"knowledgeable",6,6,6,5,2,2,3,6,6,3,"undemocratic","lose",6,6,1,2,0,1,0,0,7,2
1815,"Civic Coalition (KO)","Civic Coalition (KO)",4,4,"knowledgeable",5,4,7,5,5,3,1,3,7,3,"undemocratic","win",7,7,1,1,0,0,0,0,5,1
1816,"Law and Justice (PiS)","Law and Justice (PiS)",2,4,"unknowledgeable",4,4,4,4,4,4,4,4,4,3,"undemocratic","win",4,6,5,3,2,-2,0,0,4,2
1817,"Law and Justice (PiS)","Law and Justice (PiS)",4,4,"unknowledgeable",7,5,5,5,7,4,5,6,6,3,"democratic","lose",6,7,1,1,1,0,0,0,5,3
1818,"Civic Coalition (KO)","Civic Coalition (KO)",5,4,"knowledgeable",7,2,4,2,5,3,3,3,6,3,"undemocratic","lose",6,6,1,1,0,0,0,0,4,1
1820,"Law and Justice (PiS)","Civic Coalition (KO)",4,3,"unknowledgeable",6,5,3,4,5,7,2,4,4,3,"undemocratic","win",3,4,7,7,1,0,1,0,3,5
1821,"Law and Justice (PiS)","Law and Justice (PiS)",4,4,"knowledgeable",6,3,7,4,3,3,2,4,6,2,"democratic","win",7,7,3,2,0,-1,0,0,4,1
1822,"Civic Coalition (KO)","Civic Coalition (KO)",4,4,"knowledgeable",5,7,6,5,7,5,5,4,5,3,"democratic","win",7,7,1,1,0,0,0,0,4,1
1824,"Civic Coalition (KO)","Civic Coalition (KO)",7,7,"knowledgeable",7,7,6,7,5,6,4,5,6,4,"democratic","lose",7,7,1,1,0,0,0,0,5,1
1825,"Civic Coalition (KO)","Civic Coalition (KO)",5,5,"knowledgeable",6,5,6,5,5,5,2,4,2,4,"undemocratic","lose",6,6,3,4,0,1,0,0,5,4
1829,"Civic Coalition (KO)","Civic Coalition (KO)",4,2,"unknowledgeable",6,6,6,3,4,4,5,3,5,2,"democratic","win",6,6,1,1,0,0,0,0,5,1
1831,"Civic Coalition (KO)","Civic Coalition (KO)",4,5,"knowledgeable",7,3,7,3,4,4,3,4,7,2,"undemocratic","win",7,7,1,1,0,0,0,0,1,1
1833,"Civic Coalition (KO)","Civic Coalition (KO)",4,4,"unknowledgeable",6,4,7,3,5,2,NA,4,6,1,"democratic","lose",6,5,1,1,-1,0,0,0,4,1
1834,"Law and Justice (PiS)","Law and Justice (PiS)",4,4,"unknowledgeable",4,4,6,4,4,4,1,7,4,5,"undemocratic","win",7,7,5,4,0,-1,0,0,5,4
1835,"Law and Justice (PiS)","Law and Justice (PiS)",3,6,"knowledgeable",7,6,7,4,6,4,2,3,6,1,"democratic","win",6,6,1,1,0,0,0,0,4,1
1836,"Civic Coalition (KO)","Civic Coalition (KO)",6,5,"knowledgeable",4,1,7,5,6,2,3,4,6,3,"democratic","lose",5,5,1,1,0,0,0,0,4,2
1838,"Law and Justice (PiS)","Law and Justice (PiS)",4,7,"unknowledgeable",4,4,4,4,4,4,NA,4,4,4,"undemocratic","lose",6,7,2,3,1,1,0,0,4,4
1839,"Civic Coalition (KO)","Civic Coalition (KO)",6,6,"knowledgeable",6,6,7,6,6,5,6,4,6,2,"democratic","lose",7,7,1,1,0,0,0,0,3,1
1840,"Law and Justice (PiS)","Law and Justice (PiS)",5,5,"knowledgeable",7,7,5,7,6,6,6,5,7,4,"undemocratic","lose",6,7,3,3,1,0,0,0,5,4
1842,"Law and Justice (PiS)","Law and Justice (PiS)",4,4,"knowledgeable",6,6,6,3,3,3,2,4,6,1,"democratic","win",6,5,4,4,-1,0,0,0,5,4
1843,"Civic Coalition (KO)","Abstain",3,4,"knowledgeable",4,4,3,4,4,5,5,4,6,2,"undemocratic","win",3,2,1,1,-1,0,0,1,3,1
1844,"Civic Coalition (KO)","Abstain",3,3,"unknowledgeable",5,5,3,4,5,6,2,3,6,2,"democratic","win",6,5,2,5,-1,3,0,1,4,2
1847,"Law and Justice (PiS)","Law and Justice (PiS)",7,7,"knowledgeable",5,5,5,3,5,5,3,6,5,3,"undemocratic","lose",7,7,1,1,0,0,0,0,6,3
1848,"Civic Coalition (KO)","Abstain",4,2,"knowledgeable",6,2,3,4,4,4,3,3,4,2,"undemocratic","win",7,3,3,5,-4,2,0,1,3,4
1849,"Civic Coalition (KO)","Civic Coalition (KO)",1,1,"unknowledgeable",4,2,2,4,3,6,NA,4,3,2,"undemocratic","win",7,6,1,1,-1,0,0,0,4,1
1851,"Law and Justice (PiS)","Law and Justice (PiS)",6,6,"knowledgeable",7,6,6,5,6,6,NA,4,6,5,"democratic","lose",7,7,1,1,0,0,0,0,5,1
1852,"Law and Justice (PiS)","Law and Justice (PiS)",6,5,"knowledgeable",5,5,5,5,6,6,3,5,5,5,"undemocratic","win",6,6,2,5,0,3,0,0,1,2
1853,"Law and Justice (PiS)","Law and Justice (PiS)",7,7,"knowledgeable",7,7,7,1,1,1,1,6,7,5,"undemocratic","lose",7,7,1,1,0,0,0,0,7,1
1854,"Civic Coalition (KO)","Civic Coalition (KO)",4,1,"unknowledgeable",6,5,2,7,4,3,3,3,6,2,"democratic","lose",7,7,4,4,0,0,0,0,6,3
1855,"Civic Coalition (KO)","Civic Coalition (KO)",4,4,"unknowledgeable",6,5,3,4,5,2,NA,4,6,1,"democratic","win",4,4,5,4,0,-1,0,0,4,3
1857,"Civic Coalition (KO)","Civic Coalition (KO)",2,2,"knowledgeable",7,7,7,2,3,3,6,3,6,2,"undemocratic","lose",6,6,5,5,0,0,0,0,3,1
1858,"Law and Justice (PiS)","Law and Justice (PiS)",5,5,"unknowledgeable",2,6,6,2,6,5,4,4,6,5,"democratic","lose",7,7,1,3,0,2,0,0,5,4
1861,"Law and Justice (PiS)","Civic Coalition (KO)",5,4,"knowledgeable",5,6,7,3,5,5,5,5,4,3,"democratic","lose",5,4,4,3,-1,-1,1,0,5,4
1862,"Civic Coalition (KO)","Abstain",5,5,"knowledgeable",6,6,7,6,6,3,3,6,4,4,"democratic","win",7,7,1,3,0,2,0,1,6,1
1864,"Law and Justice (PiS)","Civic Coalition (KO)",5,3,"knowledgeable",2,4,4,1,3,3,3,3,5,1,"undemocratic","lose",7,6,5,4,-1,-1,1,0,1,5
1867,"Civic Coalition (KO)","Civic Coalition (KO)",4,2,"knowledgeable",4,1,1,1,1,1,4,4,7,1,"undemocratic","win",6,6,1,1,0,0,0,0,2,1
1868,"Law and Justice (PiS)","Law and Justice (PiS)",4,1,"knowledgeable",5,6,7,3,2,4,4,7,6,3,"undemocratic","lose",7,7,1,1,0,0,0,0,6,1
1870,"Civic Coalition (KO)","Civic Coalition (KO)",5,3,"unknowledgeable",7,7,7,5,7,5,1,4,1,5,"democratic","lose",6,6,1,1,0,0,0,0,4,1
1871,"Law and Justice (PiS)","Law and Justice (PiS)",7,6,"knowledgeable",7,7,7,4,7,6,NA,4,7,5,"undemocratic","lose",7,7,1,1,0,0,0,0,7,1
1872,"Law and Justice (PiS)","Civic Coalition (KO)",5,5,"unknowledgeable",6,6,7,6,6,7,4,4,5,2,"democratic","win",6,6,5,7,0,2,1,0,4,4
1874,"Law and Justice (PiS)","Law and Justice (PiS)",4,4,"unknowledgeable",4,4,4,4,4,4,NA,4,4,5,"undemocratic","win",7,5,3,4,-2,1,0,0,4,4
1875,"Law and Justice (PiS)","Law and Justice (PiS)",5,4,"unknowledgeable",6,5,5,6,6,5,1,4,5,4,"democratic","win",6,6,5,5,0,0,0,0,5,4
1876,"Law and Justice (PiS)","Law and Justice (PiS)",6,6,"knowledgeable",6,5,6,5,5,4,5,4,6,3,"democratic","lose",4,4,4,4,0,0,0,0,4,2
1877,"Civic Coalition (KO)","Law and Justice (PiS)",5,2,"knowledgeable",4,6,6,6,5,6,3,3,2,3,"undemocratic","lose",2,2,4,4,0,0,1,0,6,6
1878,"Civic Coalition (KO)","Abstain",2,1,"unknowledgeable",6,4,6,4,5,4,3,3,4,1,"undemocratic","win",3,1,1,2,-2,1,0,1,4,1
1879,"Civic Coalition (KO)","Civic Coalition (KO)",7,7,"knowledgeable",7,7,7,2,2,2,4,2,7,3,"democratic","lose",6,6,1,1,0,0,0,0,4,2
1880,"Civic Coalition (KO)","Abstain",4,4,"unknowledgeable",4,4,3,4,4,4,3,4,6,2,"democratic","win",3,4,4,4,1,0,0,1,4,4
1881,"Law and Justice (PiS)","Abstain",4,3,"unknowledgeable",3,4,6,5,5,5,NA,5,5,1,"undemocratic","lose",6,5,3,4,-1,1,0,1,3,4
1882,"Civic Coalition (KO)","Civic Coalition (KO)",2,6,"knowledgeable",7,7,7,5,7,1,5,4,7,2,"undemocratic","win",7,7,1,1,0,0,0,0,4,3
1883,"Civic Coalition (KO)","Civic Coalition (KO)",4,4,"knowledgeable",7,7,7,1,1,4,5,3,6,4,"democratic","lose",4,4,1,1,0,0,0,0,4,1
1884,"Civic Coalition (KO)","Civic Coalition (KO)",6,4,"unknowledgeable",6,4,7,5,5,2,5,4,6,1,"democratic","win",7,5,2,3,-2,1,0,0,5,1
1885,"Law and Justice (PiS)","Law and Justice (PiS)",5,5,"knowledgeable",6,3,6,5,4,2,5,7,6,2,"democratic","win",7,7,4,4,0,0,0,0,7,1
1886,"Law and Justice (PiS)","Law and Justice (PiS)",6,4,"unknowledgeable",5,5,7,7,5,3,4,4,5,3,"democratic","lose",7,7,4,3,0,-1,0,0,7,4
1887,"Law and Justice (PiS)","Law and Justice (PiS)",5,2,"knowledgeable",6,6,5,6,4,3,5,5,5,3,"undemocratic","lose",6,6,2,3,0,1,0,0,6,2
1888,"Law and Justice (PiS)","Law and Justice (PiS)",5,4,"unknowledgeable",3,4,3,4,4,4,3,6,6,4,"undemocratic","lose",7,7,1,1,0,0,0,0,7,1
1889,"Law and Justice (PiS)","Law and Justice (PiS)",5,6,"unknowledgeable",4,4,5,5,7,5,3,3,5,1,"democratic","lose",4,4,7,7,0,0,0,0,1,4
1892,"Law and Justice (PiS)","Law and Justice (PiS)",4,4,"knowledgeable",5,5,5,5,3,3,4,6,5,2,"undemocratic","win",7,7,1,1,0,0,0,0,5,1
1893,"Law and Justice (PiS)","Law and Justice (PiS)",4,4,"knowledgeable",5,5,5,5,4,5,5,6,5,3,"democratic","win",7,7,1,1,0,0,0,0,6,2
1894,"Civic Coalition (KO)","Civic Coalition (KO)",4,3,"knowledgeable",5,5,3,5,4,4,4,2,7,2,"democratic","win",6,6,2,2,0,0,0,0,4,1
1895,"Civic Coalition (KO)","Civic Coalition (KO)",4,4,"unknowledgeable",5,6,4,4,6,5,NA,2,6,2,"undemocratic","lose",7,6,1,1,-1,0,0,0,4,1
1897,"Law and Justice (PiS)","Law and Justice (PiS)",4,3,"knowledgeable",7,7,7,2,1,3,6,6,6,2,"undemocratic","win",7,7,1,1,0,0,0,0,4,1
1899,"Law and Justice (PiS)","Law and Justice (PiS)",5,4,"knowledgeable",7,7,7,5,7,7,5,3,3,3,"undemocratic","win",7,3,2,7,-4,5,0,0,5,3
1900,"Law and Justice (PiS)","Law and Justice (PiS)",6,6,"knowledgeable",6,5,6,4,5,6,1,5,3,2,"democratic","lose",7,7,1,1,0,0,0,0,5,3
1902,"Civic Coalition (KO)","Civic Coalition (KO)",4,4,"unknowledgeable",4,4,6,4,4,4,3,5,6,5,"undemocratic","lose",7,7,2,4,0,2,0,0,5,2
1903,"Civic Coalition (KO)","Civic Coalition (KO)",7,7,"knowledgeable",7,7,7,5,5,5,5,5,6,3,"democratic","lose",7,7,5,5,0,0,0,0,5,1
1904,"Civic Coalition (KO)","Civic Coalition (KO)",4,4,"knowledgeable",6,5,7,5,6,2,6,2,6,2,"democratic","win",5,5,1,1,0,0,0,0,4,1
1906,"Law and Justice (PiS)","Law and Justice (PiS)",7,5,"unknowledgeable",7,7,7,7,7,7,5,2,4,3,"undemocratic","win",7,7,4,4,0,0,0,0,7,7
1910,"Law and Justice (PiS)","Law and Justice (PiS)",2,4,"knowledgeable",4,6,2,2,6,2,6,4,6,3,"undemocratic","lose",7,7,1,2,0,1,0,0,6,2
1912,"Law and Justice (PiS)","Law and Justice (PiS)",7,6,"knowledgeable",7,7,7,7,4,3,4,5,6,3,"democratic","lose",4,3,4,4,-1,0,0,0,5,4
1913,"Civic Coalition (KO)","Civic Coalition (KO)",3,3,"knowledgeable",5,6,1,5,5,6,6,4,6,3,"democratic","win",6,5,5,4,-1,-1,0,0,4,1
1914,"Law and Justice (PiS)","Law and Justice (PiS)",4,5,"unknowledgeable",6,4,4,2,4,5,3,6,4,3,"democratic","lose",6,6,4,3,0,-1,0,0,6,1
1915,"Law and Justice (PiS)","Law and Justice (PiS)",4,4,"unknowledgeable",5,4,6,4,5,4,4,4,4,3,"undemocratic","lose",6,6,2,4,0,2,0,0,4,4
1916,"Civic Coalition (KO)","Civic Coalition (KO)",3,3,"knowledgeable",7,7,7,7,7,4,3,3,7,3,"democratic","win",7,7,1,1,0,0,0,0,4,1
1917,"Civic Coalition (KO)","Civic Coalition (KO)",6,4,"unknowledgeable",5,4,3,5,5,1,2,4,4,1,"democratic","lose",6,7,1,1,1,0,0,0,4,1
1918,"Law and Justice (PiS)","Law and Justice (PiS)",6,6,"unknowledgeable",7,4,4,2,7,5,4,2,7,1,"democratic","lose",7,7,1,3,0,2,0,0,3,5
1920,"Law and Justice (PiS)","Law and Justice (PiS)",3,3,"knowledgeable",6,6,6,6,6,6,1,4,6,3,"democratic","win",4,7,7,1,3,-6,0,0,5,1
1921,"Law and Justice (PiS)","Law and Justice (PiS)",3,4,"knowledgeable",5,5,7,6,6,5,4,4,5,5,"undemocratic","lose",6,6,2,5,0,3,0,0,5,2
1922,"Civic Coalition (KO)","Civic Coalition (KO)",7,5,"knowledgeable",7,7,7,2,4,2,4,2,7,3,"democratic","win",7,7,1,1,0,0,0,0,7,1
1925,"Law and Justice (PiS)","Law and Justice (PiS)",4,5,"unknowledgeable",7,3,6,2,5,4,2,4,4,4,"undemocratic","win",5,6,4,5,1,1,0,0,5,3
1926,"Civic Coalition (KO)","Civic Coalition (KO)",2,1,"unknowledgeable",2,2,3,4,3,3,2,4,3,3,"undemocratic","lose",7,6,5,4,-1,-1,0,0,3,3
1928,"Civic Coalition (KO)","Abstain",3,3,"unknowledgeable",5,7,7,4,3,3,4,1,7,1,"undemocratic","win",4,2,2,3,-2,1,0,1,4,1
1929,"Law and Justice (PiS)","Law and Justice (PiS)",4,4,"knowledgeable",6,5,7,4,4,4,1,6,6,4,"undemocratic","win",6,4,4,4,-2,0,0,0,4,2
1931,"Civic Coalition (KO)","Civic Coalition (KO)",4,2,"knowledgeable",5,6,7,6,5,4,3,4,6,2,"democratic","win",3,3,1,1,0,0,0,0,3,1
1933,"Law and Justice (PiS)","Abstain",4,4,"unknowledgeable",4,4,4,4,4,4,NA,6,6,2,"undemocratic","lose",6,4,5,4,-2,-1,0,1,5,3
1934,"Civic Coalition (KO)","Civic Coalition (KO)",3,3,"knowledgeable",3,5,7,2,3,5,3,5,6,5,"undemocratic","lose",6,6,5,5,0,0,0,0,5,2
1936,"Law and Justice (PiS)","Law and Justice (PiS)",4,4,"knowledgeable",6,4,7,6,4,4,3,6,3,4,"democratic","lose",6,6,2,1,0,-1,0,0,5,7
1937,"Law and Justice (PiS)","Law and Justice (PiS)",4,3,"unknowledgeable",5,5,2,4,5,3,2,3,5,3,"democratic","lose",5,5,7,7,0,0,0,0,3,3
1939,"Civic Coalition (KO)","Law and Justice (PiS)",5,2,"unknowledgeable",6,5,5,2,2,5,1,3,3,1,"democratic","lose",7,3,7,7,-4,0,1,0,2,1
1941,"Civic Coalition (KO)","Civic Coalition (KO)",3,5,"knowledgeable",7,7,7,7,4,1,1,4,7,5,"democratic","win",6,6,1,1,0,0,0,0,4,1
1942,"Law and Justice (PiS)","Law and Justice (PiS)",1,2,"knowledgeable",5,4,3,4,3,6,3,4,6,5,"undemocratic","win",6,6,3,5,0,2,0,0,4,1
1944,"Law and Justice (PiS)","Abstain",3,4,"unknowledgeable",6,6,6,4,5,2,5,5,6,4,"democratic","win",6,3,4,4,-3,0,0,1,5,4
1945,"Civic Coalition (KO)","Civic Coalition (KO)",1,2,"unknowledgeable",5,5,7,5,5,4,NA,4,4,1,"democratic","lose",5,5,1,1,0,0,0,0,4,1
1947,"Civic Coalition (KO)","Civic Coalition (KO)",6,6,"knowledgeable",7,7,7,5,5,3,1,4,6,5,"undemocratic","lose",7,7,1,1,0,0,0,0,5,1
1948,"Civic Coalition (KO)","Civic Coalition (KO)",2,2,"knowledgeable",1,7,7,1,1,1,4,4,6,5,"undemocratic","win",5,5,1,1,0,0,0,0,4,1
1949,"Law and Justice (PiS)","Law and Justice (PiS)",6,4,"unknowledgeable",6,4,7,4,4,5,4,4,5,4,"democratic","lose",4,4,4,4,0,0,0,0,5,4
1950,"Civic Coalition (KO)","Civic Coalition (KO)",4,4,"unknowledgeable",6,6,6,4,4,5,2,2,6,4,"undemocratic","win",7,7,1,1,0,0,0,0,5,1
1951,"Law and Justice (PiS)","Law and Justice (PiS)",5,5,"knowledgeable",7,6,6,4,5,4,NA,6,6,5,"undemocratic","lose",7,7,1,1,0,0,0,0,6,2
1952,"Civic Coalition (KO)","Civic Coalition (KO)",2,2,"knowledgeable",1,6,7,1,6,1,4,4,7,4,"democratic","win",6,1,1,6,-5,5,0,0,6,1
1953,"Law and Justice (PiS)","Law and Justice (PiS)",2,3,"knowledgeable",6,7,7,5,3,3,1,5,6,4,"undemocratic","lose",7,7,1,1,0,0,0,0,5,1
1954,"Law and Justice (PiS)","Law and Justice (PiS)",4,3,"unknowledgeable",5,6,6,7,4,5,1,7,7,2,"undemocratic","win",7,7,2,2,0,0,0,0,6,2
1955,"Law and Justice (PiS)","Law and Justice (PiS)",4,4,"unknowledgeable",5,5,5,5,5,5,3,3,5,5,"democratic","win",6,6,1,1,0,0,0,0,4,2
1956,"Law and Justice (PiS)","Law and Justice (PiS)",2,3,"knowledgeable",6,6,7,4,5,5,4,4,6,2,"undemocratic","lose",3,3,4,5,0,1,0,0,3,3
1958,"Civic Coalition (KO)","Civic Coalition (KO)",1,1,"knowledgeable",6,2,7,2,2,5,4,3,6,1,"undemocratic","win",7,6,1,1,-1,0,0,0,3,1
1961,"Civic Coalition (KO)","Civic Coalition (KO)",1,1,"knowledgeable",1,6,1,1,1,1,2,4,7,5,"undemocratic","win",7,7,1,1,0,0,0,0,7,1
1963,"Law and Justice (PiS)","Law and Justice (PiS)",4,5,"unknowledgeable",4,5,3,4,4,4,4,6,6,2,"democratic","lose",7,7,5,6,0,1,0,0,5,4
1964,"Law and Justice (PiS)","Abstain",4,4,"unknowledgeable",4,6,6,4,3,2,1,4,6,5,"democratic","win",6,4,4,4,-2,0,0,1,5,4
1965,"Law and Justice (PiS)","Law and Justice (PiS)",4,4,"knowledgeable",5,5,7,5,4,5,NA,5,5,3,"democratic","win",4,6,4,1,2,-3,0,0,5,1
1968,"Civic Coalition (KO)","Civic Coalition (KO)",4,5,"knowledgeable",6,7,7,6,4,4,3,3,7,5,"undemocratic","lose",7,7,1,1,0,0,0,0,5,1
1969,"Law and Justice (PiS)","Abstain",2,2,"unknowledgeable",5,6,3,4,5,4,NA,5,6,3,"undemocratic","lose",6,3,1,1,-3,0,0,1,4,1
1970,"Civic Coalition (KO)","Abstain",3,3,"knowledgeable",5,5,7,4,4,3,5,2,6,1,"undemocratic","win",6,3,1,3,-3,2,0,1,3,1
1973,"Civic Coalition (KO)","Civic Coalition (KO)",4,4,"unknowledgeable",4,3,7,3,4,4,1,3,4,1,"democratic","lose",7,6,6,6,-1,0,0,0,5,1
1974,"Law and Justice (PiS)","Law and Justice (PiS)",7,7,"knowledgeable",7,7,7,4,2,2,6,5,7,4,"democratic","lose",6,6,5,5,0,0,0,0,5,4
1975,"Civic Coalition (KO)","Civic Coalition (KO)",5,6,"knowledgeable",6,6,7,4,6,6,2,2,6,4,"democratic","win",7,7,1,1,0,0,0,0,5,1
1976,"Law and Justice (PiS)","Civic Coalition (KO)",4,3,"unknowledgeable",4,4,4,5,3,4,1,4,4,3,"undemocratic","win",6,6,4,5,0,1,1,0,5,4
1977,"Civic Coalition (KO)","Civic Coalition (KO)",3,3,"knowledgeable",7,7,7,4,7,7,6,4,7,3,"undemocratic","lose",4,7,4,1,3,-3,0,0,3,1
1979,"Law and Justice (PiS)","Law and Justice (PiS)",1,5,"knowledgeable",6,6,7,6,6,2,5,3,4,2,"undemocratic","lose",6,6,1,1,0,0,0,0,4,2
1981,"Civic Coalition (KO)","Civic Coalition (KO)",3,3,"unknowledgeable",7,3,7,1,5,1,NA,5,6,2,"undemocratic","win",5,5,4,5,0,1,0,0,4,4
1983,"Law and Justice (PiS)","Law and Justice (PiS)",5,5,"knowledgeable",6,4,7,6,5,5,5,5,6,4,"democratic","lose",7,7,1,1,0,0,0,0,4,1
1984,"Law and Justice (PiS)","Law and Justice (PiS)",5,5,"knowledgeable",6,4,7,3,3,5,5,6,4,3,"democratic","lose",7,7,1,5,0,4,0,0,5,3
1985,"Law and Justice (PiS)","Law and Justice (PiS)",4,4,"knowledgeable",6,7,7,3,6,3,4,5,5,2,"democratic","win",6,6,5,5,0,0,0,0,4,2
1986,"Law and Justice (PiS)","Law and Justice (PiS)",5,4,"unknowledgeable",6,2,2,6,5,6,2,4,5,4,"undemocratic","lose",7,7,2,2,0,0,0,0,6,6
1987,"Civic Coalition (KO)","Abstain",4,4,"knowledgeable",6,6,5,5,5,2,6,4,6,4,"democratic","win",6,3,1,3,-3,2,0,1,5,2
1988,"Civic Coalition (KO)","Civic Coalition (KO)",3,2,"knowledgeable",7,7,7,6,7,6,4,2,7,1,"undemocratic","lose",4,4,4,4,0,0,0,0,1,4
1989,"Civic Coalition (KO)","Civic Coalition (KO)",4,4,"knowledgeable",7,6,6,4,5,3,6,2,3,4,"undemocratic","win",6,6,5,4,0,-1,0,0,4,2
1991,"Civic Coalition (KO)","Abstain",2,3,"knowledgeable",6,7,7,2,1,1,3,6,6,2,"undemocratic","win",6,3,2,5,-3,3,0,1,5,2
1992,"Civic Coalition (KO)","Civic Coalition (KO)",6,5,"knowledgeable",6,4,6,6,6,6,4,3,6,5,"democratic","win",7,7,1,2,0,1,0,0,5,1
1994,"Law and Justice (PiS)","Law and Justice (PiS)",5,6,"knowledgeable",7,5,6,6,6,3,5,3,4,3,"democratic","lose",3,3,5,5,0,0,0,0,4,2
1995,"Law and Justice (PiS)","Law and Justice (PiS)",4,4,"unknowledgeable",4,4,4,4,4,4,2,5,5,3,"democratic","win",7,7,1,1,0,0,0,0,5,1
1997,"Civic Coalition (KO)","Civic Coalition (KO)",4,4,"unknowledgeable",5,4,3,4,4,4,2,4,7,3,"democratic","lose",4,1,1,4,-3,3,0,0,4,7
1998,"Law and Justice (PiS)","Law and Justice (PiS)",4,4,"unknowledgeable",6,4,6,1,4,6,1,5,4,2,"undemocratic","lose",4,1,6,6,-3,0,0,0,3,2
2000,"Law and Justice (PiS)","Law and Justice (PiS)",2,3,"knowledgeable",7,6,7,4,6,4,4,5,6,3,"undemocratic","lose",6,6,2,4,0,2,0,0,5,2
2001,"Law and Justice (PiS)","Law and Justice (PiS)",6,6,"knowledgeable",5,5,2,4,4,4,4,5,6,5,"democratic","lose",7,7,1,1,0,0,0,0,7,1
2003,"Law and Justice (PiS)","Law and Justice (PiS)",1,1,"knowledgeable",7,5,7,5,5,3,4,5,1,4,"undemocratic","lose",4,4,2,1,0,-1,0,0,4,3
2006,"Civic Coalition (KO)","Abstain",3,4,"knowledgeable",6,6,7,4,6,2,NA,2,7,1,"democratic","win",6,4,1,4,-2,3,0,1,5,1
2007,"Civic Coalition (KO)","Civic Coalition (KO)",3,2,"knowledgeable",4,4,5,3,5,5,2,4,6,3,"undemocratic","lose",6,6,4,4,0,0,0,0,4,2
2008,"Civic Coalition (KO)","Civic Coalition (KO)",4,3,"knowledgeable",3,5,2,5,5,2,NA,3,5,1,"undemocratic","win",6,4,2,1,-2,-1,0,0,5,1
2009,"Civic Coalition (KO)","Civic Coalition (KO)",4,5,"unknowledgeable",6,7,7,1,1,1,6,2,7,2,"democratic","win",6,6,1,1,0,0,0,0,2,1
2010,"Civic Coalition (KO)","Civic Coalition (KO)",1,1,"knowledgeable",5,3,7,6,6,6,4,3,7,5,"undemocratic","win",7,7,1,1,0,0,0,0,5,1
2011,"Civic Coalition (KO)","Civic Coalition (KO)",5,6,"knowledgeable",7,7,7,7,7,2,2,4,6,3,"democratic","lose",4,4,1,1,0,0,0,0,4,1
2013,"Civic Coalition (KO)","Civic Coalition (KO)",5,5,"knowledgeable",7,6,7,6,7,7,6,3,6,2,"democratic","lose",6,7,1,1,1,0,0,0,3,2
2016,"Civic Coalition (KO)","Abstain",4,4,"unknowledgeable",4,4,4,4,4,4,3,4,4,2,"democratic","win",7,4,1,1,-3,0,0,1,4,1
2018,"Civic Coalition (KO)","Civic Coalition (KO)",5,5,"unknowledgeable",6,6,6,6,6,6,NA,4,7,5,"undemocratic","lose",4,6,2,5,2,3,0,0,5,3
2020,"Civic Coalition (KO)","Abstain",4,4,"knowledgeable",7,7,7,4,4,5,NA,3,6,2,"undemocratic","win",4,2,1,1,-2,0,0,1,3,1
2023,"Civic Coalition (KO)","Civic Coalition (KO)",2,2,"unknowledgeable",6,4,6,5,6,6,4,4,7,1,"undemocratic","win",6,5,3,3,-1,0,0,0,3,3
2025,"Law and Justice (PiS)","Law and Justice (PiS)",3,5,"unknowledgeable",5,5,6,6,6,3,2,5,6,3,"democratic","win",6,7,4,2,1,-2,0,0,5,1
2027,"Law and Justice (PiS)","Law and Justice (PiS)",5,5,"knowledgeable",4,4,3,4,5,4,1,3,6,3,"democratic","win",6,6,3,3,0,0,0,0,6,4
2030,"Civic Coalition (KO)","Abstain",2,2,"unknowledgeable",7,6,7,6,6,2,3,4,6,1,"democratic","win",6,1,1,1,-5,0,0,1,4,1
2031,"Civic Coalition (KO)","Civic Coalition (KO)",4,4,"knowledgeable",5,4,6,5,5,4,5,3,6,1,"democratic","win",6,6,2,2,0,0,0,0,4,1
2032,"Civic Coalition (KO)","Civic Coalition (KO)",2,2,"knowledgeable",7,7,7,1,4,1,3,3,7,2,"undemocratic","lose",7,7,1,1,0,0,0,0,5,1
2033,"Civic Coalition (KO)","Civic Coalition (KO)",5,5,"knowledgeable",5,5,5,6,5,6,1,4,6,4,"democratic","lose",6,6,5,4,0,-1,0,0,5,3
2034,"Civic Coalition (KO)","Civic Coalition (KO)",1,2,"knowledgeable",7,7,7,6,4,3,3,4,6,1,"undemocratic","lose",4,3,2,3,-1,1,0,0,5,2
2035,"Law and Justice (PiS)","Law and Justice (PiS)",6,5,"knowledgeable",7,5,7,5,6,5,6,4,7,2,"democratic","lose",7,7,1,1,0,0,0,0,6,1
2039,"Civic Coalition (KO)","Abstain",5,5,"unknowledgeable",4,4,4,4,4,4,2,4,4,1,"democratic","lose",5,3,3,5,-2,2,0,1,5,4
2040,"Law and Justice (PiS)","Law and Justice (PiS)",4,4,"unknowledgeable",4,4,4,4,4,5,4,5,2,5,"democratic","win",4,6,3,6,2,3,0,0,4,4
2041,"Civic Coalition (KO)","Civic Coalition (KO)",4,4,"unknowledgeable",4,4,2,4,4,4,3,1,4,1,"undemocratic","lose",7,7,1,1,0,0,0,0,6,1
2045,"Civic Coalition (KO)","Civic Coalition (KO)",4,4,"knowledgeable",2,2,6,6,6,6,2,3,4,3,"undemocratic","win",6,6,1,1,0,0,0,0,4,1
2046,"Civic Coalition (KO)","Civic Coalition (KO)",4,3,"knowledgeable",5,6,7,2,2,2,5,4,5,2,"undemocratic","win",5,6,1,2,1,1,0,0,3,1
2049,"Civic Coalition (KO)","Civic Coalition (KO)",3,4,"unknowledgeable",2,1,7,4,5,4,2,4,5,3,"democratic","win",5,5,1,1,0,0,0,0,5,7
2050,"Civic Coalition (KO)","Civic Coalition (KO)",3,4,"knowledgeable",5,4,4,4,4,3,4,4,5,2,"democratic","lose",7,7,3,4,0,1,0,0,5,1
2053,"Law and Justice (PiS)","Law and Justice (PiS)",6,4,"knowledgeable",7,5,7,3,3,3,NA,6,6,4,"undemocratic","lose",7,7,1,1,0,0,0,0,6,3
2055,"Civic Coalition (KO)","Civic Coalition (KO)",6,7,"unknowledgeable",5,5,6,5,5,5,NA,5,4,2,"democratic","lose",6,7,2,2,1,0,0,0,4,2
2056,"Civic Coalition (KO)","Civic Coalition (KO)",4,4,"unknowledgeable",7,6,6,5,4,1,NA,4,6,3,"undemocratic","win",6,4,1,4,-2,3,0,0,4,3
2057,"Civic Coalition (KO)","Civic Coalition (KO)",5,5,"knowledgeable",6,6,7,2,6,6,4,2,6,5,"democratic","win",5,6,1,1,1,0,0,0,4,1
2059,"Civic Coalition (KO)","Civic Coalition (KO)",3,3,"unknowledgeable",6,5,5,5,5,5,4,2,6,3,"undemocratic","lose",7,6,1,2,-1,1,0,0,5,1
2060,"Law and Justice (PiS)","Law and Justice (PiS)",4,5,"unknowledgeable",5,4,4,4,4,4,3,4,1,4,"democratic","win",6,6,1,1,0,0,0,0,5,1
2061,"Civic Coalition (KO)","Civic Coalition (KO)",4,3,"knowledgeable",6,6,7,6,6,5,1,3,3,1,"undemocratic","lose",6,6,5,5,0,0,0,0,4,2
2062,"Civic Coalition (KO)","Civic Coalition (KO)",4,4,"knowledgeable",4,5,3,4,7,3,NA,4,6,3,"democratic","lose",7,6,1,1,-1,0,0,0,4,2
2063,"Civic Coalition (KO)","Civic Coalition (KO)",4,5,"unknowledgeable",4,4,1,4,4,3,3,2,6,1,"democratic","lose",4,4,1,1,0,0,0,0,4,1
2065,"Civic Coalition (KO)","Civic Coalition (KO)",4,2,"knowledgeable",2,1,1,2,7,2,4,3,6,2,"democratic","win",5,6,2,1,1,-1,0,0,3,1
2069,"Civic Coalition (KO)","Civic Coalition (KO)",3,3,"knowledgeable",7,7,7,4,3,2,5,4,6,1,"undemocratic","lose",6,6,1,2,0,1,0,0,4,2
2072,"Law and Justice (PiS)","Law and Justice (PiS)",5,3,"unknowledgeable",4,4,4,4,4,4,NA,4,4,4,"democratic","lose",7,7,1,1,0,0,0,0,7,1
2073,"Civic Coalition (KO)","Civic Coalition (KO)",4,4,"unknowledgeable",5,6,6,3,5,3,NA,4,6,4,"undemocratic","lose",6,6,2,2,0,0,0,0,4,1
2076,"Civic Coalition (KO)","Civic Coalition (KO)",4,4,"knowledgeable",5,6,6,5,4,6,3,4,6,5,"undemocratic","win",6,6,2,1,0,-1,0,0,4,1
2077,"Civic Coalition (KO)","Civic Coalition (KO)",5,5,"unknowledgeable",7,7,7,5,5,4,3,4,4,2,"democratic","lose",5,5,2,2,0,0,0,0,4,2
2080,"Civic Coalition (KO)","Civic Coalition (KO)",3,5,"unknowledgeable",4,7,4,5,5,4,NA,3,6,4,"undemocratic","win",7,6,2,2,-1,0,0,0,5,1
2082,"Civic Coalition (KO)","Civic Coalition (KO)",4,3,"unknowledgeable",4,5,6,3,5,4,NA,2,4,2,"democratic","win",7,7,1,1,0,0,0,0,5,2
2084,"Law and Justice (PiS)","Law and Justice (PiS)",1,1,"unknowledgeable",7,5,7,6,5,6,NA,6,6,3,"democratic","win",6,6,1,1,0,0,0,0,6,2
2085,"Civic Coalition (KO)","Civic Coalition (KO)",4,4,"unknowledgeable",6,4,6,4,4,3,6,4,6,2,"undemocratic","lose",7,7,1,1,0,0,0,0,4,1
2086,"Law and Justice (PiS)","Law and Justice (PiS)",4,4,"unknowledgeable",7,4,6,4,6,4,2,4,3,4,"undemocratic","win",7,7,3,4,0,1,0,0,5,4
2087,"Civic Coalition (KO)","Civic Coalition (KO)",3,2,"knowledgeable",6,5,3,5,6,5,4,5,6,4,"undemocratic","win",6,6,5,5,0,0,0,0,5,4
2088,"Civic Coalition (KO)","Civic Coalition (KO)",6,7,"knowledgeable",7,7,4,5,6,5,3,3,7,4,"democratic","lose",7,7,1,1,0,0,0,0,4,1
2090,"Civic Coalition (KO)","Civic Coalition (KO)",5,4,"knowledgeable",5,4,7,4,5,4,5,4,4,3,"democratic","lose",6,6,2,3,0,1,0,0,4,1
2092,"Law and Justice (PiS)","Law and Justice (PiS)",4,5,"knowledgeable",7,6,7,6,5,5,1,3,6,2,"undemocratic","win",6,6,5,5,0,0,0,0,4,4
2093,"Civic Coalition (KO)","Civic Coalition (KO)",7,6,"knowledgeable",3,1,7,4,7,4,3,4,6,1,"democratic","lose",4,6,1,1,2,0,0,0,4,1
2094,"Civic Coalition (KO)","Civic Coalition (KO)",2,2,"unknowledgeable",6,6,2,7,2,2,6,4,6,3,"undemocratic","win",7,7,1,1,0,0,0,0,3,1
2095,"Civic Coalition (KO)","Civic Coalition (KO)",4,4,"knowledgeable",5,3,6,3,4,5,2,5,4,4,"undemocratic","lose",6,6,2,2,0,0,0,0,4,2
2096,"Civic Coalition (KO)","Civic Coalition (KO)",2,2,"knowledgeable",1,6,6,7,6,5,4,4,6,5,"undemocratic","win",4,6,4,3,2,-1,0,0,3,3
2097,"Civic Coalition (KO)","Civic Coalition (KO)",3,3,"unknowledgeable",7,7,7,3,5,4,5,2,7,1,"democratic","win",7,6,1,1,-1,0,0,0,3,1
2098,"Law and Justice (PiS)","Law and Justice (PiS)",4,5,"unknowledgeable",5,3,7,4,1,2,5,6,5,1,"undemocratic","win",3,3,1,1,0,0,0,0,1,1
2100,"Law and Justice (PiS)","Law and Justice (PiS)",4,2,"knowledgeable",7,4,7,6,7,5,4,6,7,5,"undemocratic","lose",7,7,1,1,0,0,0,0,4,2
2101,"Civic Coalition (KO)","Civic Coalition (KO)",6,5,"knowledgeable",6,7,7,3,3,3,3,2,6,5,"democratic","lose",7,7,1,1,0,0,0,0,5,1
2102,"Civic Coalition (KO)","Civic Coalition (KO)",4,4,"knowledgeable",7,6,7,4,4,3,3,4,6,2,"undemocratic","lose",5,6,1,1,1,0,0,0,5,1
2103,"Civic Coalition (KO)","Abstain",4,3,"unknowledgeable",4,6,2,5,6,3,NA,4,6,1,"democratic","win",7,6,1,1,-1,0,0,1,4,2
2105,"Law and Justice (PiS)","Law and Justice (PiS)",4,4,"unknowledgeable",4,4,4,4,4,4,2,4,4,1,"democratic","lose",4,4,4,4,0,0,0,0,4,2
2106,"Civic Coalition (KO)","Civic Coalition (KO)",4,5,"knowledgeable",7,5,6,7,5,4,3,2,6,4,"undemocratic","lose",4,7,1,1,3,0,0,0,5,1
2107,"Civic Coalition (KO)","Civic Coalition (KO)",4,4,"knowledgeable",5,5,6,5,2,3,3,3,6,4,"undemocratic","win",7,7,1,1,0,0,0,0,6,1
2108,"Civic Coalition (KO)","Civic Coalition (KO)",4,4,"unknowledgeable",4,4,4,4,4,4,6,4,5,4,"democratic","win",7,7,5,5,0,0,0,0,4,4
2110,"Civic Coalition (KO)","Civic Coalition (KO)",3,3,"knowledgeable",4,4,5,4,4,4,4,4,3,2,"democratic","win",4,5,5,4,1,-1,0,0,4,4
2111,"Civic Coalition (KO)","Civic Coalition (KO)",5,5,"unknowledgeable",2,5,6,6,6,6,4,4,5,3,"undemocratic","win",6,6,5,5,0,0,0,0,5,2
2116,"Law and Justice (PiS)","Abstain",3,3,"unknowledgeable",2,3,6,3,3,3,4,6,2,2,"democratic","lose",4,6,2,4,2,2,0,1,1,1
2120,"Civic Coalition (KO)","Civic Coalition (KO)",3,2,"knowledgeable",4,6,5,5,4,2,6,4,6,4,"undemocratic","win",6,6,2,2,0,0,0,0,5,1
2123,"Law and Justice (PiS)","Law and Justice (PiS)",1,7,"knowledgeable",4,4,7,4,4,4,NA,4,1,5,"democratic","win",1,1,1,1,0,0,0,0,4,1
2124,"Law and Justice (PiS)","Abstain",1,1,"knowledgeable",7,7,7,4,5,5,5,6,7,3,"undemocratic","win",6,6,5,5,0,0,0,1,3,1
2126,"Civic Coalition (KO)","Civic Coalition (KO)",4,4,"knowledgeable",7,7,7,6,7,3,2,5,3,5,"democratic","win",7,6,2,1,-1,-1,0,0,6,2
2128,"Civic Coalition (KO)","Civic Coalition (KO)",5,4,"unknowledgeable",6,5,1,1,6,6,3,4,7,3,"democratic","lose",7,7,1,1,0,0,0,0,1,1
2129,"Civic Coalition (KO)","Civic Coalition (KO)",6,6,"unknowledgeable",7,7,7,7,7,6,1,3,2,4,"undemocratic","win",7,7,2,1,0,-1,0,0,3,1
2131,"Civic Coalition (KO)","Law and Justice (PiS)",4,4,"unknowledgeable",5,4,3,3,4,4,5,4,4,2,"democratic","lose",3,5,7,4,2,-3,1,0,4,4
2132,"Law and Justice (PiS)","Abstain",3,3,"knowledgeable",4,5,2,5,5,2,4,5,4,1,"undemocratic","lose",2,2,1,1,0,0,0,1,4,3
2133,"Civic Coalition (KO)","Civic Coalition (KO)",5,4,"knowledgeable",5,5,7,7,2,3,NA,4,6,5,"democratic","win",6,6,2,2,0,0,0,0,5,2
2136,"Civic Coalition (KO)","Civic Coalition (KO)",4,4,"unknowledgeable",5,4,4,3,5,5,3,4,4,2,"undemocratic","win",4,4,4,4,0,0,0,0,5,3
2140,"Civic Coalition (KO)","Civic Coalition (KO)",4,3,"unknowledgeable",5,3,7,5,5,4,NA,5,5,3,"undemocratic","lose",4,4,4,2,0,-2,0,0,4,2
2144,"Civic Coalition (KO)","Civic Coalition (KO)",3,3,"knowledgeable",7,7,7,1,1,1,6,2,7,4,"democratic","win",7,7,1,1,0,0,0,0,6,1
2145,"Law and Justice (PiS)","Law and Justice (PiS)",4,4,"knowledgeable",1,1,7,7,7,7,2,4,1,5,"democratic","win",7,7,1,1,0,0,0,0,7,1
2148,"Law and Justice (PiS)","Abstain",5,3,"unknowledgeable",4,4,6,5,6,4,4,4,4,1,"democratic","lose",6,4,7,3,-2,-4,0,1,4,4
2150,"Civic Coalition (KO)","Civic Coalition (KO)",1,1,"knowledgeable",7,6,3,5,3,2,6,2,7,1,"undemocratic","win",7,6,1,2,-1,1,0,0,5,1
2151,"Civic Coalition (KO)","Abstain",5,2,"knowledgeable",7,7,7,1,1,1,4,4,6,5,"undemocratic","win",6,5,1,1,-1,0,0,1,4,1
2153,"Law and Justice (PiS)","Civic Coalition (KO)",1,1,"unknowledgeable",4,6,2,6,5,2,3,4,7,2,"undemocratic","win",6,4,4,6,-2,2,1,0,4,4
2157,"Civic Coalition (KO)","Civic Coalition (KO)",7,7,"knowledgeable",7,7,7,7,7,7,NA,7,7,3,"undemocratic","lose",7,7,1,1,0,0,0,0,7,1
2158,"Law and Justice (PiS)","Civic Coalition (KO)",5,4,"knowledgeable",3,4,5,5,3,4,4,4,5,4,"democratic","win",3,3,5,6,0,1,1,0,4,7
2159,"Law and Justice (PiS)","Abstain",6,6,"knowledgeable",6,5,6,4,4,3,3,6,6,2,"democratic","lose",3,4,5,4,1,-1,0,1,3,2
2161,"Civic Coalition (KO)","Civic Coalition (KO)",2,2,"knowledgeable",7,5,6,6,5,6,4,3,3,2,"democratic","lose",7,7,2,1,0,-1,0,0,6,5
2165,"Civic Coalition (KO)","Civic Coalition (KO)",5,4,"unknowledgeable",5,1,4,6,6,5,NA,4,3,2,"undemocratic","win",6,3,4,4,-3,0,0,0,6,4
2167,"Civic Coalition (KO)","Civic Coalition (KO)",4,4,"unknowledgeable",4,1,4,4,4,4,NA,4,4,2,"undemocratic","lose",7,6,2,1,-1,-1,0,0,5,1
2168,"Civic Coalition (KO)","Abstain",2,2,"knowledgeable",6,6,6,2,2,2,2,4,6,4,"democratic","win",7,4,1,4,-3,3,0,1,5,1
2175,"Law and Justice (PiS)","Law and Justice (PiS)",4,4,"knowledgeable",5,7,7,4,5,4,2,7,7,5,"undemocratic","win",6,7,1,1,1,0,0,0,6,3
2177,"Civic Coalition (KO)","Civic Coalition (KO)",6,4,"unknowledgeable",5,5,5,4,3,4,NA,4,5,2,"democratic","lose",6,2,4,5,-4,1,0,0,2,4
2181,"Civic Coalition (KO)","Civic Coalition (KO)",2,4,"knowledgeable",7,5,7,4,4,6,NA,4,5,2,"undemocratic","lose",5,5,4,4,0,0,0,0,4,4
2184,"Civic Coalition (KO)","Civic Coalition (KO)",2,4,"knowledgeable",4,6,4,5,6,3,1,2,6,1,"democratic","win",5,4,3,3,-1,0,0,0,6,2
2185,"Law and Justice (PiS)","Civic Coalition (KO)",4,3,"knowledgeable",4,6,5,6,5,4,NA,2,4,1,"democratic","win",6,6,6,6,0,0,1,0,5,5
2186,"Law and Justice (PiS)","Law and Justice (PiS)",3,4,"knowledgeable",4,4,4,4,4,4,3,5,3,4,"undemocratic","win",7,7,3,3,0,0,0,0,5,4
2192,"Civic Coalition (KO)","Civic Coalition (KO)",4,4,"knowledgeable",5,5,7,5,5,5,3,4,6,4,"undemocratic","lose",6,5,5,6,-1,1,0,0,4,4
2193,"Civic Coalition (KO)","Civic Coalition (KO)",6,7,"unknowledgeable",7,6,7,5,1,2,NA,4,6,1,"democratic","lose",3,5,1,1,2,0,0,0,4,1
2194,"Civic Coalition (KO)","Law and Justice (PiS)",3,2,"knowledgeable",6,5,1,5,6,2,1,2,6,1,"undemocratic","win",3,2,3,3,-1,0,1,0,4,2
2197,"Civic Coalition (KO)","Civic Coalition (KO)",4,4,"knowledgeable",7,7,7,2,1,1,2,2,7,2,"democratic","win",7,7,1,1,0,0,0,0,4,1
2199,"Civic Coalition (KO)","Civic Coalition (KO)",7,6,"knowledgeable",7,1,1,5,6,3,2,3,7,2,"undemocratic","lose",7,7,1,1,0,0,0,0,5,1
2202,"Law and Justice (PiS)","Civic Coalition (KO)",1,5,"unknowledgeable",4,4,4,3,3,3,NA,4,4,1,"democratic","win",3,3,1,1,0,0,1,0,1,2
2208,"Civic Coalition (KO)","Civic Coalition (KO)",4,4,"knowledgeable",7,7,7,2,4,4,6,3,6,5,"undemocratic","lose",7,7,1,1,0,0,0,0,7,1
2209,"Civic Coalition (KO)","Civic Coalition (KO)",3,4,"unknowledgeable",4,4,4,4,4,4,3,4,4,2,"democratic","lose",5,5,3,2,0,-1,0,0,4,4
2210,"Civic Coalition (KO)","Abstain",4,3,"unknowledgeable",5,6,1,4,6,3,3,4,6,1,"democratic","win",6,3,2,3,-3,1,0,1,5,2
2213,"Civic Coalition (KO)","Civic Coalition (KO)",4,5,"knowledgeable",5,5,7,7,7,7,1,1,7,5,"undemocratic","lose",7,7,7,1,0,-6,0,0,6,1
2214,"Law and Justice (PiS)","Law and Justice (PiS)",5,5,"unknowledgeable",2,6,7,2,6,2,NA,6,5,1,"undemocratic","win",7,7,1,1,0,0,0,0,7,3
2215,"Civic Coalition (KO)","Law and Justice (PiS)",4,4,"unknowledgeable",7,2,5,5,5,2,3,4,6,1,"undemocratic","win",5,4,4,1,-1,-3,1,0,5,7
2217,"Civic Coalition (KO)","Civic Coalition (KO)",3,4,"unknowledgeable",7,7,7,2,5,2,5,4,7,3,"democratic","lose",6,2,1,1,-4,0,0,0,4,1
2219,"Civic Coalition (KO)","Abstain",4,4,"unknowledgeable",4,4,4,4,4,4,1,5,1,3,"democratic","lose",7,7,3,4,0,1,0,1,1,1
2223,"Law and Justice (PiS)","Abstain",2,4,"knowledgeable",7,6,7,4,6,5,1,3,2,1,"undemocratic","lose",4,4,1,3,0,2,0,1,4,1
2224,"Civic Coalition (KO)","Law and Justice (PiS)",4,4,"knowledgeable",6,5,6,4,5,5,NA,4,6,2,"undemocratic","win",4,4,4,4,0,0,1,0,4,2
2225,"Civic Coalition (KO)","Civic Coalition (KO)",4,4,"knowledgeable",4,5,6,5,7,5,4,1,6,1,"undemocratic","lose",6,7,1,1,1,0,0,0,4,1
2227,"Law and Justice (PiS)","Law and Justice (PiS)",4,4,"knowledgeable",3,6,6,5,6,6,3,6,4,4,"democratic","win",6,6,5,5,0,0,0,0,5,3
2231,"Civic Coalition (KO)","Civic Coalition (KO)",3,5,"unknowledgeable",3,5,2,6,3,4,6,4,4,1,"undemocratic","win",2,2,7,5,0,-2,0,0,2,4
2234,"Civic Coalition (KO)","Civic Coalition (KO)",4,4,"unknowledgeable",7,5,7,5,5,5,6,4,6,3,"democratic","win",6,5,3,2,-1,-1,0,0,4,1
2235,"Civic Coalition (KO)","Civic Coalition (KO)",3,2,"knowledgeable",7,7,7,4,3,4,NA,3,7,5,"undemocratic","win",5,5,1,1,0,0,0,0,4,1
2236,"Civic Coalition (KO)","Civic Coalition (KO)",5,6,"knowledgeable",7,7,7,3,7,4,3,4,7,1,"undemocratic","lose",7,7,4,3,0,-1,0,0,4,2
2239,"Civic Coalition (KO)","Civic Coalition (KO)",4,4,"unknowledgeable",6,2,7,4,7,1,3,1,6,5,"democratic","lose",6,7,3,1,1,-2,0,0,6,1
2241,"Civic Coalition (KO)","Abstain",4,4,"knowledgeable",7,5,7,2,5,1,3,4,7,3,"democratic","win",6,4,5,4,-2,-1,0,1,4,4
2242,"Law and Justice (PiS)","Civic Coalition (KO)",3,2,"unknowledgeable",5,6,4,4,4,4,2,4,4,2,"undemocratic","win",5,5,5,6,0,1,1,0,5,3
2243,"Civic Coalition (KO)","Civic Coalition (KO)",4,4,"knowledgeable",3,6,6,6,6,3,5,4,6,4,"undemocratic","win",6,3,2,5,-3,3,0,0,3,1
2246,"Civic Coalition (KO)","Civic Coalition (KO)",1,1,"knowledgeable",5,7,7,5,4,4,3,3,6,5,"undemocratic","win",2,4,1,1,2,0,0,0,2,1
2247,"Civic Coalition (KO)","Civic Coalition (KO)",4,4,"unknowledgeable",6,4,4,5,5,4,3,4,5,1,"undemocratic","lose",5,4,6,2,-1,-4,0,0,4,1
2248,"Civic Coalition (KO)","Civic Coalition (KO)",6,6,"knowledgeable",6,5,6,4,5,3,3,3,5,2,"democratic","lose",6,6,2,2,0,0,0,0,4,3
2249,"Civic Coalition (KO)","Civic Coalition (KO)",5,6,"knowledgeable",7,7,7,4,4,3,NA,4,6,3,"democratic","lose",5,5,2,2,0,0,0,0,4,2
2250,"Civic Coalition (KO)","Civic Coalition (KO)",3,4,"unknowledgeable",7,7,7,7,7,6,2,4,4,3,"undemocratic","lose",7,5,1,5,-2,4,0,0,6,2
2253,"Law and Justice (PiS)","Law and Justice (PiS)",5,2,"unknowledgeable",4,4,4,4,4,4,2,5,4,2,"undemocratic","win",7,4,4,3,-3,-1,0,0,4,4
2254,"Civic Coalition (KO)","Civic Coalition (KO)",3,4,"unknowledgeable",4,4,4,4,4,4,2,2,5,3,"democratic","win",4,5,2,3,1,1,0,0,4,1
2255,"Civic Coalition (KO)","Civic Coalition (KO)",4,4,"unknowledgeable",7,7,7,4,7,2,4,3,6,4,"democratic","win",6,6,1,1,0,0,0,0,5,2
2257,"Law and Justice (PiS)","Law and Justice (PiS)",3,3,"unknowledgeable",5,4,3,4,3,6,3,6,3,1,"undemocratic","win",7,4,2,5,-3,3,0,0,7,2
2259,"Civic Coalition (KO)","Civic Coalition (KO)",4,5,"unknowledgeable",5,3,3,4,5,5,1,4,4,2,"undemocratic","lose",6,2,1,6,-4,5,0,0,4,3
2260,"Law and Justice (PiS)","Abstain",3,3,"unknowledgeable",4,3,2,3,4,4,1,5,4,3,"democratic","win",5,4,7,2,-1,-5,0,1,4,4
2263,"Civic Coalition (KO)","Civic Coalition (KO)",6,5,"unknowledgeable",4,1,3,6,3,7,1,4,7,2,"democratic","lose",5,6,6,5,1,-1,0,0,4,2
2264,"Law and Justice (PiS)","Law and Justice (PiS)",5,5,"knowledgeable",5,5,6,3,3,4,1,4,6,5,"undemocratic","lose",7,7,1,1,0,0,0,0,6,1
2266,"Civic Coalition (KO)","Civic Coalition (KO)",4,4,"unknowledgeable",6,7,7,2,2,2,4,4,6,4,"democratic","win",7,7,1,1,0,0,0,0,7,1
2267,"Civic Coalition (KO)","Civic Coalition (KO)",5,5,"knowledgeable",5,3,5,5,1,2,2,3,6,3,"democratic","lose",7,7,1,1,0,0,0,0,4,1
2269,"Law and Justice (PiS)","Law and Justice (PiS)",4,4,"unknowledgeable",5,5,5,5,4,5,2,4,4,2,"democratic","lose",7,7,5,5,0,0,0,0,7,5
2270,"Law and Justice (PiS)","Law and Justice (PiS)",4,4,"unknowledgeable",4,2,4,4,5,4,2,3,6,2,"undemocratic","win",6,6,4,5,0,1,0,0,5,4
2272,"Law and Justice (PiS)","Law and Justice (PiS)",3,3,"knowledgeable",5,5,5,5,2,5,NA,6,6,2,"undemocratic","win",7,5,1,5,-2,4,0,0,3,1
2275,"Civic Coalition (KO)","Civic Coalition (KO)",4,4,"knowledgeable",6,7,7,4,5,5,4,4,4,4,"undemocratic","lose",7,6,1,1,-1,0,0,0,1,4
2276,"Civic Coalition (KO)","Civic Coalition (KO)",3,3,"unknowledgeable",6,5,3,3,5,6,5,2,6,1,"democratic","win",6,7,1,1,1,0,0,0,4,1
2278,"Law and Justice (PiS)","Law and Justice (PiS)",7,4,"unknowledgeable",7,7,4,1,5,4,NA,4,7,4,"democratic","lose",4,7,1,1,3,0,0,0,7,1
2279,"Civic Coalition (KO)","Abstain",6,6,"unknowledgeable",6,4,7,5,5,4,2,3,6,2,"undemocratic","lose",2,4,2,4,2,2,0,1,4,3
2280,"Law and Justice (PiS)","Abstain",1,1,"knowledgeable",7,7,7,5,6,2,2,6,6,5,"undemocratic","win",7,5,5,6,-2,1,0,1,5,3
2281,"Law and Justice (PiS)","Law and Justice (PiS)",4,2,"unknowledgeable",6,7,7,2,7,1,1,4,4,2,"undemocratic","win",6,6,4,5,0,1,0,0,6,4
2282,"Civic Coalition (KO)","Civic Coalition (KO)",4,4,"unknowledgeable",4,4,1,7,7,7,5,1,7,1,"undemocratic","win",7,6,1,1,-1,0,0,0,4,1
2284,"Law and Justice (PiS)","Abstain",4,3,"unknowledgeable",5,4,5,5,3,5,4,5,5,1,"democratic","win",6,4,4,5,-2,1,0,1,4,4
2285,"Civic Coalition (KO)","Civic Coalition (KO)",7,7,"knowledgeable",6,5,3,6,6,7,2,3,7,1,"democratic","lose",7,7,1,1,0,0,0,0,7,1
2286,"Civic Coalition (KO)","Abstain",3,3,"unknowledgeable",6,3,5,4,6,5,5,4,6,3,"undemocratic","lose",5,3,3,2,-2,-1,0,1,4,1
2287,"Civic Coalition (KO)","Civic Coalition (KO)",4,5,"unknowledgeable",7,6,7,3,7,2,5,4,6,1,"undemocratic","lose",6,5,3,3,-1,0,0,0,6,2
2291,"Civic Coalition (KO)","Civic Coalition (KO)",5,3,"unknowledgeable",6,3,5,6,5,4,3,4,5,2,"undemocratic","lose",6,6,4,4,0,0,0,0,5,4
2292,"Civic Coalition (KO)","Civic Coalition (KO)",3,5,"unknowledgeable",6,5,6,5,5,5,NA,4,4,1,"democratic","win",7,7,1,1,0,0,0,0,4,1
2293,"Civic Coalition (KO)","Civic Coalition (KO)",5,5,"unknowledgeable",6,6,7,5,5,4,2,2,6,3,"democratic","lose",6,6,1,1,0,0,0,0,4,1
2294,"Law and Justice (PiS)","Civic Coalition (KO)",4,4,"knowledgeable",5,5,4,2,5,3,NA,4,2,1,"undemocratic","win",3,2,3,3,-1,0,1,0,3,3
2295,"Civic Coalition (KO)","Abstain",4,4,"knowledgeable",5,3,2,4,3,6,NA,4,7,1,"democratic","win",4,5,4,5,1,1,0,1,4,7
2298,"Civic Coalition (KO)","Civic Coalition (KO)",7,7,"knowledgeable",4,7,7,4,5,4,NA,3,7,3,"democratic","lose",6,5,1,1,-1,0,0,0,5,1
2303,"Civic Coalition (KO)","Abstain",2,3,"knowledgeable",7,5,7,3,6,5,6,4,6,1,"undemocratic","win",6,5,5,4,-1,-1,0,1,3,2
2305,"Civic Coalition (KO)","Civic Coalition (KO)",7,7,"knowledgeable",7,7,7,3,5,1,NA,1,6,2,"democratic","lose",7,7,1,1,0,0,0,0,4,1
2308,"Law and Justice (PiS)","Law and Justice (PiS)",4,5,"knowledgeable",4,4,5,4,4,5,5,4,5,4,"democratic","lose",6,6,5,5,0,0,0,0,4,4
2312,"Civic Coalition (KO)","Civic Coalition (KO)",4,4,"knowledgeable",6,5,2,5,3,6,NA,6,4,3,"democratic","lose",6,4,2,2,-2,0,0,0,4,1
2313,"Civic Coalition (KO)","Civic Coalition (KO)",4,4,"unknowledgeable",7,4,5,4,5,4,3,4,6,4,"democratic","win",4,2,2,5,-2,3,0,0,4,1
2314,"Law and Justice (PiS)","Law and Justice (PiS)",5,6,"knowledgeable",4,1,1,5,1,1,6,7,1,1,"democratic","win",1,1,1,1,0,0,0,0,1,1
2318,"Civic Coalition (KO)","Civic Coalition (KO)",4,4,"unknowledgeable",5,4,5,5,5,4,NA,4,4,1,"undemocratic","win",4,2,1,1,-2,0,0,0,4,1
2319,"Law and Justice (PiS)","Civic Coalition (KO)",4,4,"unknowledgeable",3,5,7,4,4,3,4,7,7,1,"democratic","lose",1,2,3,5,1,2,1,0,5,5
2321,"Civic Coalition (KO)","Civic Coalition (KO)",3,3,"unknowledgeable",7,7,7,4,4,4,NA,2,7,2,"democratic","win",6,6,1,1,0,0,0,0,3,1
2323,"Civic Coalition (KO)","Civic Coalition (KO)",4,2,"knowledgeable",4,4,2,4,6,4,NA,4,7,4,"undemocratic","win",4,1,1,1,-3,0,0,0,4,1
2324,"Civic Coalition (KO)","Civic Coalition (KO)",7,7,"knowledgeable",6,6,6,4,5,2,3,3,6,2,"undemocratic","win",7,7,1,1,0,0,0,0,4,1
2326,"Law and Justice (PiS)","Law and Justice (PiS)",4,4,"unknowledgeable",4,4,4,4,4,4,1,4,5,1,"undemocratic","lose",6,5,6,5,-1,-1,0,0,4,4
2327,"Civic Coalition (KO)","Civic Coalition (KO)",2,5,"knowledgeable",4,4,6,1,5,4,1,3,4,3,"undemocratic","win",7,5,1,6,-2,5,0,0,4,1
2330,"Law and Justice (PiS)","Law and Justice (PiS)",2,2,"knowledgeable",6,5,6,5,5,5,4,5,5,5,"undemocratic","lose",6,6,3,3,0,0,0,0,6,5
2331,"Law and Justice (PiS)","Law and Justice (PiS)",6,6,"knowledgeable",7,7,6,6,5,5,3,3,5,4,"democratic","lose",6,6,6,6,0,0,0,0,4,4
2332,"Law and Justice (PiS)","Law and Justice (PiS)",4,5,"knowledgeable",7,5,7,5,5,5,4,4,6,5,"democratic","win",4,4,4,4,0,0,0,0,3,2
2334,"Civic Coalition (KO)","Civic Coalition (KO)",5,5,"knowledgeable",7,6,6,6,7,6,1,4,6,4,"undemocratic","lose",6,6,4,5,0,1,0,0,6,3
2335,"Law and Justice (PiS)","Law and Justice (PiS)",6,6,"knowledgeable",5,5,6,4,6,6,4,6,5,2,"democratic","lose",5,6,1,1,1,0,0,0,5,1
2336,"Civic Coalition (KO)","Civic Coalition (KO)",5,5,"unknowledgeable",6,5,7,4,5,5,3,4,4,2,"democratic","win",6,6,4,4,0,0,0,0,5,3
2340,"Law and Justice (PiS)","Law and Justice (PiS)",5,5,"unknowledgeable",6,3,5,3,5,3,5,5,6,2,"undemocratic","win",6,6,5,4,0,-1,0,0,4,2
2341,"Law and Justice (PiS)","Law and Justice (PiS)",4,4,"unknowledgeable",4,4,4,4,4,4,1,4,4,2,"undemocratic","lose",4,4,4,4,0,0,0,0,4,4
2342,"Civic Coalition (KO)","Civic Coalition (KO)",6,7,"knowledgeable",7,7,6,2,5,1,2,5,6,3,"democratic","lose",6,7,5,5,1,0,0,0,6,4
2343,"Civic Coalition (KO)","Civic Coalition (KO)",3,3,"knowledgeable",1,6,7,5,4,4,4,4,5,5,"undemocratic","win",3,4,5,4,1,-1,0,0,4,1
2344,"Civic Coalition (KO)","Civic Coalition (KO)",5,5,"knowledgeable",3,3,3,3,3,3,1,2,2,5,"undemocratic","win",6,7,5,4,1,-1,0,0,5,2
2346,"Law and Justice (PiS)","Law and Justice (PiS)",5,5,"knowledgeable",6,5,5,4,5,5,5,4,5,3,"democratic","win",6,6,5,5,0,0,0,0,5,5
2349,"Civic Coalition (KO)","Civic Coalition (KO)",5,6,"knowledgeable",5,5,7,4,4,5,3,5,6,2,"democratic","lose",7,6,2,2,-1,0,0,0,4,1
2350,"Civic Coalition (KO)","Law and Justice (PiS)",2,2,"unknowledgeable",4,4,5,4,5,5,1,4,4,2,"democratic","win",5,3,3,7,-2,4,1,0,4,4
2351,"Civic Coalition (KO)","Civic Coalition (KO)",3,2,"unknowledgeable",6,7,1,3,2,5,4,3,6,3,"undemocratic","lose",6,6,5,4,0,-1,0,0,5,2
2352,"Civic Coalition (KO)","Civic Coalition (KO)",7,7,"knowledgeable",7,7,7,1,4,1,4,3,7,2,"democratic","lose",6,5,1,1,-1,0,0,0,6,1
2354,"Law and Justice (PiS)","Abstain",5,5,"knowledgeable",5,5,7,7,7,4,NA,4,5,5,"undemocratic","win",5,5,4,4,0,0,0,1,4,4
2355,"Civic Coalition (KO)","Civic Coalition (KO)",4,4,"knowledgeable",7,7,7,5,5,5,5,4,7,2,"democratic","win",6,6,1,1,0,0,0,0,4,1
2356,"Civic Coalition (KO)","Civic Coalition (KO)",4,4,"knowledgeable",5,5,4,3,3,3,3,3,6,4,"undemocratic","lose",7,7,1,1,0,0,0,0,6,1
2357,"Civic Coalition (KO)","Civic Coalition (KO)",4,4,"unknowledgeable",6,4,5,5,5,5,1,4,4,2,"democratic","win",6,3,2,3,-3,1,0,0,5,2
2363,"Civic Coalition (KO)","Civic Coalition (KO)",3,4,"unknowledgeable",3,6,3,3,2,5,3,5,4,2,"undemocratic","lose",6,4,5,6,-2,1,0,0,2,1
2367,"Civic Coalition (KO)","Civic Coalition (KO)",6,7,"knowledgeable",7,7,7,6,5,5,6,3,6,2,"democratic","lose",4,6,1,1,2,0,0,0,4,1
2368,"Civic Coalition (KO)","Civic Coalition (KO)",4,4,"knowledgeable",6,6,7,1,2,1,NA,5,6,4,"democratic","win",6,6,1,1,0,0,0,0,4,1
2369,"Civic Coalition (KO)","Civic Coalition (KO)",2,2,"unknowledgeable",6,2,5,6,2,2,2,4,7,3,"undemocratic","win",6,6,2,1,0,-1,0,0,4,1
2370,"Civic Coalition (KO)","Civic Coalition (KO)",5,5,"knowledgeable",1,7,7,7,7,7,3,3,6,4,"democratic","lose",4,7,1,1,3,0,0,0,5,1
2373,"Civic Coalition (KO)","Civic Coalition (KO)",1,2,"knowledgeable",5,5,4,6,6,1,5,4,7,5,"undemocratic","lose",6,6,1,1,0,0,0,0,5,1
2375,"Civic Coalition (KO)","Civic Coalition (KO)",4,4,"knowledgeable",4,4,4,4,4,4,2,3,5,4,"undemocratic","win",7,7,1,1,0,0,0,0,6,1
2379,"Civic Coalition (KO)","Civic Coalition (KO)",2,3,"unknowledgeable",4,3,4,3,4,4,3,5,3,4,"democratic","win",3,5,7,6,2,-1,0,0,3,4
2381,"Civic Coalition (KO)","Civic Coalition (KO)",6,5,"unknowledgeable",2,2,2,2,2,2,1,4,1,1,"democratic","lose",7,7,1,1,0,0,0,0,2,1
2382,"Law and Justice (PiS)","Law and Justice (PiS)",3,3,"knowledgeable",7,2,7,5,4,6,3,4,6,1,"undemocratic","lose",6,4,2,4,-2,2,0,0,6,3
2385,"Civic Coalition (KO)","Civic Coalition (KO)",4,2,"unknowledgeable",2,4,4,4,4,4,4,4,4,2,"undemocratic","win",7,6,1,1,-1,0,0,0,4,1
2386,"Civic Coalition (KO)","Civic Coalition (KO)",2,3,"knowledgeable",4,5,6,6,6,4,2,3,6,3,"undemocratic","lose",6,6,5,5,0,0,0,0,6,3
2387,"Civic Coalition (KO)","Civic Coalition (KO)",4,4,"knowledgeable",5,4,6,5,4,6,NA,4,4,1,"undemocratic","lose",5,5,6,1,0,-5,0,0,6,1
2389,"Civic Coalition (KO)","Civic Coalition (KO)",2,2,"knowledgeable",7,7,7,4,2,4,NA,2,7,4,"undemocratic","win",5,5,1,5,0,4,0,0,2,2
2391,"Civic Coalition (KO)","Abstain",4,4,"knowledgeable",4,4,4,4,4,6,3,4,4,5,"democratic","win",4,4,4,4,0,0,0,1,4,4
2392,"Civic Coalition (KO)","Civic Coalition (KO)",6,6,"knowledgeable",5,1,4,3,2,3,4,3,6,5,"democratic","lose",7,7,1,1,0,0,0,0,5,7
2396,"Law and Justice (PiS)","Law and Justice (PiS)",5,5,"unknowledgeable",2,6,2,2,5,2,6,4,6,4,"democratic","win",7,6,1,2,-1,1,0,0,4,4
2410,"Civic Coalition (KO)","Abstain",4,4,"unknowledgeable",4,6,3,6,6,5,1,4,4,3,"democratic","win",6,5,1,1,-1,0,0,1,4,1
2412,"Law and Justice (PiS)","Law and Justice (PiS)",3,3,"knowledgeable",5,5,7,6,6,5,NA,4,5,5,"undemocratic","win",6,5,5,5,-1,0,0,0,5,2
2417,"Law and Justice (PiS)","Abstain",4,5,"knowledgeable",5,6,6,4,5,4,NA,5,4,3,"undemocratic","lose",4,4,4,4,0,0,0,1,4,2
2420,"Law and Justice (PiS)","Law and Justice (PiS)",3,2,"unknowledgeable",2,3,7,6,2,3,3,7,4,4,"democratic","lose",4,4,6,6,0,0,0,0,4,3
2421,"Civic Coalition (KO)","Civic Coalition (KO)",4,4,"unknowledgeable",5,5,5,4,5,4,1,4,6,3,"undemocratic","win",6,4,2,4,-2,2,0,0,4,1
2422,"Civic Coalition (KO)","Law and Justice (PiS)",2,3,"unknowledgeable",7,7,7,6,5,2,4,4,6,1,"undemocratic","lose",6,5,6,6,-1,0,1,0,5,3
2424,"Civic Coalition (KO)","Civic Coalition (KO)",4,6,"unknowledgeable",7,7,7,2,4,2,4,3,6,3,"democratic","lose",6,6,1,1,0,0,0,0,4,1
2425,"Law and Justice (PiS)","Law and Justice (PiS)",4,4,"unknowledgeable",5,4,2,5,5,2,NA,4,4,4,"undemocratic","lose",6,4,4,5,-2,1,0,0,4,4
2426,"Civic Coalition (KO)","Civic Coalition (KO)",4,6,"knowledgeable",7,6,7,3,5,1,NA,2,6,1,"democratic","win",4,4,1,1,0,0,0,0,4,1
2427,"Civic Coalition (KO)","Civic Coalition (KO)",4,4,"knowledgeable",6,6,5,5,4,4,4,4,2,3,"democratic","win",5,4,3,4,-1,1,0,0,4,3
2428,"Law and Justice (PiS)","Law and Justice (PiS)",4,4,"unknowledgeable",4,5,5,5,5,5,1,6,6,5,"undemocratic","win",7,7,1,1,0,0,0,0,5,4
2429,"Civic Coalition (KO)","Civic Coalition (KO)",3,3,"knowledgeable",5,5,5,5,5,5,5,3,6,4,"undemocratic","win",7,7,1,1,0,0,0,0,6,1
2431,"Civic Coalition (KO)","Civic Coalition (KO)",7,7,"knowledgeable",3,3,5,4,5,5,6,4,7,3,"democratic","lose",7,7,1,1,0,0,0,0,4,2
2432,"Civic Coalition (KO)","Civic Coalition (KO)",4,4,"knowledgeable",4,2,2,4,4,3,5,4,6,3,"undemocratic","lose",5,4,1,4,-1,3,0,0,4,1
2433,"Civic Coalition (KO)","Civic Coalition (KO)",3,4,"knowledgeable",4,4,4,4,4,4,2,2,2,3,"undemocratic","lose",5,5,4,3,0,-1,0,0,4,1
2434,"Civic Coalition (KO)","Civic Coalition (KO)",6,7,"knowledgeable",7,7,7,5,5,4,2,2,7,1,"democratic","lose",6,6,2,2,0,0,0,0,6,1
2435,"Civic Coalition (KO)","Civic Coalition (KO)",4,4,"knowledgeable",6,7,6,2,4,2,2,4,7,3,"undemocratic","win",6,6,1,1,0,0,0,0,4,1
2436,"Civic Coalition (KO)","Civic Coalition (KO)",4,4,"knowledgeable",4,4,4,4,4,4,NA,4,5,3,"undemocratic","lose",1,5,6,2,4,-4,0,0,4,4
2437,"Civic Coalition (KO)","Civic Coalition (KO)",1,2,"knowledgeable",5,7,7,7,1,1,6,4,7,3,"democratic","win",6,7,5,2,1,-3,0,0,4,3
2438,"Civic Coalition (KO)","Civic Coalition (KO)",4,4,"knowledgeable",7,7,7,3,5,5,6,6,7,4,"democratic","win",7,7,1,1,0,0,0,0,6,1
2442,"Law and Justice (PiS)","Law and Justice (PiS)",4,4,"unknowledgeable",7,5,7,5,4,4,NA,4,6,4,"democratic","lose",7,7,1,1,0,0,0,0,7,1
2443,"Civic Coalition (KO)","Civic Coalition (KO)",6,5,"knowledgeable",1,1,1,1,1,1,NA,2,6,2,"democratic","lose",7,7,1,1,0,0,0,0,7,1
2446,"Civic Coalition (KO)","Civic Coalition (KO)",2,1,"knowledgeable",7,7,6,7,7,3,1,4,6,5,"undemocratic","win",6,6,2,5,0,3,0,0,4,2
2448,"Civic Coalition (KO)","Civic Coalition (KO)",4,3,"unknowledgeable",4,5,6,5,6,4,5,4,4,1,"undemocratic","lose",5,5,5,2,0,-3,0,0,5,2
2450,"Civic Coalition (KO)","Civic Coalition (KO)",3,3,"unknowledgeable",7,2,7,5,7,5,5,6,6,2,"undemocratic","lose",5,5,1,1,0,0,0,0,2,1
2451,"Civic Coalition (KO)","Civic Coalition (KO)",6,6,"unknowledgeable",6,6,6,6,6,2,NA,1,6,3,"undemocratic","lose",7,6,1,6,-1,5,0,0,6,2
2453,"Law and Justice (PiS)","Law and Justice (PiS)",7,7,"knowledgeable",7,4,6,5,5,3,4,4,7,4,"democratic","lose",7,7,1,1,0,0,0,0,7,4
2454,"Law and Justice (PiS)","Abstain",4,4,"unknowledgeable",5,5,7,5,5,5,2,4,4,2,"democratic","win",6,4,5,4,-2,-1,0,1,5,3
2456,"Law and Justice (PiS)","Law and Justice (PiS)",7,2,"unknowledgeable",7,7,7,7,5,6,4,3,4,3,"undemocratic","win",7,3,3,7,-4,4,0,0,6,6
2457,"Civic Coalition (KO)","Civic Coalition (KO)",4,4,"unknowledgeable",5,2,4,7,2,7,4,1,4,5,"undemocratic","lose",4,4,4,4,0,0,0,0,4,4
2461,"Civic Coalition (KO)","Civic Coalition (KO)",7,6,"knowledgeable",7,7,7,7,4,5,4,5,5,3,"democratic","lose",7,7,1,1,0,0,0,0,5,1
2462,"Civic Coalition (KO)","Abstain",4,4,"unknowledgeable",4,4,4,4,4,4,6,6,4,5,"undemocratic","lose",6,6,5,4,0,-1,0,1,3,2
2463,"Civic Coalition (KO)","Civic Coalition (KO)",4,4,"knowledgeable",5,2,7,5,5,5,NA,3,6,5,"democratic","lose",6,6,5,5,0,0,0,0,4,4
2464,"Civic Coalition (KO)","Abstain",3,3,"knowledgeable",7,7,7,6,2,3,2,7,6,2,"undemocratic","win",6,5,1,1,-1,0,0,1,5,1
2465,"Law and Justice (PiS)","Law and Justice (PiS)",4,4,"unknowledgeable",7,6,7,5,6,5,5,6,6,3,"democratic","win",6,7,1,1,1,0,0,0,5,1
2467,"Law and Justice (PiS)","Abstain",3,3,"unknowledgeable",4,5,5,3,6,5,3,4,1,1,"undemocratic","win",6,3,2,6,-3,4,0,1,3,3
2469,"Law and Justice (PiS)","Law and Justice (PiS)",4,3,"unknowledgeable",5,6,5,3,2,6,1,6,4,1,"democratic","win",3,4,6,4,1,-2,0,0,2,1
2471,"Civic Coalition (KO)","Civic Coalition (KO)",4,4,"unknowledgeable",5,6,1,7,7,4,4,4,6,1,"democratic","lose",5,6,1,1,1,0,0,0,3,1
2472,"Civic Coalition (KO)","Civic Coalition (KO)",7,7,"knowledgeable",3,5,4,3,3,4,4,3,6,2,"democratic","lose",7,7,1,1,0,0,0,0,5,1
2476,"Civic Coalition (KO)","Civic Coalition (KO)",4,5,"knowledgeable",7,6,7,5,5,5,5,4,5,2,"democratic","win",7,7,1,1,0,0,0,0,6,2
2477,"Civic Coalition (KO)","Civic Coalition (KO)",4,1,"unknowledgeable",5,5,6,3,2,2,1,2,4,3,"democratic","win",4,7,1,1,3,0,0,0,6,1
2478,"Civic Coalition (KO)","Abstain",4,3,"unknowledgeable",7,7,7,4,7,1,2,4,4,2,"undemocratic","win",6,5,1,5,-1,4,0,1,3,1
2479,"Civic Coalition (KO)","Civic Coalition (KO)",4,2,"knowledgeable",5,5,5,5,5,5,3,4,5,5,"democratic","win",6,6,2,2,0,0,0,0,4,3
2480,"Law and Justice (PiS)","Law and Justice (PiS)",2,2,"knowledgeable",6,5,6,4,4,4,1,5,6,5,"undemocratic","lose",6,6,5,5,0,0,0,0,5,4
2481,"Civic Coalition (KO)","Law and Justice (PiS)",2,2,"knowledgeable",3,3,6,6,6,5,6,5,5,1,"democratic","win",6,1,1,1,-5,0,1,0,3,1
2488,"Civic Coalition (KO)","Civic Coalition (KO)",6,7,"unknowledgeable",7,1,7,7,7,6,1,2,7,5,"democratic","lose",2,6,6,1,4,-5,0,0,4,1
2490,"Law and Justice (PiS)","Abstain",7,7,"knowledgeable",7,6,7,7,6,6,NA,3,4,3,"democratic","lose",6,3,2,5,-3,3,0,1,6,2
2491,"Civic Coalition (KO)","Civic Coalition (KO)",4,4,"unknowledgeable",5,4,7,5,5,2,5,2,6,2,"undemocratic","win",7,7,2,1,0,-1,0,0,7,1
2496,"Civic Coalition (KO)","Civic Coalition (KO)",4,7,"knowledgeable",7,6,6,3,7,6,NA,4,2,1,"undemocratic","lose",4,4,4,4,0,0,0,0,4,4
2498,"Civic Coalition (KO)","Civic Coalition (KO)",4,4,"knowledgeable",6,5,6,6,6,7,3,4,6,2,"democratic","win",7,7,5,5,0,0,0,0,5,3
2500,"Law and Justice (PiS)","Law and Justice (PiS)",3,4,"unknowledgeable",7,2,6,1,6,1,2,4,4,3,"undemocratic","win",7,7,5,2,0,-3,0,0,7,1
2501,"Civic Coalition (KO)","Abstain",4,4,"unknowledgeable",4,5,1,5,6,7,NA,3,4,1,"democratic","lose",4,4,4,4,0,0,0,1,4,4
2504,"Law and Justice (PiS)","Civic Coalition (KO)",4,6,"unknowledgeable",5,4,7,5,7,4,5,4,4,1,"democratic","win",7,5,5,4,-2,-1,1,0,5,2
2505,"Civic Coalition (KO)","Civic Coalition (KO)",5,5,"knowledgeable",6,4,7,5,6,4,4,4,6,3,"undemocratic","lose",6,6,6,6,0,0,0,0,4,4
2506,"Law and Justice (PiS)","Law and Justice (PiS)",5,4,"knowledgeable",6,6,6,5,6,5,4,5,6,5,"democratic","win",6,7,1,2,1,1,0,0,6,3
2509,"Civic Coalition (KO)","Civic Coalition (KO)",4,4,"unknowledgeable",7,2,7,2,7,7,NA,4,4,3,"undemocratic","lose",7,7,1,1,0,0,0,0,1,2
2512,"Law and Justice (PiS)","Civic Coalition (KO)",1,2,"unknowledgeable",7,3,1,6,7,7,3,1,4,1,"democratic","lose",5,3,4,1,-2,-3,1,0,1,2
2514,"Civic Coalition (KO)","Law and Justice (PiS)",2,2,"unknowledgeable",3,3,3,3,3,3,NA,4,4,1,"democratic","lose",4,4,7,2,0,-5,1,0,4,4
2516,"Law and Justice (PiS)","Law and Justice (PiS)",4,4,"unknowledgeable",7,7,7,4,6,2,NA,4,6,3,"democratic","win",6,6,6,6,0,0,0,0,4,4
2519,"Civic Coalition (KO)","Civic Coalition (KO)",7,6,"unknowledgeable",7,5,7,5,2,6,5,4,5,3,"democratic","lose",6,6,3,1,0,-2,0,0,5,1
2521,"Law and Justice (PiS)","Abstain",4,4,"knowledgeable",5,5,5,4,5,5,5,4,5,3,"democratic","win",4,4,4,4,0,0,0,1,4,4
2522,"Civic Coalition (KO)","Civic Coalition (KO)",5,5,"unknowledgeable",6,5,7,4,6,2,2,4,6,1,"democratic","lose",6,6,2,1,0,-1,0,0,5,1
2525,"Civic Coalition (KO)","Civic Coalition (KO)",4,5,"knowledgeable",7,7,7,4,7,4,3,3,6,2,"undemocratic","lose",6,6,5,5,0,0,0,0,5,2
2527,"Law and Justice (PiS)","Law and Justice (PiS)",4,5,"knowledgeable",5,1,4,3,4,6,5,5,3,3,"democratic","lose",3,5,1,3,2,2,0,0,5,3
2528,"Law and Justice (PiS)","Law and Justice (PiS)",5,4,"knowledgeable",5,4,6,4,3,4,NA,5,5,5,"democratic","win",6,6,1,2,0,1,0,0,5,2
2529,"Civic Coalition (KO)","Civic Coalition (KO)",5,5,"knowledgeable",5,5,4,5,4,4,1,4,4,2,"democratic","lose",7,7,1,1,0,0,0,0,5,2
2530,"Civic Coalition (KO)","Civic Coalition (KO)",6,5,"knowledgeable",7,6,6,5,2,2,5,4,5,5,"democratic","lose",4,4,1,1,0,0,0,0,5,1
2531,"Civic Coalition (KO)","Civic Coalition (KO)",4,5,"knowledgeable",6,6,6,4,5,2,1,4,4,5,"undemocratic","win",4,4,4,4,0,0,0,0,5,3
2532,"Civic Coalition (KO)","Civic Coalition (KO)",7,7,"knowledgeable",5,1,7,7,1,1,6,2,7,5,"undemocratic","lose",7,7,1,1,0,0,0,0,5,1
2533,"Civic Coalition (KO)","Civic Coalition (KO)",4,3,"unknowledgeable",5,3,7,3,5,3,3,4,4,5,"undemocratic","win",6,6,2,2,0,0,0,0,4,4
2534,"Civic Coalition (KO)","Civic Coalition (KO)",4,5,"knowledgeable",5,5,5,4,5,4,6,5,6,5,"democratic","win",7,7,1,1,0,0,0,0,6,1
2535,"Civic Coalition (KO)","Civic Coalition (KO)",7,6,"knowledgeable",6,6,6,4,4,4,5,2,6,5,"democratic","lose",7,7,1,1,0,0,0,0,4,1
2536,"Civic Coalition (KO)","Civic Coalition (KO)",5,5,"knowledgeable",6,7,7,1,5,5,3,3,6,5,"undemocratic","lose",7,7,1,1,0,0,0,0,6,1
2537,"Civic Coalition (KO)","Civic Coalition (KO)",7,7,"knowledgeable",6,7,7,1,1,1,3,2,6,5,"democratic","lose",7,7,1,1,0,0,0,0,6,1
2538,"Civic Coalition (KO)","Civic Coalition (KO)",4,3,"knowledgeable",5,4,7,5,5,5,4,4,6,5,"democratic","win",3,4,4,5,1,1,0,0,2,1
2539,"Law and Justice (PiS)","Law and Justice (PiS)",3,5,"knowledgeable",7,5,6,6,5,6,6,6,6,5,"undemocratic","win",7,7,5,5,0,0,0,0,6,2
2540,"Civic Coalition (KO)","Civic Coalition (KO)",3,2,"knowledgeable",7,7,7,2,5,5,4,3,7,5,"undemocratic","lose",5,6,1,1,1,0,0,0,5,1
2541,"Civic Coalition (KO)","Civic Coalition (KO)",5,5,"knowledgeable",7,7,7,5,4,3,NA,4,7,5,"democratic","win",7,7,1,1,0,0,0,0,4,1
2542,"Law and Justice (PiS)","Law and Justice (PiS)",3,4,"knowledgeable",7,6,6,5,4,5,2,5,6,5,"undemocratic","win",7,7,1,1,0,0,0,0,4,1
2543,"Civic Coalition (KO)","Civic Coalition (KO)",7,7,"knowledgeable",7,7,7,7,1,3,4,5,7,5,"democratic","lose",7,7,1,1,0,0,0,0,6,1
2544,"Civic Coalition (KO)","Abstain",4,4,"knowledgeable",4,4,3,4,4,4,2,4,6,5,"undemocratic","lose",4,4,1,2,0,1,0,1,4,2
2545,"Law and Justice (PiS)","Abstain",4,4,"knowledgeable",5,4,6,6,6,7,1,4,7,5,"undemocratic","win",6,1,3,1,-5,-2,0,1,4,3
2546,"Law and Justice (PiS)","Law and Justice (PiS)",4,4,"knowledgeable",2,5,3,3,4,3,5,6,3,5,"undemocratic","lose",2,7,6,4,5,-2,0,0,6,3
2548,"Civic Coalition (KO)","Civic Coalition (KO)",7,7,"knowledgeable",7,6,7,5,5,6,4,2,6,5,"democratic","lose",7,7,1,1,0,0,0,0,5,1
2549,"Law and Justice (PiS)","Law and Justice (PiS)",4,4,"knowledgeable",5,7,7,5,6,6,2,4,6,5,"democratic","win",7,7,5,4,0,-1,0,0,5,4
2551,"Civic Coalition (KO)","Civic Coalition (KO)",6,5,"knowledgeable",6,6,5,5,6,6,3,5,7,5,"democratic","lose",7,7,1,1,0,0,0,0,6,1
2552,"Law and Justice (PiS)","Law and Justice (PiS)",5,5,"knowledgeable",6,5,6,1,6,6,5,6,7,5,"undemocratic","win",7,7,1,1,0,0,0,0,7,1
2553,"Law and Justice (PiS)","Abstain",4,4,"knowledgeable",5,4,4,4,4,6,2,5,6,5,"democratic","win",4,4,1,4,0,3,0,1,5,1
2554,"Civic Coalition (KO)","Civic Coalition (KO)",6,3,"knowledgeable",6,4,5,6,5,6,5,4,6,5,"undemocratic","lose",7,7,1,1,0,0,0,0,6,1
2555,"Civic Coalition (KO)","Civic Coalition (KO)",1,1,"knowledgeable",7,7,7,7,4,6,3,4,7,5,"undemocratic","lose",6,6,1,1,0,0,0,0,4,1
2556,"Civic Coalition (KO)","Civic Coalition (KO)",6,6,"knowledgeable",7,7,7,2,1,3,1,3,7,5,"democratic","lose",7,7,1,1,0,0,0,0,7,1
2557,"Law and Justice (PiS)","Law and Justice (PiS)",5,5,"unknowledgeable",6,6,6,6,6,6,1,2,6,5,"undemocratic","lose",7,7,6,6,0,0,0,0,7,5
2558,"Law and Justice (PiS)","Law and Justice (PiS)",6,5,"knowledgeable",7,6,6,6,7,7,3,5,5,5,"undemocratic","win",7,7,1,1,0,0,0,0,6,2
2559,"Civic Coalition (KO)","Civic Coalition (KO)",4,4,"knowledgeable",6,6,1,5,5,5,4,3,6,5,"democratic","win",7,7,1,1,0,0,0,0,5,1
2560,"Law and Justice (PiS)","Law and Justice (PiS)",6,6,"knowledgeable",5,6,5,5,1,3,1,6,6,5,"democratic","lose",7,7,1,1,0,0,0,0,7,1
2561,"Civic Coalition (KO)","Civic Coalition (KO)",4,5,"knowledgeable",6,5,5,3,5,1,4,4,6,5,"undemocratic","lose",6,6,1,1,0,0,0,0,4,1
2562,"Civic Coalition (KO)","Civic Coalition (KO)",4,4,"knowledgeable",5,4,4,6,5,5,4,4,6,5,"undemocratic","win",4,4,4,4,0,0,0,0,4,2
2563,"Law and Justice (PiS)","Law and Justice (PiS)",4,3,"unknowledgeable",6,6,7,6,6,5,2,5,6,5,"democratic","win",6,7,1,2,1,1,0,0,6,3
2564,"Civic Coalition (KO)","Civic Coalition (KO)",4,3,"knowledgeable",5,7,1,2,5,2,2,2,6,5,"undemocratic","win",7,7,2,2,0,0,0,0,5,2
2565,"Civic Coalition (KO)","Civic Coalition (KO)",4,4,"unknowledgeable",7,4,7,4,4,4,2,4,7,5,"undemocratic","lose",4,4,2,2,0,0,0,0,4,1
2566,"Civic Coalition (KO)","Civic Coalition (KO)",2,2,"knowledgeable",7,4,7,5,7,5,3,4,7,5,"democratic","win",7,7,1,1,0,0,0,0,4,1
2567,"Civic Coalition (KO)","Civic Coalition (KO)",6,6,"knowledgeable",5,2,4,7,6,6,6,4,7,5,"democratic","lose",7,7,1,1,0,0,0,0,7,1
2568,"Civic Coalition (KO)","Civic Coalition (KO)",2,2,"unknowledgeable",4,5,4,5,5,5,2,4,3,5,"undemocratic","win",6,6,3,3,0,0,0,0,4,3
2570,"Law and Justice (PiS)","Law and Justice (PiS)",5,7,"knowledgeable",7,5,7,7,6,7,4,5,7,5,"democratic","win",7,7,1,1,0,0,0,0,7,1
2571,"Law and Justice (PiS)","Law and Justice (PiS)",2,2,"knowledgeable",7,7,7,6,6,6,6,4,6,5,"undemocratic","lose",7,6,1,1,-1,0,0,0,7,1
2572,"Civic Coalition (KO)","Civic Coalition (KO)",4,3,"knowledgeable",6,6,7,6,4,3,2,2,7,5,"democratic","win",7,7,1,1,0,0,0,0,6,1
2574,"Law and Justice (PiS)","Law and Justice (PiS)",6,7,"knowledgeable",6,6,6,6,6,5,6,4,5,5,"democratic","lose",6,6,3,3,0,0,0,0,5,1
2575,"Civic Coalition (KO)","Civic Coalition (KO)",5,5,"unknowledgeable",7,6,7,5,4,2,1,1,7,5,"democratic","win",7,7,1,1,0,0,0,0,7,1
2576,"Civic Coalition (KO)","Civic Coalition (KO)",4,4,"unknowledgeable",1,1,4,6,6,7,1,4,4,5,"undemocratic","win",7,7,1,1,0,0,0,0,4,1
2578,"Civic Coalition (KO)","Civic Coalition (KO)",5,5,"knowledgeable",5,4,2,3,6,6,5,4,6,5,"democratic","lose",7,7,1,1,0,0,0,0,5,1
2579,"Civic Coalition (KO)","Civic Coalition (KO)",7,6,"knowledgeable",7,7,7,3,3,3,6,4,6,5,"democratic","lose",6,7,1,1,1,0,0,0,5,1
2580,"Civic Coalition (KO)","Civic Coalition (KO)",2,2,"unknowledgeable",6,7,7,5,5,5,NA,3,6,5,"undemocratic","win",6,4,1,1,-2,0,0,0,5,3
2581,"Law and Justice (PiS)","Law and Justice (PiS)",4,3,"knowledgeable",5,5,7,5,6,5,4,6,7,5,"democratic","win",5,5,5,5,0,0,0,0,3,2
2582,"Law and Justice (PiS)","Law and Justice (PiS)",4,5,"knowledgeable",7,6,7,6,6,4,NA,6,6,5,"undemocratic","lose",7,7,1,1,0,0,0,0,6,1
2583,"Civic Coalition (KO)","Civic Coalition (KO)",5,5,"knowledgeable",6,4,5,5,5,5,1,3,4,5,"undemocratic","win",7,6,3,5,-1,2,0,0,5,2
2584,"Law and Justice (PiS)","Abstain",2,2,"knowledgeable",7,6,7,5,5,5,6,4,6,5,"undemocratic","lose",6,3,4,2,-3,-2,0,1,6,1
2585,"Civic Coalition (KO)","Civic Coalition (KO)",5,7,"knowledgeable",7,7,7,6,7,4,5,3,7,5,"democratic","lose",7,7,1,1,0,0,0,0,7,1
2587,"Civic Coalition (KO)","Civic Coalition (KO)",6,5,"knowledgeable",7,7,7,4,3,5,4,3,6,5,"democratic","lose",7,7,1,1,0,0,0,0,6,1
2588,"Civic Coalition (KO)","Civic Coalition (KO)",4,4,"knowledgeable",6,6,2,5,5,3,3,3,7,5,"democratic","win",6,4,1,4,-2,3,0,0,4,1
2589,"Civic Coalition (KO)","Civic Coalition (KO)",3,2,"knowledgeable",7,7,7,7,7,1,4,6,6,5,"undemocratic","win",7,7,1,1,0,0,0,0,4,3
2590,"Civic Coalition (KO)","Civic Coalition (KO)",3,4,"knowledgeable",7,5,7,5,4,5,5,4,6,5,"democratic","win",7,7,2,1,0,-1,0,0,7,2
2592,"Civic Coalition (KO)","Civic Coalition (KO)",1,5,"knowledgeable",5,1,7,4,4,7,3,2,7,5,"democratic","win",7,7,1,1,0,0,0,0,7,1
2594,"Civic Coalition (KO)","Civic Coalition (KO)",4,3,"unknowledgeable",5,5,6,5,5,4,5,3,6,5,"undemocratic","win",6,6,1,2,0,1,0,0,6,1
2595,"Civic Coalition (KO)","Civic Coalition (KO)",5,2,"unknowledgeable",4,2,7,6,4,6,3,2,7,5,"democratic","lose",4,4,1,1,0,0,0,0,4,1
2596,"Civic Coalition (KO)","Civic Coalition (KO)",2,2,"knowledgeable",7,5,5,5,6,3,4,4,6,5,"undemocratic","win",6,6,2,2,0,0,0,0,4,2
2597,"Civic Coalition (KO)","Civic Coalition (KO)",1,5,"knowledgeable",6,6,6,2,6,2,3,4,6,5,"democratic","win",7,7,1,1,0,0,0,0,6,1
2599,"Civic Coalition (KO)","Civic Coalition (KO)",5,4,"knowledgeable",7,7,7,6,6,6,5,3,6,5,"undemocratic","win",7,7,1,1,0,0,0,0,4,1
2600,"Civic Coalition (KO)","Civic Coalition (KO)",3,2,"knowledgeable",7,7,7,6,5,6,5,4,7,5,"undemocratic","lose",7,7,1,1,0,0,0,0,6,1
2601,"Law and Justice (PiS)","Law and Justice (PiS)",2,4,"knowledgeable",6,5,7,2,1,1,4,6,5,5,"undemocratic","lose",4,6,2,1,2,-1,0,0,5,4
2602,"Law and Justice (PiS)","Law and Justice (PiS)",3,4,"knowledgeable",7,7,1,5,4,4,3,4,6,5,"undemocratic","win",7,6,4,4,-1,0,0,0,4,1
2603,"Law and Justice (PiS)","Law and Justice (PiS)",5,5,"knowledgeable",6,5,5,5,5,4,2,6,6,5,"democratic","win",6,6,5,2,0,-3,0,0,5,2
2604,"Civic Coalition (KO)","Civic Coalition (KO)",6,6,"knowledgeable",6,6,3,6,6,4,5,2,6,5,"democratic","lose",7,7,1,1,0,0,0,0,6,1
2606,"Civic Coalition (KO)","Civic Coalition (KO)",3,3,"knowledgeable",7,7,7,4,4,5,6,4,7,5,"democratic","win",6,6,1,1,0,0,0,0,6,1
2607,"Civic Coalition (KO)","Civic Coalition (KO)",4,4,"knowledgeable",6,5,7,5,5,3,3,2,7,5,"undemocratic","lose",7,7,1,1,0,0,0,0,4,1
2608,"Civic Coalition (KO)","Civic Coalition (KO)",6,6,"knowledgeable",7,6,7,6,6,2,4,4,7,5,"democratic","lose",5,5,2,2,0,0,0,0,5,1
2609,"Civic Coalition (KO)","Abstain",2,2,"knowledgeable",1,6,7,2,5,2,5,3,7,5,"undemocratic","win",6,4,1,1,-2,0,0,1,4,1
2611,"Civic Coalition (KO)","Civic Coalition (KO)",6,6,"knowledgeable",6,7,7,3,5,3,4,3,6,5,"democratic","lose",7,7,1,1,0,0,0,0,6,1
2614,"Civic Coalition (KO)","Civic Coalition (KO)",2,2,"knowledgeable",7,7,7,7,4,6,2,3,7,5,"undemocratic","win",7,7,3,2,0,-1,0,0,6,1
2617,"Civic Coalition (KO)","Civic Coalition (KO)",2,2,"knowledgeable",6,5,6,5,6,1,2,4,6,2,"undemocratic","win",7,7,1,1,0,0,0,0,6,1
2618,"Law and Justice (PiS)","Law and Justice (PiS)",1,1,"knowledgeable",5,7,4,7,7,5,3,5,6,5,"undemocratic","win",7,7,1,1,0,0,0,0,5,1
2619,"Civic Coalition (KO)","Civic Coalition (KO)",3,2,"knowledgeable",6,6,6,4,2,3,3,4,7,5,"democratic","lose",5,6,6,6,1,0,0,0,3,1
2620,"Civic Coalition (KO)","Civic Coalition (KO)",4,4,"knowledgeable",6,6,6,3,2,3,2,2,6,5,"democratic","win",7,7,1,1,0,0,0,0,4,1
2621,"Civic Coalition (KO)","Civic Coalition (KO)",5,3,"knowledgeable",6,6,3,4,6,3,5,2,4,5,"undemocratic","lose",3,5,1,1,2,0,0,0,4,3
2622,"Civic Coalition (KO)","Civic Coalition (KO)",4,4,"knowledgeable",7,7,7,7,7,1,3,2,7,5,"democratic","win",6,4,1,1,-2,0,0,0,4,1
2623,"Civic Coalition (KO)","Abstain",2,1,"knowledgeable",7,7,7,5,6,6,4,3,6,5,"undemocratic","lose",6,5,1,1,-1,0,0,1,4,1
2625,"Civic Coalition (KO)","Civic Coalition (KO)",6,7,"knowledgeable",5,7,5,6,6,3,5,3,7,5,"democratic","lose",7,7,1,1,0,0,0,0,6,1
2626,"Civic Coalition (KO)","Civic Coalition (KO)",5,5,"unknowledgeable",4,4,4,4,5,4,2,3,6,2,"undemocratic","lose",7,7,1,1,0,0,0,0,5,1
2627,"Civic Coalition (KO)","Civic Coalition (KO)",5,5,"knowledgeable",4,4,7,5,5,4,4,2,6,5,"undemocratic","lose",6,6,1,1,0,0,0,0,6,1
2628,"Law and Justice (PiS)","Law and Justice (PiS)",4,4,"knowledgeable",7,7,5,1,3,3,4,6,5,5,"democratic","win",6,6,4,5,0,1,0,0,4,3
2629,"Civic Coalition (KO)","Civic Coalition (KO)",7,7,"knowledgeable",7,7,7,7,6,6,1,2,7,5,"democratic","lose",7,7,1,1,0,0,0,0,6,1
2631,"Civic Coalition (KO)","Civic Coalition (KO)",6,6,"knowledgeable",1,4,7,4,1,2,2,4,7,5,"democratic","lose",6,7,1,2,1,1,0,0,6,1
2632,"Civic Coalition (KO)","Civic Coalition (KO)",5,5,"knowledgeable",7,7,7,5,5,3,5,4,7,5,"undemocratic","win",7,6,1,1,-1,0,0,0,6,1
2634,"Civic Coalition (KO)","Civic Coalition (KO)",4,4,"knowledgeable",6,6,7,4,3,5,6,3,6,2,"democratic","win",6,7,1,1,1,0,0,0,5,1
2635,"Civic Coalition (KO)","Civic Coalition (KO)",3,3,"knowledgeable",6,5,6,2,6,5,5,4,6,2,"democratic","win",7,6,1,1,-1,0,0,0,5,1
2636,"Civic Coalition (KO)","Civic Coalition (KO)",7,6,"knowledgeable",7,1,7,1,7,2,4,5,3,5,"undemocratic","lose",7,7,5,4,0,-1,0,0,7,1
2637,"Law and Justice (PiS)","Law and Justice (PiS)",2,2,"knowledgeable",5,6,6,5,6,5,5,6,6,5,"undemocratic","lose",7,7,1,1,0,0,0,0,6,1
2638,"Law and Justice (PiS)","Law and Justice (PiS)",6,3,"knowledgeable",5,3,3,3,2,2,4,3,4,4,"democratic","win",3,4,4,2,1,-2,0,0,2,5
2640,"Civic Coalition (KO)","Civic Coalition (KO)",2,2,"unknowledgeable",3,3,7,1,5,2,1,3,6,5,"undemocratic","win",3,4,1,4,1,3,0,0,4,1
2641,"Civic Coalition (KO)","Civic Coalition (KO)",6,6,"knowledgeable",3,6,6,2,5,2,NA,2,6,5,"democratic","lose",7,7,1,1,0,0,0,0,2,1
2642,"Civic Coalition (KO)","Civic Coalition (KO)",3,4,"knowledgeable",7,7,6,2,5,5,4,4,6,5,"undemocratic","win",7,6,1,2,-1,1,0,0,5,4
2643,"Civic Coalition (KO)","Civic Coalition (KO)",6,6,"knowledgeable",7,7,7,6,4,1,3,4,6,5,"democratic","lose",7,7,1,1,0,0,0,0,5,1
2644,"Civic Coalition (KO)","Civic Coalition (KO)",6,6,"knowledgeable",4,7,1,7,3,1,4,3,7,5,"democratic","win",7,7,1,1,0,0,0,0,6,1
2645,"Civic Coalition (KO)","Civic Coalition (KO)",3,5,"knowledgeable",7,6,7,5,5,2,6,4,6,1,"democratic","win",7,7,1,1,0,0,0,0,6,2
2646,"Law and Justice (PiS)","Law and Justice (PiS)",2,1,"knowledgeable",6,5,5,5,2,6,6,6,2,5,"undemocratic","win",7,7,1,1,0,0,0,0,6,1
2647,"Civic Coalition (KO)","Civic Coalition (KO)",6,6,"unknowledgeable",5,3,3,3,3,2,6,6,2,3,"undemocratic","lose",7,7,1,1,0,0,0,0,7,1
2648,"Civic Coalition (KO)","Abstain",4,4,"unknowledgeable",7,7,7,4,4,2,5,4,7,5,"democratic","win",4,4,4,4,0,0,0,1,4,1
2649,"Civic Coalition (KO)","Civic Coalition (KO)",1,1,"knowledgeable",7,7,7,3,2,7,5,4,7,5,"undemocratic","win",7,7,1,1,0,0,0,0,7,1
2650,"Civic Coalition (KO)","Civic Coalition (KO)",6,5,"unknowledgeable",5,6,6,6,5,6,2,2,6,5,"democratic","lose",7,7,1,1,0,0,0,0,6,2
2651,"Civic Coalition (KO)","Civic Coalition (KO)",2,2,"knowledgeable",7,7,7,5,5,2,1,3,6,5,"undemocratic","lose",2,6,2,2,4,0,0,0,4,1
2653,"Law and Justice (PiS)","Law and Justice (PiS)",3,5,"knowledgeable",7,6,6,7,6,6,4,6,6,5,"democratic","lose",7,7,1,2,0,1,0,0,7,1
2654,"Civic Coalition (KO)","Civic Coalition (KO)",5,5,"knowledgeable",7,7,7,1,5,2,5,3,7,4,"undemocratic","lose",6,6,2,1,0,-1,0,0,7,1
2655,"Law and Justice (PiS)","Abstain",3,3,"knowledgeable",5,5,5,4,3,4,6,4,4,5,"undemocratic","win",4,3,2,5,-1,3,0,1,3,1
2656,"Law and Justice (PiS)","Law and Justice (PiS)",4,4,"knowledgeable",5,5,7,4,3,5,2,7,6,5,"undemocratic","lose",6,6,2,2,0,0,0,0,7,3
2657,"Civic Coalition (KO)","Civic Coalition (KO)",2,2,"knowledgeable",7,7,7,4,6,2,6,3,7,5,"undemocratic","win",7,7,1,1,0,0,0,0,7,1
2658,"Law and Justice (PiS)","Law and Justice (PiS)",7,6,"knowledgeable",6,5,6,3,5,3,4,6,6,5,"democratic","lose",6,7,5,5,1,0,0,0,6,1
2659,"Civic Coalition (KO)","Civic Coalition (KO)",1,2,"knowledgeable",7,6,7,5,5,2,3,4,6,5,"undemocratic","win",7,5,1,1,-2,0,0,0,5,1
2662,"Civic Coalition (KO)","Civic Coalition (KO)",1,1,"unknowledgeable",7,7,7,6,7,2,2,4,6,5,"democratic","win",7,7,1,1,0,0,0,0,5,1
2664,"Civic Coalition (KO)","Civic Coalition (KO)",4,6,"knowledgeable",7,1,7,4,4,4,NA,2,7,4,"democratic","lose",6,7,1,1,1,0,0,0,5,1
2665,"Civic Coalition (KO)","Civic Coalition (KO)",3,3,"knowledgeable",6,7,7,1,1,1,6,4,7,4,"undemocratic","lose",7,7,1,1,0,0,0,0,6,1
2667,"Law and Justice (PiS)","Law and Justice (PiS)",6,6,"knowledgeable",6,6,6,6,5,6,4,5,6,5,"undemocratic","lose",7,7,1,1,0,0,0,0,5,2
2668,"Civic Coalition (KO)","Abstain",2,3,"unknowledgeable",5,4,2,4,4,5,4,6,4,1,"democratic","win",7,6,4,5,-1,1,0,1,4,1
2669,"Civic Coalition (KO)","Civic Coalition (KO)",7,6,"knowledgeable",7,7,7,2,3,3,NA,3,6,4,"democratic","lose",6,7,2,1,1,-1,0,0,5,2
2670,"Civic Coalition (KO)","Civic Coalition (KO)",5,6,"knowledgeable",7,7,7,7,7,7,3,4,6,5,"democratic","win",7,7,1,1,0,0,0,0,6,1
2671,"Civic Coalition (KO)","Civic Coalition (KO)",7,6,"unknowledgeable",7,5,4,5,6,6,3,3,5,1,"undemocratic","lose",6,6,1,1,0,0,0,0,5,1
2672,"Law and Justice (PiS)","Law and Justice (PiS)",4,4,"knowledgeable",7,4,7,6,4,4,4,7,5,5,"undemocratic","win",7,7,1,1,0,0,0,0,7,4
2673,"Civic Coalition (KO)","Civic Coalition (KO)",4,3,"knowledgeable",7,7,7,5,2,2,6,4,6,4,"democratic","win",7,7,1,1,0,0,0,0,3,1
2674,"Law and Justice (PiS)","Law and Justice (PiS)",5,5,"knowledgeable",1,5,1,2,5,2,5,6,6,5,"democratic","lose",6,7,4,5,1,1,0,0,5,4
2676,"Civic Coalition (KO)","Civic Coalition (KO)",4,4,"unknowledgeable",4,4,4,3,4,4,2,4,4,3,"undemocratic","win",5,5,3,3,0,0,0,0,5,3
2677,"Civic Coalition (KO)","Civic Coalition (KO)",5,5,"unknowledgeable",5,1,7,6,7,3,3,1,4,5,"undemocratic","lose",7,7,1,1,0,0,0,0,6,1
2679,"Civic Coalition (KO)","Civic Coalition (KO)",5,5,"knowledgeable",7,5,1,7,6,6,4,3,6,4,"democratic","win",6,6,5,5,0,0,0,0,5,1
2680,"Civic Coalition (KO)","Civic Coalition (KO)",4,4,"knowledgeable",7,3,7,5,4,3,3,4,6,5,"democratic","lose",6,6,2,5,0,3,0,0,4,3
2682,"Civic Coalition (KO)","Civic Coalition (KO)",3,4,"knowledgeable",7,7,7,3,3,4,5,5,7,3,"undemocratic","lose",6,5,2,2,-1,0,0,0,6,1
2683,"Civic Coalition (KO)","Civic Coalition (KO)",5,5,"knowledgeable",6,6,6,5,6,5,5,4,7,3,"democratic","win",6,6,3,4,0,1,0,0,5,2
2684,"Law and Justice (PiS)","Law and Justice (PiS)",4,7,"unknowledgeable",4,4,4,4,4,4,4,5,6,4,"undemocratic","lose",6,5,3,3,-1,0,0,0,5,3
2685,"Law and Justice (PiS)","Law and Justice (PiS)",7,7,"unknowledgeable",5,6,6,5,6,6,1,1,7,3,"democratic","win",6,7,7,6,1,-1,0,0,7,2
2686,"Civic Coalition (KO)","Civic Coalition (KO)",3,2,"knowledgeable",7,6,7,3,1,4,NA,5,6,5,"democratic","lose",7,6,1,1,-1,0,0,0,6,1
2688,"Civic Coalition (KO)","Civic Coalition (KO)",4,4,"knowledgeable",5,5,5,5,4,3,4,3,2,3,"democratic","win",5,5,4,4,0,0,0,0,4,1
2690,"Civic Coalition (KO)","Civic Coalition (KO)",5,4,"unknowledgeable",7,1,1,4,4,7,1,6,4,2,"democratic","lose",7,7,1,1,0,0,0,0,4,4
2692,"Civic Coalition (KO)","Civic Coalition (KO)",4,4,"knowledgeable",6,7,4,4,1,4,3,6,6,2,"undemocratic","lose",3,3,1,1,0,0,0,0,2,1
2693,"Civic Coalition (KO)","Civic Coalition (KO)",7,7,"knowledgeable",7,7,7,4,1,2,2,3,7,5,"democratic","lose",7,7,1,1,0,0,0,0,5,1
2694,"Civic Coalition (KO)","Civic Coalition (KO)",7,7,"knowledgeable",7,7,7,6,7,7,5,4,7,5,"democratic","lose",7,7,1,1,0,0,0,0,7,3
2695,"Civic Coalition (KO)","Law and Justice (PiS)",3,4,"unknowledgeable",4,4,7,5,5,5,1,4,4,2,"democratic","win",7,7,1,2,0,1,1,0,5,3
2696,"Civic Coalition (KO)","Civic Coalition (KO)",3,3,"knowledgeable",7,6,6,6,6,6,4,4,6,5,"undemocratic","lose",7,7,1,1,0,0,0,0,4,1
2697,"Civic Coalition (KO)","Civic Coalition (KO)",4,4,"unknowledgeable",2,1,2,4,4,4,NA,2,6,1,"undemocratic","win",6,6,1,1,0,0,0,0,4,1
2698,"Civic Coalition (KO)","Civic Coalition (KO)",3,4,"knowledgeable",1,2,7,6,7,1,3,4,7,2,"democratic","win",6,5,1,1,-1,0,0,0,4,1
2700,"Civic Coalition (KO)","Civic Coalition (KO)",3,3,"knowledgeable",7,7,5,4,6,3,2,2,4,2,"undemocratic","win",5,6,1,2,1,1,0,0,4,1
2703,"Law and Justice (PiS)","Law and Justice (PiS)",7,6,"unknowledgeable",6,7,7,5,6,7,4,6,6,2,"democratic","win",7,7,1,1,0,0,0,0,6,1
2704,"Civic Coalition (KO)","Civic Coalition (KO)",5,6,"knowledgeable",7,7,7,4,6,3,4,2,7,5,"democratic","lose",7,7,1,1,0,0,0,0,5,1
2705,"Civic Coalition (KO)","Civic Coalition (KO)",2,3,"knowledgeable",7,7,7,2,2,1,NA,3,7,3,"undemocratic","win",7,7,1,1,0,0,0,0,7,1
2706,"Civic Coalition (KO)","Civic Coalition (KO)",5,5,"knowledgeable",7,7,5,5,5,6,2,4,6,4,"undemocratic","lose",7,6,1,2,-1,1,0,0,5,4
2707,"Law and Justice (PiS)","Law and Justice (PiS)",6,5,"unknowledgeable",6,5,5,4,5,5,4,6,6,5,"democratic","win",7,6,5,2,-1,-3,0,0,5,2
2709,"Civic Coalition (KO)","Civic Coalition (KO)",3,3,"knowledgeable",7,7,7,4,3,7,NA,2,7,5,"undemocratic","lose",4,1,1,1,-3,0,0,0,3,1
2710,"Civic Coalition (KO)","Civic Coalition (KO)",3,3,"knowledgeable",6,2,4,4,4,4,4,5,1,2,"democratic","win",6,6,2,5,0,3,0,0,3,2
2712,"Law and Justice (PiS)","Law and Justice (PiS)",4,5,"unknowledgeable",4,4,4,4,4,4,6,5,2,4,"undemocratic","lose",7,7,5,5,0,0,0,0,5,4
2713,"Civic Coalition (KO)","Civic Coalition (KO)",4,1,"knowledgeable",6,5,1,2,1,2,3,3,6,5,"undemocratic","win",7,7,1,1,0,0,0,0,7,1
2714,"Civic Coalition (KO)","Civic Coalition (KO)",2,2,"knowledgeable",7,7,7,1,1,1,NA,3,7,5,"democratic","lose",7,7,1,1,0,0,0,0,5,1
2716,"Law and Justice (PiS)","Law and Justice (PiS)",3,3,"knowledgeable",7,6,7,6,6,6,4,5,4,4,"undemocratic","win",7,7,1,1,0,0,0,0,6,1
2717,"Civic Coalition (KO)","Abstain",4,3,"knowledgeable",4,5,1,5,6,3,4,4,6,5,"undemocratic","lose",6,1,4,1,-5,-3,0,1,7,1
2718,"Civic Coalition (KO)","Civic Coalition (KO)",2,2,"knowledgeable",3,6,6,2,2,2,1,3,5,4,"undemocratic","win",7,7,1,2,0,1,0,0,6,1
2720,"Civic Coalition (KO)","Civic Coalition (KO)",6,6,"knowledgeable",7,6,7,2,2,3,4,3,6,5,"democratic","lose",7,6,1,1,-1,0,0,0,6,2
2722,"Law and Justice (PiS)","Law and Justice (PiS)",6,3,"unknowledgeable",5,7,5,6,6,5,4,4,6,1,"undemocratic","lose",7,7,4,6,0,2,0,0,7,5
2723,"Law and Justice (PiS)","Law and Justice (PiS)",6,5,"knowledgeable",7,7,6,6,6,6,6,6,7,4,"democratic","win",7,7,1,2,0,1,0,0,6,2
2724,"Civic Coalition (KO)","Civic Coalition (KO)",2,3,"knowledgeable",7,7,7,5,6,7,6,2,7,5,"democratic","win",7,7,1,1,0,0,0,0,7,1
2725,"Civic Coalition (KO)","Civic Coalition (KO)",6,6,"knowledgeable",7,6,7,5,4,1,NA,4,7,2,"democratic","lose",7,7,1,1,0,0,0,0,3,1
2726,"Civic Coalition (KO)","Civic Coalition (KO)",2,1,"unknowledgeable",6,2,2,4,5,6,1,3,2,1,"democratic","win",3,4,3,1,1,-2,0,0,3,2
2728,"Law and Justice (PiS)","Law and Justice (PiS)",5,5,"unknowledgeable",5,4,5,5,4,4,4,5,5,3,"democratic","lose",6,6,5,5,0,0,0,0,6,4
2730,"Civic Coalition (KO)","Civic Coalition (KO)",4,4,"unknowledgeable",6,6,6,4,6,3,4,4,6,3,"undemocratic","win",7,6,1,2,-1,1,0,0,7,1
2731,"Law and Justice (PiS)","Law and Justice (PiS)",5,3,"unknowledgeable",6,3,7,3,5,2,2,2,4,3,"undemocratic","win",6,1,3,5,-5,2,0,0,7,6
2732,"Civic Coalition (KO)","Civic Coalition (KO)",4,4,"knowledgeable",7,7,7,5,4,3,4,4,6,5,"undemocratic","lose",7,6,2,1,-1,-1,0,0,3,3
2733,"Law and Justice (PiS)","Law and Justice (PiS)",4,4,"knowledgeable",5,6,6,5,5,5,3,4,4,5,"undemocratic","lose",6,6,4,5,0,1,0,0,5,2
2734,"Civic Coalition (KO)","Civic Coalition (KO)",5,7,"knowledgeable",7,7,7,4,7,7,2,4,7,5,"democratic","lose",7,7,1,1,0,0,0,0,2,1
2735,"Civic Coalition (KO)","Civic Coalition (KO)",6,5,"knowledgeable",7,7,7,6,7,6,5,3,7,5,"undemocratic","lose",6,6,1,1,0,0,0,0,4,1
2736,"Civic Coalition (KO)","Civic Coalition (KO)",3,5,"knowledgeable",7,7,7,6,6,5,4,3,7,4,"democratic","win",6,5,1,1,-1,0,0,0,5,1
2737,"Civic Coalition (KO)","Civic Coalition (KO)",2,3,"unknowledgeable",6,6,5,6,5,5,2,2,3,1,"democratic","win",7,2,1,7,-5,6,0,0,4,1
2738,"Civic Coalition (KO)","Civic Coalition (KO)",4,3,"knowledgeable",6,2,1,5,2,5,2,2,7,5,"democratic","win",7,7,1,1,0,0,0,0,6,1
2739,"Law and Justice (PiS)","Law and Justice (PiS)",5,6,"knowledgeable",6,1,1,7,7,7,5,4,7,3,"democratic","lose",7,7,1,1,0,0,0,0,5,1
2740,"Law and Justice (PiS)","Law and Justice (PiS)",3,3,"knowledgeable",7,5,7,5,6,3,5,6,6,3,"undemocratic","win",6,6,2,5,0,3,0,0,5,4
2741,"Civic Coalition (KO)","Law and Justice (PiS)",4,2,"unknowledgeable",5,5,1,5,3,2,NA,3,5,1,"undemocratic","lose",7,5,6,4,-2,-2,1,0,3,1
2743,"Civic Coalition (KO)","Civic Coalition (KO)",7,7,"knowledgeable",7,6,5,5,4,2,5,3,7,4,"democratic","lose",7,7,1,1,0,0,0,0,5,1
2744,"Civic Coalition (KO)","Civic Coalition (KO)",7,7,"knowledgeable",7,6,7,1,2,2,6,6,7,5,"democratic","lose",7,7,1,1,0,0,0,0,7,1
2745,"Law and Justice (PiS)","Law and Justice (PiS)",5,5,"knowledgeable",4,4,4,4,4,4,2,5,6,3,"undemocratic","win",7,7,3,3,0,0,0,0,5,3
2746,"Civic Coalition (KO)","Civic Coalition (KO)",3,6,"knowledgeable",7,7,7,1,1,1,6,4,7,5,"undemocratic","lose",7,7,1,1,0,0,0,0,6,1
2747,"Law and Justice (PiS)","Law and Justice (PiS)",5,5,"knowledgeable",6,6,5,5,5,5,NA,6,6,5,"undemocratic","lose",6,6,2,2,0,0,0,0,5,1
2748,"Law and Justice (PiS)","Civic Coalition (KO)",2,2,"unknowledgeable",6,5,4,3,4,6,3,3,5,1,"democratic","win",7,4,3,5,-3,2,1,0,4,5
2749,"Civic Coalition (KO)","Civic Coalition (KO)",6,6,"unknowledgeable",7,7,7,3,2,2,3,4,6,5,"democratic","lose",6,6,2,2,0,0,0,0,5,3
2751,"Law and Justice (PiS)","Civic Coalition (KO)",1,6,"knowledgeable",5,4,5,3,5,1,5,4,4,2,"democratic","lose",5,5,3,4,0,1,1,0,1,1
2753,"Civic Coalition (KO)","Civic Coalition (KO)",4,4,"knowledgeable",5,5,5,6,4,5,3,3,3,2,"undemocratic","win",7,7,5,5,0,0,0,0,3,4
2754,"Civic Coalition (KO)","Civic Coalition (KO)",4,4,"knowledgeable",6,5,7,5,4,4,4,2,6,1,"undemocratic","lose",7,7,1,1,0,0,0,0,6,1
2755,"Civic Coalition (KO)","Civic Coalition (KO)",5,4,"knowledgeable",6,5,7,5,3,2,3,5,6,2,"democratic","win",6,6,2,2,0,0,0,0,3,1
2757,"Law and Justice (PiS)","Civic Coalition (KO)",4,4,"knowledgeable",6,6,6,6,6,6,1,6,6,2,"undemocratic","win",7,4,3,5,-3,2,1,0,5,5
2758,"Civic Coalition (KO)","Civic Coalition (KO)",4,4,"knowledgeable",3,4,3,4,3,4,4,4,2,3,"undemocratic","lose",6,7,1,1,1,0,0,0,6,3
2759,"Civic Coalition (KO)","Civic Coalition (KO)",2,2,"knowledgeable",6,5,6,3,6,3,4,5,7,3,"democratic","lose",6,6,1,1,0,0,0,0,3,1
2760,"Civic Coalition (KO)","Civic Coalition (KO)",3,3,"knowledgeable",6,6,6,6,4,5,NA,3,6,1,"undemocratic","win",7,6,1,1,-1,0,0,0,4,1
2761,"Civic Coalition (KO)","Civic Coalition (KO)",4,4,"knowledgeable",5,7,7,4,4,2,NA,4,6,2,"democratic","win",4,4,2,1,0,-1,0,0,4,3
2762,"Civic Coalition (KO)","Civic Coalition (KO)",2,1,"knowledgeable",7,5,6,2,2,2,5,2,6,5,"undemocratic","win",7,6,2,2,-1,0,0,0,5,1
2763,"Law and Justice (PiS)","Abstain",5,4,"unknowledgeable",7,7,7,6,6,5,5,5,7,3,"undemocratic","win",7,5,3,3,-2,0,0,1,7,1
2764,"Law and Justice (PiS)","Law and Justice (PiS)",4,2,"knowledgeable",7,6,7,5,5,6,5,6,6,2,"undemocratic","lose",6,6,1,1,0,0,0,0,6,1
2765,"Civic Coalition (KO)","Civic Coalition (KO)",5,5,"knowledgeable",6,4,5,5,5,5,3,4,5,2,"democratic","lose",5,7,1,1,2,0,0,0,5,1
2766,"Law and Justice (PiS)","Law and Justice (PiS)",3,4,"knowledgeable",7,5,7,4,5,5,NA,4,4,5,"democratic","win",6,6,1,1,0,0,0,0,4,1
2768,"Civic Coalition (KO)","Civic Coalition (KO)",4,4,"knowledgeable",4,2,1,2,4,1,5,4,7,4,"democratic","lose",4,4,4,4,0,0,0,0,2,2
2769,"Civic Coalition (KO)","Abstain",2,2,"knowledgeable",6,7,7,5,7,7,4,7,6,3,"democratic","lose",5,4,7,2,-1,-5,0,1,4,4
2770,"Law and Justice (PiS)","Law and Justice (PiS)",6,6,"knowledgeable",6,6,3,1,6,3,1,4,6,5,"democratic","lose",4,6,4,4,2,0,0,0,5,1
2772,"Civic Coalition (KO)","Abstain",4,4,"knowledgeable",5,4,6,4,4,5,NA,4,6,4,"democratic","win",4,4,4,4,0,0,0,1,4,5
2773,"Civic Coalition (KO)","Civic Coalition (KO)",5,4,"knowledgeable",7,7,7,2,2,1,4,2,7,5,"undemocratic","lose",7,7,1,1,0,0,0,0,5,1
2774,"Civic Coalition (KO)","Abstain",5,5,"knowledgeable",7,7,6,6,3,6,3,4,6,5,"democratic","lose",6,6,2,2,0,0,0,1,4,2
2775,"Civic Coalition (KO)","Civic Coalition (KO)",5,4,"knowledgeable",6,5,6,6,6,6,5,4,5,5,"undemocratic","lose",7,7,5,5,0,0,0,0,5,2
2776,"Civic Coalition (KO)","Civic Coalition (KO)",3,3,"unknowledgeable",4,4,4,4,4,4,1,2,4,5,"democratic","win",5,4,1,1,-1,0,0,0,4,4
2777,"Law and Justice (PiS)","Law and Justice (PiS)",2,2,"knowledgeable",1,6,6,5,5,5,5,5,6,5,"undemocratic","win",6,6,1,1,0,0,0,0,5,1
2779,"Law and Justice (PiS)","Law and Justice (PiS)",3,4,"knowledgeable",7,6,7,6,6,6,2,6,6,3,"democratic","win",6,6,6,6,0,0,0,0,6,6
2780,"Law and Justice (PiS)","Law and Justice (PiS)",5,5,"knowledgeable",6,6,6,4,3,5,3,5,6,2,"democratic","lose",6,6,2,5,0,3,0,0,4,1
2782,"Civic Coalition (KO)","Civic Coalition (KO)",5,1,"unknowledgeable",5,5,2,2,3,3,1,2,3,2,"democratic","win",4,5,3,4,1,1,0,0,5,2
2784,"Civic Coalition (KO)","Civic Coalition (KO)",6,6,"knowledgeable",7,7,7,5,6,4,4,3,7,5,"democratic","lose",6,5,1,1,-1,0,0,0,4,2
2785,"Civic Coalition (KO)","Civic Coalition (KO)",3,2,"knowledgeable",6,7,7,3,3,5,5,3,6,2,"undemocratic","lose",6,6,1,1,0,0,0,0,4,1
2786,"Civic Coalition (KO)","Abstain",1,1,"knowledgeable",7,7,7,6,6,2,2,3,7,5,"undemocratic","win",7,2,1,1,-5,0,0,1,7,1
2787,"Civic Coalition (KO)","Civic Coalition (KO)",4,4,"knowledgeable",5,7,1,6,6,2,4,3,7,5,"democratic","lose",7,7,1,1,0,0,0,0,4,1
2788,"Civic Coalition (KO)","Civic Coalition (KO)",5,4,"unknowledgeable",7,7,7,4,1,1,3,3,6,1,"undemocratic","lose",7,7,1,1,0,0,0,0,5,1
2789,"Civic Coalition (KO)","Civic Coalition (KO)",5,5,"knowledgeable",6,7,6,7,7,6,4,4,6,3,"undemocratic","win",7,7,1,1,0,0,0,0,7,4
2790,"Civic Coalition (KO)","Civic Coalition (KO)",3,4,"knowledgeable",5,5,6,5,5,4,4,1,6,3,"undemocratic","lose",7,7,1,1,0,0,0,0,5,1
2791,"Civic Coalition (KO)","Civic Coalition (KO)",4,4,"knowledgeable",5,5,3,2,3,2,NA,4,5,4,"undemocratic","win",6,6,1,1,0,0,0,0,4,1
2792,"Civic Coalition (KO)","Civic Coalition (KO)",6,6,"knowledgeable",6,1,7,1,6,3,NA,3,6,5,"democratic","win",7,7,3,3,0,0,0,0,6,2
2793,"Civic Coalition (KO)","Civic Coalition (KO)",2,2,"knowledgeable",6,6,7,3,2,3,1,3,6,5,"democratic","win",7,6,1,3,-1,2,0,0,4,1
2794,"Civic Coalition (KO)","Civic Coalition (KO)",7,5,"knowledgeable",6,7,6,6,6,7,3,2,7,5,"democratic","lose",7,7,1,1,0,0,0,0,7,1
2795,"Civic Coalition (KO)","Civic Coalition (KO)",3,2,"knowledgeable",6,6,7,2,2,2,4,4,6,3,"undemocratic","lose",5,5,1,1,0,0,0,0,4,1
2796,"Law and Justice (PiS)","Civic Coalition (KO)",4,1,"unknowledgeable",4,4,5,2,2,3,5,3,7,2,"undemocratic","win",6,5,7,3,-1,-4,1,0,4,3
2798,"Civic Coalition (KO)","Civic Coalition (KO)",3,1,"unknowledgeable",3,3,2,3,3,3,4,3,2,3,"democratic","win",7,4,2,3,-3,1,0,0,3,4
2799,"Civic Coalition (KO)","Civic Coalition (KO)",4,3,"knowledgeable",3,4,3,4,5,5,NA,4,7,5,"undemocratic","win",7,3,1,1,-4,0,0,0,5,1
2800,"Law and Justice (PiS)","Law and Justice (PiS)",6,5,"knowledgeable",6,6,7,6,4,3,1,4,6,3,"democratic","win",7,7,3,3,0,0,0,0,6,3
2801,"Civic Coalition (KO)","Civic Coalition (KO)",4,4,"unknowledgeable",4,5,6,4,5,5,4,3,6,2,"undemocratic","lose",6,5,4,3,-1,-1,0,0,5,1
2802,"Law and Justice (PiS)","Law and Justice (PiS)",6,6,"unknowledgeable",6,6,6,6,6,6,5,6,6,4,"democratic","win",6,7,3,1,1,-2,0,0,5,4
2803,"Civic Coalition (KO)","Civic Coalition (KO)",5,5,"unknowledgeable",5,7,7,4,3,1,4,3,7,1,"democratic","lose",6,7,1,1,1,0,0,0,4,1
2804,"Civic Coalition (KO)","Civic Coalition (KO)",6,6,"knowledgeable",7,6,7,5,6,6,1,4,6,5,"democratic","lose",7,7,1,1,0,0,0,0,5,1
2805,"Civic Coalition (KO)","Civic Coalition (KO)",3,3,"knowledgeable",5,5,6,4,4,3,6,4,6,3,"democratic","win",6,6,1,1,0,0,0,0,5,1
2806,"Civic Coalition (KO)","Civic Coalition (KO)",2,4,"knowledgeable",7,7,7,5,5,4,1,4,7,4,"undemocratic","lose",6,7,1,1,1,0,0,0,3,1
2807,"Civic Coalition (KO)","Civic Coalition (KO)",3,3,"knowledgeable",7,6,7,3,3,1,3,4,7,5,"undemocratic","win",6,6,1,1,0,0,0,0,6,1
2808,"Civic Coalition (KO)","Civic Coalition (KO)",7,7,"knowledgeable",7,6,6,6,5,1,2,3,6,1,"democratic","lose",7,6,1,1,-1,0,0,0,4,1
2810,"Civic Coalition (KO)","Civic Coalition (KO)",4,3,"knowledgeable",6,5,6,3,5,6,2,2,6,5,"undemocratic","lose",7,6,2,2,-1,0,0,0,4,1
2811,"Civic Coalition (KO)","Abstain",3,3,"knowledgeable",6,6,7,4,5,5,5,1,6,2,"undemocratic","win",6,5,2,2,-1,0,0,1,4,1
2815,"Civic Coalition (KO)","Civic Coalition (KO)",6,3,"unknowledgeable",5,6,5,6,5,5,2,4,3,1,"democratic","win",5,6,2,2,1,0,0,0,6,1
2816,"Civic Coalition (KO)","Civic Coalition (KO)",4,4,"knowledgeable",6,5,7,6,6,5,5,2,6,5,"undemocratic","lose",7,7,1,1,0,0,0,0,6,1
2817,"Law and Justice (PiS)","Law and Justice (PiS)",4,4,"knowledgeable",7,5,7,5,5,6,2,5,6,5,"undemocratic","win",6,6,2,3,0,1,0,0,6,2
2819,"Civic Coalition (KO)","Civic Coalition (KO)",5,5,"unknowledgeable",1,4,5,4,5,4,4,5,6,2,"democratic","lose",6,7,3,2,1,-1,0,0,4,3
2821,"Law and Justice (PiS)","Law and Justice (PiS)",6,6,"knowledgeable",6,7,7,6,6,4,4,6,6,5,"democratic","lose",7,7,1,1,0,0,0,0,6,1
2822,"Civic Coalition (KO)","Civic Coalition (KO)",3,4,"unknowledgeable",6,5,6,5,4,2,4,4,4,4,"undemocratic","win",4,4,4,4,0,0,0,0,4,3
2823,"Law and Justice (PiS)","Law and Justice (PiS)",3,3,"knowledgeable",5,4,7,3,3,5,5,4,6,3,"democratic","lose",7,5,4,6,-2,2,0,0,5,4
2824,"Civic Coalition (KO)","Law and Justice (PiS)",2,3,"knowledgeable",5,5,5,3,6,5,NA,5,6,1,"undemocratic","lose",6,5,5,6,-1,1,1,0,5,4
2825,"Law and Justice (PiS)","Law and Justice (PiS)",2,3,"unknowledgeable",5,4,5,5,4,5,6,4,6,2,"democratic","win",4,4,5,5,0,0,0,0,5,4
2830,"Law and Justice (PiS)","Law and Justice (PiS)",5,6,"knowledgeable",7,7,7,7,6,5,5,6,6,3,"undemocratic","lose",7,7,1,1,0,0,0,0,7,1
2831,"Law and Justice (PiS)","Law and Justice (PiS)",4,4,"unknowledgeable",5,5,5,5,5,5,6,5,4,4,"democratic","lose",4,7,4,1,3,-3,0,0,4,1
2832,"Civic Coalition (KO)","Civic Coalition (KO)",2,1,"unknowledgeable",7,7,7,1,7,7,6,4,7,1,"undemocratic","win",6,6,5,5,0,0,0,0,4,2
2833,"Civic Coalition (KO)","Civic Coalition (KO)",5,2,"unknowledgeable",6,7,7,5,4,6,4,3,6,3,"democratic","win",6,5,3,3,-1,0,0,0,5,2
2834,"Civic Coalition (KO)","Civic Coalition (KO)",5,5,"knowledgeable",6,5,7,5,5,5,4,2,6,2,"undemocratic","lose",6,6,5,5,0,0,0,0,5,2
2835,"Law and Justice (PiS)","Law and Justice (PiS)",4,1,"knowledgeable",7,7,7,6,7,6,4,5,5,5,"undemocratic","win",7,6,1,3,-1,2,0,0,4,1
2836,"Civic Coalition (KO)","Civic Coalition (KO)",5,5,"knowledgeable",6,5,6,5,5,2,5,4,6,4,"undemocratic","lose",7,6,1,1,-1,0,0,0,6,1
2837,"Civic Coalition (KO)","Abstain",4,4,"knowledgeable",6,4,6,4,5,4,3,4,4,5,"democratic","win",6,5,5,5,-1,0,0,1,5,4
2838,"Law and Justice (PiS)","Law and Justice (PiS)",5,4,"knowledgeable",7,4,7,4,5,6,2,6,6,4,"democratic","lose",7,7,1,1,0,0,0,0,7,1
2839,"Law and Justice (PiS)","Civic Coalition (KO)",7,6,"knowledgeable",6,5,3,6,6,6,NA,4,6,4,"democratic","lose",7,6,5,1,-1,-4,1,0,5,4
2840,"Civic Coalition (KO)","Civic Coalition (KO)",1,1,"unknowledgeable",7,7,7,1,1,1,NA,4,7,3,"democratic","win",4,3,1,1,-1,0,0,0,4,1
2842,"Law and Justice (PiS)","Law and Justice (PiS)",4,4,"unknowledgeable",2,3,5,1,3,2,NA,5,4,2,"undemocratic","win",7,4,3,1,-3,-2,0,0,6,4
2843,"Civic Coalition (KO)","Civic Coalition (KO)",4,4,"knowledgeable",5,5,7,5,5,4,6,4,6,4,"undemocratic","lose",6,4,2,4,-2,2,0,0,4,3
2844,"Civic Coalition (KO)","Civic Coalition (KO)",1,3,"knowledgeable",4,4,6,6,4,6,4,4,6,5,"undemocratic","win",7,7,1,1,0,0,0,0,3,1
2845,"Civic Coalition (KO)","Civic Coalition (KO)",4,4,"knowledgeable",7,7,7,5,6,7,4,3,6,4,"democratic","win",7,7,1,1,0,0,0,0,4,1
2846,"Civic Coalition (KO)","Civic Coalition (KO)",6,6,"knowledgeable",7,6,7,5,6,3,NA,4,7,1,"democratic","lose",6,6,1,1,0,0,0,0,4,1
2847,"Civic Coalition (KO)","Civic Coalition (KO)",5,5,"knowledgeable",5,4,5,5,5,4,6,5,3,3,"undemocratic","lose",7,7,1,1,0,0,0,0,7,1
2848,"Civic Coalition (KO)","Civic Coalition (KO)",6,5,"unknowledgeable",5,5,5,5,5,5,NA,4,6,1,"democratic","lose",4,4,6,4,0,-2,0,0,4,4
2849,"Law and Justice (PiS)","Law and Justice (PiS)",7,6,"unknowledgeable",7,4,7,5,7,6,1,4,5,4,"democratic","win",7,7,3,2,0,-1,0,0,7,2
2850,"Civic Coalition (KO)","Civic Coalition (KO)",7,7,"knowledgeable",7,1,7,7,7,7,1,1,7,1,"democratic","lose",7,7,1,1,0,0,0,0,4,1
2851,"Law and Justice (PiS)","Law and Justice (PiS)",4,4,"knowledgeable",7,5,5,4,5,4,6,4,7,5,"democratic","win",7,7,1,1,0,0,0,0,5,1
2853,"Law and Justice (PiS)","Law and Justice (PiS)",6,6,"unknowledgeable",7,7,7,1,1,1,1,6,7,2,"undemocratic","lose",7,7,1,1,0,0,0,0,7,1
2854,"Law and Justice (PiS)","Law and Justice (PiS)",7,4,"knowledgeable",7,5,5,5,4,5,5,7,6,5,"undemocratic","win",7,7,1,1,0,0,0,0,7,1
2855,"Civic Coalition (KO)","Civic Coalition (KO)",6,5,"unknowledgeable",6,6,7,7,7,5,NA,4,4,1,"undemocratic","win",7,7,1,1,0,0,0,0,1,1
2856,"Civic Coalition (KO)","Civic Coalition (KO)",3,4,"knowledgeable",7,1,7,3,3,2,3,4,7,3,"undemocratic","lose",7,7,1,1,0,0,0,0,5,1
2857,"Law and Justice (PiS)","Abstain",4,4,"unknowledgeable",5,7,4,6,6,5,2,4,5,1,"democratic","win",7,3,2,2,-4,0,0,1,4,4
2858,"Civic Coalition (KO)","Civic Coalition (KO)",1,2,"knowledgeable",7,7,7,2,2,7,4,2,7,5,"democratic","win",7,7,2,2,0,0,0,0,6,2
2859,"Civic Coalition (KO)","Civic Coalition (KO)",4,3,"knowledgeable",7,7,7,5,6,3,NA,4,6,3,"undemocratic","win",5,5,1,1,0,0,0,0,4,2
2860,"Civic Coalition (KO)","Civic Coalition (KO)",7,7,"unknowledgeable",7,7,7,4,4,4,2,4,7,5,"democratic","lose",7,7,1,1,0,0,0,0,7,1
2861,"Civic Coalition (KO)","Civic Coalition (KO)",3,4,"knowledgeable",6,6,7,6,6,4,3,3,7,3,"undemocratic","lose",6,7,5,5,1,0,0,0,3,1
2862,"Civic Coalition (KO)","Civic Coalition (KO)",2,1,"knowledgeable",7,2,7,1,6,2,6,4,7,3,"undemocratic","win",7,7,1,1,0,0,0,0,5,1
2863,"Civic Coalition (KO)","Civic Coalition (KO)",1,1,"knowledgeable",1,1,7,7,2,3,3,4,6,3,"undemocratic","win",7,7,1,1,0,0,0,0,1,1
2864,"Law and Justice (PiS)","Law and Justice (PiS)",5,4,"knowledgeable",6,2,6,4,7,6,2,4,4,5,"democratic","lose",7,7,1,1,0,0,0,0,4,1
2865,"Civic Coalition (KO)","Civic Coalition (KO)",7,6,"knowledgeable",4,5,5,5,5,5,6,4,7,1,"undemocratic","lose",7,7,1,1,0,0,0,0,7,1
2866,"Civic Coalition (KO)","Civic Coalition (KO)",5,5,"knowledgeable",7,7,7,6,2,1,4,3,7,5,"democratic","win",7,7,1,1,0,0,0,0,6,1
2867,"Civic Coalition (KO)","Civic Coalition (KO)",4,4,"knowledgeable",7,7,7,1,1,1,3,4,7,3,"undemocratic","lose",4,7,1,1,3,0,0,0,4,1
2868,"Law and Justice (PiS)","Law and Justice (PiS)",4,4,"knowledgeable",7,6,7,1,6,1,2,4,6,3,"undemocratic","win",7,7,5,5,0,0,0,0,4,4
2869,"Law and Justice (PiS)","Law and Justice (PiS)",5,4,"unknowledgeable",2,5,4,3,5,5,4,1,1,3,"democratic","lose",3,7,7,5,4,-2,0,0,6,5
2870,"Civic Coalition (KO)","Civic Coalition (KO)",6,5,"knowledgeable",7,6,7,5,4,5,5,4,7,3,"undemocratic","lose",6,7,1,1,1,0,0,0,5,1
2872,"Civic Coalition (KO)","Civic Coalition (KO)",1,2,"knowledgeable",7,7,7,3,1,1,5,4,7,5,"undemocratic","win",7,7,1,1,0,0,0,0,7,1
2873,"Civic Coalition (KO)","Civic Coalition (KO)",3,3,"knowledgeable",7,7,7,5,6,2,5,4,6,3,"democratic","win",7,7,1,1,0,0,0,0,4,1
2874,"Civic Coalition (KO)","Civic Coalition (KO)",1,1,"knowledgeable",7,7,2,3,2,5,NA,4,7,4,"democratic","win",6,6,1,1,0,0,0,0,5,1
2875,"Civic Coalition (KO)","Civic Coalition (KO)",4,5,"unknowledgeable",3,5,3,5,4,3,NA,2,6,1,"democratic","lose",7,7,1,1,0,0,0,0,5,1
2876,"Law and Justice (PiS)","Law and Justice (PiS)",4,3,"knowledgeable",7,6,7,6,5,7,3,4,6,2,"undemocratic","win",7,7,1,1,0,0,0,0,7,1
2878,"Civic Coalition (KO)","Civic Coalition (KO)",5,6,"knowledgeable",5,7,7,3,7,2,5,4,7,4,"democratic","win",7,7,1,1,0,0,0,0,5,1
2880,"Law and Justice (PiS)","Law and Justice (PiS)",2,2,"unknowledgeable",5,5,7,5,5,2,1,4,4,1,"undemocratic","lose",5,5,7,3,0,-4,0,0,2,6
2881,"Law and Justice (PiS)","Law and Justice (PiS)",4,4,"unknowledgeable",4,7,3,7,4,4,6,4,4,3,"undemocratic","win",4,7,3,1,3,-2,0,0,7,4
2882,"Civic Coalition (KO)","Civic Coalition (KO)",5,5,"knowledgeable",7,6,7,4,4,4,4,4,5,2,"democratic","lose",4,7,4,5,3,1,0,0,5,4
2883,"Civic Coalition (KO)","Civic Coalition (KO)",4,4,"knowledgeable",5,3,4,5,5,4,3,4,6,3,"democratic","win",7,6,1,4,-1,3,0,0,4,2
2884,"Law and Justice (PiS)","Law and Justice (PiS)",7,7,"knowledgeable",6,5,3,4,5,4,4,6,6,5,"democratic","lose",7,7,3,2,0,-1,0,0,6,3
2885,"Civic Coalition (KO)","Civic Coalition (KO)",2,3,"knowledgeable",6,6,3,4,5,4,6,5,6,2,"undemocratic","lose",6,7,5,5,1,0,0,0,4,2
2886,"Civic Coalition (KO)","Civic Coalition (KO)",3,6,"knowledgeable",6,7,5,5,1,4,3,3,6,2,"undemocratic","lose",6,6,2,1,0,-1,0,0,5,1
2887,"Law and Justice (PiS)","Law and Justice (PiS)",4,4,"knowledgeable",5,5,5,4,4,4,NA,6,6,3,"undemocratic","win",7,7,1,1,0,0,0,0,6,1
2888,"Civic Coalition (KO)","Civic Coalition (KO)",4,4,"unknowledgeable",7,1,7,3,5,3,NA,1,7,2,"democratic","win",6,6,1,1,0,0,0,0,5,1
2889,"Law and Justice (PiS)","Law and Justice (PiS)",6,6,"unknowledgeable",5,5,4,4,4,4,3,4,6,3,"democratic","lose",7,7,2,5,0,3,0,0,5,3
2890,"Civic Coalition (KO)","Civic Coalition (KO)",4,4,"knowledgeable",5,5,5,5,5,5,3,4,6,4,"undemocratic","lose",7,7,1,1,0,0,0,0,5,1
2891,"Civic Coalition (KO)","Civic Coalition (KO)",7,7,"knowledgeable",7,7,7,5,7,4,5,4,7,2,"democratic","lose",5,7,1,1,2,0,0,0,2,1
2892,"Law and Justice (PiS)","Civic Coalition (KO)",1,1,"knowledgeable",7,5,7,5,6,7,5,6,6,3,"undemocratic","lose",6,5,5,6,-1,1,1,0,5,2
2893,"Civic Coalition (KO)","Civic Coalition (KO)",5,5,"knowledgeable",6,6,7,5,5,4,4,4,6,3,"undemocratic","win",6,6,1,1,0,0,0,0,4,1
2894,"Civic Coalition (KO)","Civic Coalition (KO)",6,7,"unknowledgeable",6,7,7,1,7,1,3,2,7,5,"democratic","lose",6,7,1,1,1,0,0,0,5,1
2895,"Civic Coalition (KO)","Civic Coalition (KO)",4,4,"knowledgeable",4,1,2,3,4,4,NA,5,4,2,"democratic","win",5,6,3,1,1,-2,0,0,5,1
2896,"Civic Coalition (KO)","Civic Coalition (KO)",4,4,"knowledgeable",6,5,5,2,5,3,1,2,6,5,"undemocratic","win",3,7,1,1,4,0,0,0,7,1
2897,"Law and Justice (PiS)","Law and Justice (PiS)",5,6,"unknowledgeable",7,6,6,3,7,5,5,4,7,3,"democratic","lose",6,7,4,2,1,-2,0,0,5,4
2898,"Civic Coalition (KO)","Civic Coalition (KO)",5,6,"knowledgeable",7,6,7,4,7,5,4,5,7,2,"democratic","win",6,6,1,1,0,0,0,0,3,1
2899,"Civic Coalition (KO)","Civic Coalition (KO)",4,5,"knowledgeable",7,7,7,6,7,7,6,3,6,2,"undemocratic","lose",6,5,1,1,-1,0,0,0,4,1
2900,"Civic Coalition (KO)","Abstain",4,4,"unknowledgeable",7,6,5,6,3,3,4,4,6,1,"democratic","win",5,4,4,4,-1,0,0,1,4,3
2901,"Civic Coalition (KO)","Civic Coalition (KO)",6,5,"knowledgeable",4,1,5,4,7,6,4,2,6,2,"undemocratic","lose",6,6,1,1,0,0,0,0,3,1
2902,"Law and Justice (PiS)","Law and Justice (PiS)",2,2,"knowledgeable",6,6,7,6,6,4,4,4,6,5,"undemocratic","lose",7,7,4,1,0,-3,0,0,6,2
2903,"Law and Justice (PiS)","Law and Justice (PiS)",4,4,"knowledgeable",7,6,7,6,4,7,4,4,6,2,"democratic","lose",4,4,4,4,0,0,0,0,3,1
2904,"Civic Coalition (KO)","Civic Coalition (KO)",5,5,"knowledgeable",7,7,7,1,7,1,4,2,7,5,"undemocratic","win",7,7,1,1,0,0,0,0,5,1
2905,"Law and Justice (PiS)","Law and Justice (PiS)",4,4,"knowledgeable",5,5,7,4,5,5,NA,7,6,1,"democratic","lose",4,4,4,4,0,0,0,0,3,1
2908,"Civic Coalition (KO)","Civic Coalition (KO)",4,5,"unknowledgeable",7,5,7,5,5,6,2,4,6,1,"democratic","win",6,6,5,5,0,0,0,0,4,3
2909,"Civic Coalition (KO)","Civic Coalition (KO)",2,2,"unknowledgeable",7,4,7,5,2,2,NA,3,6,5,"undemocratic","win",7,6,1,1,-1,0,0,0,6,2
2910,"Civic Coalition (KO)","Civic Coalition (KO)",6,5,"knowledgeable",7,5,7,5,2,3,1,4,7,5,"democratic","win",7,7,1,1,0,0,0,0,4,1
