dataset_doi,interactions,ml_het,hierarchical,variant,any_het,year,deposit_year
doi:10.7910/DVN/00CIUU,TRUE,FALSE,TRUE,as_published,TRUE,2020,2020
doi:10.7910/DVN/01HXNF,TRUE,FALSE,TRUE,as_published,TRUE,2023,2023
doi:10.7910/DVN/01LN9W,TRUE,FALSE,FALSE,as_published,TRUE,2017,2017
doi:10.7910/DVN/03CDTK,FALSE,FALSE,TRUE,as_published,TRUE,2018,2018
doi:10.7910/DVN/03MTMJ,TRUE,FALSE,TRUE,as_published,TRUE,2015,2015
doi:10.7910/DVN/06ITCK,TRUE,FALSE,TRUE,as_published,TRUE,2020,2020
doi:10.7910/DVN/082VIU,FALSE,FALSE,TRUE,as_published,TRUE,2021,2021
doi:10.7910/DVN/0BSMHG,FALSE,FALSE,TRUE,as_published,TRUE,2024,2024
doi:10.7910/DVN/0DCWT7,TRUE,FALSE,TRUE,as_published,TRUE,2022,2022
doi:10.7910/DVN/0DLNBL,TRUE,FALSE,FALSE,as_published,TRUE,2018,2018
doi:10.7910/DVN/0E9KON,FALSE,FALSE,FALSE,as_published,FALSE,2016,2016
doi:10.7910/DVN/0EIQXL,TRUE,FALSE,TRUE,as_published,TRUE,2020,2020
doi:10.7910/DVN/0MOPI4,TRUE,FALSE,TRUE,as_published,TRUE,2020,2020
doi:10.7910/DVN/0MXT0H,TRUE,FALSE,TRUE,as_published,TRUE,2020,2020
doi:10.7910/DVN/0ONBF6,TRUE,FALSE,FALSE,as_published,TRUE,2021,2021
doi:10.7910/DVN/0PY9EA,FALSE,FALSE,FALSE,as_published,FALSE,2023,2023
doi:10.7910/DVN/0QOVCH,FALSE,FALSE,FALSE,as_published,FALSE,2020,2020
doi:10.7910/DVN/0UTWWV,TRUE,FALSE,TRUE,as_published,TRUE,2022,2022
doi:10.7910/DVN/0XEUCP,FALSE,FALSE,TRUE,as_published,TRUE,2017,2017
doi:10.7910/DVN/0XS5NX,TRUE,TRUE,TRUE,as_published,TRUE,2021,2021
doi:10.7910/DVN/0Y1E2B,TRUE,FALSE,TRUE,as_published,TRUE,2020,2020
doi:10.7910/DVN/0Y8IKW,TRUE,FALSE,TRUE,as_published,TRUE,2022,2022
doi:10.7910/DVN/0YHJRG,TRUE,FALSE,TRUE,as_published,TRUE,2023,2023
doi:10.7910/DVN/10VFQX,FALSE,FALSE,FALSE,as_published,FALSE,2022,2022
doi:10.7910/DVN/14RSGX,TRUE,FALSE,TRUE,as_published,TRUE,2016,2016
doi:10.7910/DVN/16VWOB,FALSE,FALSE,FALSE,as_published,FALSE,2024,2024
doi:10.7910/DVN/18EH2Y,TRUE,FALSE,FALSE,as_published,TRUE,2020,2020
doi:10.7910/DVN/18XSG8,FALSE,FALSE,FALSE,as_published,FALSE,2021,2021
doi:10.7910/DVN/193ZDD,TRUE,FALSE,TRUE,as_published,TRUE,2015,2015
doi:10.7910/DVN/19FLXV,TRUE,FALSE,TRUE,as_published,TRUE,2020,2020
doi:10.7910/DVN/19FSQZ,FALSE,FALSE,FALSE,as_published,FALSE,2019,2019
doi:10.7910/DVN/1CKNTW,FALSE,FALSE,TRUE,as_published,TRUE,2018,2018
doi:10.7910/DVN/1CNMHF,TRUE,FALSE,TRUE,as_published,TRUE,2021,2021
doi:10.7910/DVN/1E8HF3,TRUE,FALSE,TRUE,as_published,TRUE,2024,2024
doi:10.7910/DVN/1GLFE1,FALSE,FALSE,FALSE,as_published,FALSE,2017,2017
doi:10.7910/DVN/1HNIFT,TRUE,FALSE,TRUE,as_published,TRUE,2018,2018
doi:10.7910/DVN/1HOVTU,TRUE,FALSE,FALSE,as_published,TRUE,2016,2016
doi:10.7910/DVN/1L325J,TRUE,FALSE,FALSE,as_published,TRUE,2024,2024
doi:10.7910/DVN/1OPRYA,TRUE,FALSE,TRUE,as_published,TRUE,2023,2023
doi:10.7910/DVN/1QZ0JZ,FALSE,FALSE,TRUE,as_published,TRUE,2017,2017
doi:10.7910/DVN/1SQ68U,TRUE,FALSE,FALSE,as_published,TRUE,2021,2021
doi:10.7910/DVN/1SU7J4,TRUE,FALSE,TRUE,as_published,TRUE,2023,2023
doi:10.7910/DVN/1U5WZT,TRUE,FALSE,TRUE,as_published,TRUE,2017,2017
doi:10.7910/DVN/1UZGWL,FALSE,FALSE,TRUE,as_published,TRUE,2024,2024
doi:10.7910/DVN/1Y2DLT,TRUE,FALSE,TRUE,as_published,TRUE,2020,2020
doi:10.7910/DVN/1YK9ON,FALSE,FALSE,FALSE,as_published,FALSE,2013,2015
doi:10.7910/DVN/1ZOEEX,FALSE,FALSE,TRUE,as_published,TRUE,2018,2018
doi:10.7910/DVN/22976,FALSE,FALSE,TRUE,as_published,TRUE,2013,2015
doi:10.7910/DVN/23063,FALSE,FALSE,TRUE,as_published,TRUE,2013,2015
doi:10.7910/DVN/23302,FALSE,FALSE,FALSE,as_published,FALSE,2013,2015
doi:10.7910/DVN/23402,FALSE,FALSE,FALSE,as_published,FALSE,2013,2013
doi:10.7910/DVN/23818,TRUE,FALSE,TRUE,as_published,TRUE,2013,2015
doi:10.7910/DVN/23851,FALSE,FALSE,FALSE,as_published,FALSE,2013,2015
doi:10.7910/DVN/23958,FALSE,FALSE,FALSE,as_published,FALSE,2013,2015
doi:10.7910/DVN/23972,FALSE,FALSE,TRUE,as_published,TRUE,2013,2015
doi:10.7910/DVN/24128,FALSE,FALSE,FALSE,as_published,FALSE,2014,2015
doi:10.7910/DVN/24220,FALSE,FALSE,TRUE,as_published,TRUE,2014,2015
doi:10.7910/DVN/24387,FALSE,FALSE,FALSE,as_published,FALSE,2014,2015
doi:10.7910/DVN/24506,TRUE,FALSE,FALSE,as_published,TRUE,2014,2015
doi:10.7910/DVN/24591,FALSE,FALSE,FALSE,as_published,FALSE,2014,2015
doi:10.7910/DVN/24714,FALSE,FALSE,FALSE,as_published,FALSE,2014,2015
doi:10.7910/DVN/24789,FALSE,FALSE,TRUE,as_published,TRUE,2014,2015
doi:10.7910/DVN/24800,TRUE,FALSE,TRUE,as_published,TRUE,2014,2015
doi:10.7910/DVN/24827,FALSE,FALSE,FALSE,as_published,FALSE,2014,2015
doi:10.7910/DVN/24859,FALSE,FALSE,FALSE,as_published,FALSE,2014,2015
doi:10.7910/DVN/24937,FALSE,FALSE,TRUE,as_published,TRUE,2014,2015
doi:10.7910/DVN/24975,FALSE,FALSE,FALSE,as_published,FALSE,2014,2015
doi:10.7910/DVN/25302,FALSE,FALSE,TRUE,as_published,TRUE,2014,2015
doi:10.7910/DVN/25423,FALSE,FALSE,FALSE,as_published,FALSE,2014,2015
doi:10.7910/DVN/25505,FALSE,FALSE,TRUE,as_published,TRUE,2014,2015
doi:10.7910/DVN/25531,FALSE,FALSE,TRUE,as_published,TRUE,2014,2015
doi:10.7910/DVN/25540,FALSE,FALSE,FALSE,as_published,FALSE,2014,2015
doi:10.7910/DVN/25615,FALSE,FALSE,TRUE,as_published,TRUE,2014,2015
doi:10.7910/DVN/25707,FALSE,FALSE,FALSE,as_published,FALSE,2014,2015
doi:10.7910/DVN/26457,FALSE,FALSE,TRUE,as_published,TRUE,2014,2015
doi:10.7910/DVN/26461,TRUE,FALSE,FALSE,as_published,TRUE,2014,2015
doi:10.7910/DVN/26522,FALSE,FALSE,FALSE,as_published,FALSE,2014,2015
doi:10.7910/DVN/26544,FALSE,FALSE,TRUE,as_published,TRUE,2014,2015
doi:10.7910/DVN/26570,TRUE,FALSE,TRUE,as_published,TRUE,2014,2015
doi:10.7910/DVN/26584,FALSE,FALSE,TRUE,as_published,TRUE,2014,2016
doi:10.7910/DVN/26586,TRUE,FALSE,FALSE,as_published,TRUE,2014,2015
doi:10.7910/DVN/26612,FALSE,FALSE,TRUE,as_published,TRUE,2014,2022
doi:10.7910/DVN/26642,FALSE,FALSE,FALSE,as_published,FALSE,2014,2015
doi:10.7910/DVN/26714,TRUE,FALSE,TRUE,as_published,TRUE,2014,2015
doi:10.7910/DVN/26721,FALSE,FALSE,FALSE,as_published,FALSE,2014,2015
doi:10.7910/DVN/26936,TRUE,FALSE,FALSE,as_published,TRUE,2014,2015
doi:10.7910/DVN/26937,FALSE,FALSE,TRUE,as_published,TRUE,2014,2014
doi:10.7910/DVN/26P4MC,TRUE,FALSE,TRUE,as_published,TRUE,2024,2024
doi:10.7910/DVN/27113,FALSE,FALSE,FALSE,as_published,FALSE,2014,2015
doi:10.7910/DVN/27176,FALSE,FALSE,FALSE,as_published,FALSE,2014,2014
doi:10.7910/DVN/27192,TRUE,FALSE,TRUE,as_published,TRUE,2014,2014
doi:10.7910/DVN/27217,TRUE,FALSE,TRUE,as_published,TRUE,2014,2015
doi:10.7910/DVN/27293,FALSE,FALSE,FALSE,as_published,FALSE,2014,2015
doi:10.7910/DVN/27371,FALSE,FALSE,FALSE,as_published,FALSE,2014,2015
doi:10.7910/DVN/27512,TRUE,FALSE,TRUE,as_published,TRUE,2014,2015
doi:10.7910/DVN/27597,FALSE,FALSE,FALSE,as_published,FALSE,2014,2015
doi:10.7910/DVN/27624,FALSE,FALSE,FALSE,as_published,FALSE,2014,2015
doi:10.7910/DVN/27631,TRUE,FALSE,TRUE,as_published,TRUE,2014,2015
doi:10.7910/DVN/27662,TRUE,FALSE,FALSE,as_published,TRUE,2014,2015
doi:10.7910/DVN/27672,TRUE,FALSE,TRUE,as_published,TRUE,2014,2016
doi:10.7910/DVN/28158,TRUE,FALSE,TRUE,as_published,TRUE,2014,2014
doi:10.7910/DVN/28582,FALSE,FALSE,FALSE,as_published,FALSE,2015,2015
doi:10.7910/DVN/28640,FALSE,FALSE,TRUE,as_published,TRUE,2015,2015
doi:10.7910/DVN/28750,FALSE,FALSE,FALSE,as_published,FALSE,2015,2015
doi:10.7910/DVN/28856,FALSE,FALSE,TRUE,as_published,TRUE,2015,2015
doi:10.7910/DVN/28870,TRUE,FALSE,TRUE,as_published,TRUE,2015,2015
doi:10.7910/DVN/28929,FALSE,FALSE,FALSE,as_published,FALSE,2015,2015
doi:10.7910/DVN/28930,FALSE,FALSE,TRUE,as_published,TRUE,2015,2015
doi:10.7910/DVN/29026,FALSE,FALSE,FALSE,as_published,FALSE,2015,2015
doi:10.7910/DVN/29040,TRUE,FALSE,TRUE,as_published,TRUE,2015,2019
doi:10.7910/DVN/29076,FALSE,FALSE,FALSE,as_published,FALSE,2015,2015
doi:10.7910/DVN/29080,FALSE,FALSE,FALSE,as_published,FALSE,2015,2015
doi:10.7910/DVN/29095,FALSE,FALSE,TRUE,as_published,TRUE,2015,2018
doi:10.7910/DVN/29098,FALSE,FALSE,FALSE,as_published,FALSE,2015,2015
doi:10.7910/DVN/29101,FALSE,FALSE,TRUE,as_published,TRUE,2015,2015
doi:10.7910/DVN/29108,TRUE,FALSE,FALSE,as_published,TRUE,2015,2015
doi:10.7910/DVN/29117,FALSE,FALSE,FALSE,as_published,FALSE,2015,2015
doi:10.7910/DVN/29129,FALSE,FALSE,FALSE,as_published,FALSE,2015,2015
doi:10.7910/DVN/29179,FALSE,FALSE,FALSE,as_published,FALSE,2015,2015
doi:10.7910/DVN/29205,TRUE,FALSE,TRUE,as_published,TRUE,2015,2015
doi:10.7910/DVN/29242,TRUE,FALSE,FALSE,as_published,TRUE,2015,2015
doi:10.7910/DVN/29286,TRUE,FALSE,FALSE,as_published,TRUE,2015,2015
doi:10.7910/DVN/29314,FALSE,FALSE,TRUE,as_published,TRUE,2015,2015
doi:10.7910/DVN/29375,FALSE,FALSE,TRUE,as_published,TRUE,2015,2015
doi:10.7910/DVN/29379,TRUE,FALSE,TRUE,as_published,TRUE,2015,2015
doi:10.7910/DVN/29405,TRUE,FALSE,TRUE,as_published,TRUE,2015,2015
doi:10.7910/DVN/29427,TRUE,FALSE,TRUE,as_published,TRUE,2015,2015
doi:10.7910/DVN/29487,TRUE,FALSE,FALSE,as_published,TRUE,2015,2015
doi:10.7910/DVN/29566,TRUE,FALSE,TRUE,as_published,TRUE,2015,2015
doi:10.7910/DVN/29591,FALSE,FALSE,FALSE,as_published,FALSE,2015,2015
doi:10.7910/DVN/29743,FALSE,FALSE,FALSE,as_published,FALSE,2015,2015
doi:10.7910/DVN/29911,FALSE,FALSE,TRUE,as_published,TRUE,2015,2020
doi:10.7910/DVN/2CITBJ,TRUE,FALSE,TRUE,as_published,TRUE,2020,2020
doi:10.7910/DVN/2CLJPA,TRUE,FALSE,TRUE,as_published,TRUE,2019,2019
doi:10.7910/DVN/2CS1VF,TRUE,FALSE,TRUE,as_published,TRUE,2018,2018
doi:10.7910/DVN/2CVG5E,TRUE,FALSE,TRUE,as_published,TRUE,2024,2024
doi:10.7910/DVN/2DCQZV,TRUE,FALSE,FALSE,as_published,TRUE,2020,2020
doi:10.7910/DVN/2E2M9Z,TRUE,FALSE,TRUE,as_published,TRUE,2018,2018
doi:10.7910/DVN/2E4MOZ,TRUE,FALSE,TRUE,as_published,TRUE,2023,2023
doi:10.7910/DVN/2IFZR9,FALSE,FALSE,FALSE,as_published,FALSE,2022,2022
doi:10.7910/DVN/2IVKXD,FALSE,FALSE,FALSE,as_published,FALSE,2021,2021
doi:10.7910/DVN/2JKWNS,TRUE,FALSE,TRUE,as_published,TRUE,2021,2021
doi:10.7910/DVN/2JVEEE,FALSE,FALSE,FALSE,as_published,FALSE,2016,2016
doi:10.7910/DVN/2KAQO1,TRUE,FALSE,TRUE,as_published,TRUE,2024,2024
doi:10.7910/DVN/2LH0BZ,TRUE,FALSE,TRUE,as_published,TRUE,2021,2021
doi:10.7910/DVN/2O7CN0,TRUE,FALSE,TRUE,as_published,TRUE,2018,2018
doi:10.7910/DVN/2OFTAW,FALSE,FALSE,TRUE,as_published,TRUE,2017,2017
doi:10.7910/DVN/2THQJN,FALSE,FALSE,TRUE,as_published,TRUE,2022,2022
doi:10.7910/DVN/2UFPMP,FALSE,FALSE,FALSE,as_published,FALSE,2018,2018
doi:10.7910/DVN/2UUQ25,TRUE,FALSE,TRUE,as_published,TRUE,2018,2018
doi:10.7910/DVN/2VF2J0,TRUE,FALSE,TRUE,as_published,TRUE,2018,2018
doi:10.7910/DVN/2VHCON,TRUE,FALSE,FALSE,as_published,TRUE,2022,2022
doi:10.7910/DVN/2WRQWZ,TRUE,FALSE,TRUE,as_published,TRUE,2024,2024
doi:10.7910/DVN/2XO7HR,TRUE,FALSE,FALSE,as_published,TRUE,2020,2020
doi:10.7910/DVN/2XP8YF,FALSE,FALSE,TRUE,as_published,TRUE,2016,2016
doi:10.7910/DVN/2YA2VU,TRUE,FALSE,TRUE,as_published,TRUE,2024,2024
doi:10.7910/DVN/2YQX37,FALSE,FALSE,FALSE,as_published,FALSE,2016,2016
doi:10.7910/DVN/33K3EF,TRUE,FALSE,TRUE,as_published,TRUE,2020,2020
doi:10.7910/DVN/361LGD,TRUE,TRUE,TRUE,as_published,TRUE,2024,2024
doi:10.7910/DVN/383K6K,FALSE,FALSE,FALSE,as_published,FALSE,2020,2020
doi:10.7910/DVN/38BFML,TRUE,FALSE,TRUE,as_published,TRUE,2019,2019
doi:10.7910/DVN/3ADWK8,TRUE,FALSE,TRUE,as_published,TRUE,2020,2020
doi:10.7910/DVN/3AOBP2,TRUE,FALSE,TRUE,as_published,TRUE,2022,2022
doi:10.7910/DVN/3DK6JA,TRUE,FALSE,TRUE,as_published,TRUE,2018,2018
doi:10.7910/DVN/3DRQOB,TRUE,FALSE,TRUE,as_published,TRUE,2021,2021
doi:10.7910/DVN/3DVZYY,FALSE,FALSE,TRUE,as_published,TRUE,2020,2020
doi:10.7910/DVN/3E7JXB,TRUE,FALSE,FALSE,as_published,TRUE,2021,2021
doi:10.7910/DVN/3EKRSI,FALSE,TRUE,FALSE,as_published,TRUE,2022,2022
doi:10.7910/DVN/3EONKV,FALSE,FALSE,TRUE,as_published,TRUE,2018,2018
doi:10.7910/DVN/3FGLKN,FALSE,FALSE,FALSE,as_published,FALSE,2024,2024
doi:10.7910/DVN/3FNP7Q,FALSE,FALSE,TRUE,as_published,TRUE,2024,2024
doi:10.7910/DVN/3GZMQW,TRUE,FALSE,FALSE,as_published,TRUE,2021,2021
doi:10.7910/DVN/3KOQWQ,FALSE,FALSE,TRUE,as_published,TRUE,2018,2018
doi:10.7910/DVN/3M9OD8,FALSE,FALSE,FALSE,as_published,FALSE,2015,2015
doi:10.7910/DVN/3QNR8Q,FALSE,FALSE,FALSE,as_published,FALSE,2018,2018
doi:10.7910/DVN/3RA7YG,FALSE,FALSE,FALSE,as_published,FALSE,2016,2016
doi:10.7910/DVN/3RNFFH,FALSE,FALSE,FALSE,as_published,FALSE,2019,2019
doi:10.7910/DVN/3RR5RJ,FALSE,FALSE,TRUE,as_published,TRUE,2023,2023
doi:10.7910/DVN/3RWCPB,TRUE,FALSE,TRUE,as_published,TRUE,2022,2022
doi:10.7910/DVN/3TTQL2,FALSE,FALSE,TRUE,as_published,TRUE,2018,2018
doi:10.7910/DVN/3TZAEB,FALSE,FALSE,FALSE,as_published,FALSE,2024,2024
doi:10.7910/DVN/3VFVS7,FALSE,FALSE,TRUE,as_published,TRUE,2023,2023
doi:10.7910/DVN/4DUB7X,TRUE,FALSE,TRUE,as_published,TRUE,2023,2023
doi:10.7910/DVN/4EZPKF,TRUE,FALSE,TRUE,as_published,TRUE,2022,2022
doi:10.7910/DVN/4FCVUR,FALSE,FALSE,FALSE,as_published,FALSE,2015,2015
doi:10.7910/DVN/4G2DBT,FALSE,FALSE,TRUE,as_published,TRUE,2017,2017
doi:10.7910/DVN/4KFU8S,FALSE,FALSE,TRUE,as_published,TRUE,2019,2019
doi:10.7910/DVN/4LWC1R,FALSE,FALSE,FALSE,as_published,FALSE,2020,2020
doi:10.7910/DVN/4LZXTY,TRUE,FALSE,TRUE,as_published,TRUE,2015,2015
doi:10.7910/DVN/4M0HEN,TRUE,FALSE,TRUE,as_published,TRUE,2020,2020
doi:10.7910/DVN/4MOTFS,FALSE,FALSE,TRUE,as_published,TRUE,2024,2024
doi:10.7910/DVN/4MZQYH,FALSE,FALSE,FALSE,as_published,FALSE,2022,2022
doi:10.7910/DVN/4NEPI7,TRUE,FALSE,TRUE,as_published,TRUE,2020,2020
doi:10.7910/DVN/4P2JA3,FALSE,FALSE,FALSE,as_published,FALSE,2021,2021
doi:10.7910/DVN/4QQHW7,TRUE,FALSE,TRUE,as_published,TRUE,2024,2024
doi:10.7910/DVN/4QRUPR,TRUE,FALSE,TRUE,as_published,TRUE,2017,2017
doi:10.7910/DVN/4RQWXW,FALSE,FALSE,TRUE,as_published,TRUE,2020,2021
doi:10.7910/DVN/4T7Q6U,TRUE,FALSE,FALSE,as_published,TRUE,2024,2024
doi:10.7910/DVN/4UOQUR,TRUE,FALSE,TRUE,as_published,TRUE,2023,2023
doi:10.7910/DVN/4VCBQB,TRUE,FALSE,TRUE,as_published,TRUE,2020,2020
doi:10.7910/DVN/4VHZWW,TRUE,FALSE,TRUE,as_published,TRUE,2021,2021
doi:10.7910/DVN/4WNEE9,TRUE,FALSE,TRUE,as_published,TRUE,2020,2020
doi:10.7910/DVN/4XI0UG,FALSE,FALSE,FALSE,as_published,FALSE,2017,2017
doi:10.7910/DVN/4ZTDMU,FALSE,FALSE,TRUE,as_published,TRUE,2023,2023
doi:10.7910/DVN/56EZPS,FALSE,FALSE,FALSE,as_published,FALSE,2017,2017
doi:10.7910/DVN/57QESD,TRUE,FALSE,FALSE,as_published,TRUE,2020,2020
doi:10.7910/DVN/5AN3RU,TRUE,FALSE,FALSE,as_published,TRUE,2017,2017
doi:10.7910/DVN/5CNOTD,TRUE,FALSE,FALSE,as_published,TRUE,2023,2023
doi:10.7910/DVN/5CVUVU,FALSE,FALSE,FALSE,as_published,FALSE,2013,2015
doi:10.7910/DVN/5CYWWF,TRUE,FALSE,TRUE,as_published,TRUE,2019,2019
doi:10.7910/DVN/5DHMYI,FALSE,FALSE,FALSE,as_published,FALSE,2023,2024
doi:10.7910/DVN/5E3D0F,TRUE,FALSE,FALSE,as_published,TRUE,2023,2023
doi:10.7910/DVN/5GP5SI,TRUE,FALSE,FALSE,as_published,TRUE,2023,2023
doi:10.7910/DVN/5H1HFF,TRUE,FALSE,TRUE,as_published,TRUE,2018,2018
doi:10.7910/DVN/5HEB4I,TRUE,FALSE,TRUE,as_published,TRUE,2015,2015
doi:10.7910/DVN/5HXT8K,FALSE,FALSE,FALSE,as_published,FALSE,2021,2021
doi:10.7910/DVN/5JLGEL,TRUE,FALSE,TRUE,as_published,TRUE,2018,2018
doi:10.7910/DVN/5K89TG,TRUE,FALSE,TRUE,as_published,TRUE,2023,2023
doi:10.7910/DVN/5KC1FM,FALSE,FALSE,TRUE,as_published,TRUE,2024,2024
doi:10.7910/DVN/5M10KG,FALSE,FALSE,TRUE,as_published,TRUE,2022,2022
doi:10.7910/DVN/5MAQC2,TRUE,FALSE,FALSE,as_published,TRUE,2020,2020
doi:10.7910/DVN/5O3EOW,TRUE,FALSE,TRUE,as_published,TRUE,2022,2024
doi:10.7910/DVN/5OUHOW,TRUE,FALSE,TRUE,as_published,TRUE,2024,2024
doi:10.7910/DVN/5PEQSS,TRUE,FALSE,TRUE,as_published,TRUE,2022,2022
doi:10.7910/DVN/5QBS9A,TRUE,FALSE,TRUE,as_published,TRUE,2020,2020
doi:10.7910/DVN/5S1HRF,FALSE,FALSE,TRUE,as_published,TRUE,2020,2020
doi:10.7910/DVN/5TWA0G,FALSE,FALSE,FALSE,as_published,FALSE,2015,2015
doi:10.7910/DVN/5UEEU2,TRUE,FALSE,FALSE,as_published,TRUE,2020,2020
doi:10.7910/DVN/5UMCKK,TRUE,FALSE,TRUE,as_published,TRUE,2017,2017
doi:10.7910/DVN/5XG84N,TRUE,FALSE,TRUE,as_published,TRUE,2022,2022
doi:10.7910/DVN/61JJI3,FALSE,FALSE,TRUE,as_published,TRUE,2017,2017
doi:10.7910/DVN/61JSZQ,TRUE,FALSE,FALSE,as_published,TRUE,2017,2017
doi:10.7910/DVN/64HPWB,TRUE,FALSE,TRUE,as_published,TRUE,2022,2022
doi:10.7910/DVN/66XBA5,TRUE,FALSE,TRUE,as_published,TRUE,2020,2020
doi:10.7910/DVN/6A2J2T,FALSE,FALSE,FALSE,as_published,FALSE,2018,2018
doi:10.7910/DVN/6AAGM9,FALSE,FALSE,TRUE,as_published,TRUE,2020,2020
doi:10.7910/DVN/6EBCGA,FALSE,FALSE,FALSE,as_published,FALSE,2013,2015
doi:10.7910/DVN/6FHV5B,FALSE,FALSE,FALSE,as_published,FALSE,2024,2024
doi:10.7910/DVN/6IO5ET,FALSE,FALSE,FALSE,as_published,FALSE,2015,2015
doi:10.7910/DVN/6IOACK,FALSE,FALSE,FALSE,as_published,FALSE,2018,2018
doi:10.7910/DVN/6IRAEM,FALSE,FALSE,FALSE,as_published,FALSE,2021,2021
doi:10.7910/DVN/6KPFOK,TRUE,FALSE,TRUE,as_published,TRUE,2019,2019
doi:10.7910/DVN/6N2PN4,FALSE,FALSE,FALSE,as_published,FALSE,2016,2016
doi:10.7910/DVN/6NDYHC,FALSE,FALSE,TRUE,as_published,TRUE,2018,2018
doi:10.7910/DVN/6OKNOY,TRUE,FALSE,TRUE,as_published,TRUE,2023,2023
doi:10.7910/DVN/6RL6ID,TRUE,FALSE,TRUE,as_published,TRUE,2024,2024
doi:10.7910/DVN/6SRI9K,TRUE,FALSE,TRUE,as_published,TRUE,2020,2020
doi:10.7910/DVN/6TFUSP,FALSE,FALSE,FALSE,as_published,FALSE,2013,2015
doi:10.7910/DVN/6VJ2WK,FALSE,FALSE,FALSE,as_published,FALSE,2023,2023
doi:10.7910/DVN/6WBQ7U,FALSE,FALSE,TRUE,as_published,TRUE,2016,2016
doi:10.7910/DVN/6XGUWQ,TRUE,FALSE,FALSE,as_published,TRUE,2021,2021
doi:10.7910/DVN/6YNZTE,FALSE,FALSE,TRUE,as_published,TRUE,2019,2019
doi:10.7910/DVN/70UDEG,TRUE,TRUE,TRUE,as_published,TRUE,2023,2023
doi:10.7910/DVN/7190MT,TRUE,FALSE,TRUE,as_published,TRUE,2018,2018
doi:10.7910/DVN/74QEO9,TRUE,FALSE,TRUE,as_published,TRUE,2023,2023
doi:10.7910/DVN/78JPNJ,TRUE,FALSE,TRUE,as_published,TRUE,2018,2018
doi:10.7910/DVN/79RI4R,TRUE,FALSE,TRUE,as_published,TRUE,2020,2020
doi:10.7910/DVN/7C5RYJ,TRUE,FALSE,TRUE,as_published,TRUE,2023,2023
doi:10.7910/DVN/7D48YB,TRUE,FALSE,TRUE,as_published,TRUE,2015,2015
doi:10.7910/DVN/7EWDRF,FALSE,FALSE,FALSE,as_published,FALSE,2018,2018
doi:10.7910/DVN/7GPSCA,TRUE,FALSE,TRUE,as_published,TRUE,2020,2020
doi:10.7910/DVN/7JFVQI,TRUE,FALSE,TRUE,as_published,TRUE,2022,2022
doi:10.7910/DVN/7KSNCE,TRUE,FALSE,TRUE,as_published,TRUE,2015,2015
doi:10.7910/DVN/7M6NIP,FALSE,TRUE,TRUE,as_published,TRUE,2021,2021
doi:10.7910/DVN/7NP2XH,FALSE,FALSE,TRUE,as_published,TRUE,2020,2020
doi:10.7910/DVN/7PZHF6,TRUE,FALSE,TRUE,as_published,TRUE,2020,2020
doi:10.7910/DVN/7Q9ZSR,TRUE,TRUE,TRUE,as_published,TRUE,2017,2017
doi:10.7910/DVN/7SYM1H,TRUE,FALSE,TRUE,as_published,TRUE,2021,2021
doi:10.7910/DVN/7TEE2R,TRUE,FALSE,TRUE,as_published,TRUE,2023,2023
doi:10.7910/DVN/7UBRAC,FALSE,FALSE,TRUE,as_published,TRUE,2018,2018
doi:10.7910/DVN/7UOT14,TRUE,FALSE,FALSE,as_published,TRUE,2023,2023
doi:10.7910/DVN/7WUTWA,TRUE,FALSE,FALSE,as_published,TRUE,2021,2021
doi:10.7910/DVN/7YEK7H,FALSE,FALSE,FALSE,as_published,FALSE,2015,2015
doi:10.7910/DVN/7ZVSYO,TRUE,FALSE,TRUE,as_published,TRUE,2019,2019
doi:10.7910/DVN/85RL5E,FALSE,FALSE,FALSE,as_published,FALSE,2019,2019
doi:10.7910/DVN/87TSER,TRUE,FALSE,TRUE,as_published,TRUE,2024,2024
doi:10.7910/DVN/88FIAR,FALSE,FALSE,FALSE,as_published,FALSE,2016,2016
doi:10.7910/DVN/88XL3K,TRUE,FALSE,FALSE,as_published,TRUE,2023,2023
doi:10.7910/DVN/8B31FG,TRUE,FALSE,FALSE,as_published,TRUE,2020,2020
doi:10.7910/DVN/8GABL3,TRUE,FALSE,TRUE,as_published,TRUE,2019,2019
doi:10.7910/DVN/8GEYKS,FALSE,FALSE,TRUE,as_published,TRUE,2015,2015
doi:10.7910/DVN/8GNMUY,TRUE,FALSE,TRUE,as_published,TRUE,2023,2023
doi:10.7910/DVN/8HFVU8,TRUE,FALSE,TRUE,as_published,TRUE,2019,2019
doi:10.7910/DVN/8I6NOT,TRUE,FALSE,TRUE,as_published,TRUE,2021,2021
doi:10.7910/DVN/8JFNSN,TRUE,FALSE,TRUE,as_published,TRUE,2021,2021
doi:10.7910/DVN/8JHA2X,FALSE,FALSE,TRUE,as_published,TRUE,2019,2019
doi:10.7910/DVN/8JW4Q7,TRUE,FALSE,TRUE,as_published,TRUE,2018,2018
doi:10.7910/DVN/8KNF3I,TRUE,FALSE,TRUE,as_published,TRUE,2019,2019
doi:10.7910/DVN/8L1SHV,TRUE,FALSE,TRUE,as_published,TRUE,2020,2020
doi:10.7910/DVN/8LDZFF,FALSE,FALSE,FALSE,as_published,FALSE,2016,2016
doi:10.7910/DVN/8LKROK,TRUE,FALSE,TRUE,as_published,TRUE,2020,2020
doi:10.7910/DVN/8LQZW9,TRUE,FALSE,FALSE,as_published,TRUE,2022,2022
doi:10.7910/DVN/8LXNQK,FALSE,FALSE,TRUE,as_published,TRUE,2021,2021
doi:10.7910/DVN/8MV984,FALSE,FALSE,FALSE,as_published,FALSE,2020,2020
doi:10.7910/DVN/8OKVHY,TRUE,FALSE,TRUE,as_published,TRUE,2018,2018
doi:10.7910/DVN/8PIIAI,TRUE,FALSE,TRUE,as_published,TRUE,2019,2019
doi:10.7910/DVN/8PVW9D,FALSE,FALSE,FALSE,as_published,FALSE,2016,2016
doi:10.7910/DVN/8R3LTP,FALSE,FALSE,TRUE,as_published,TRUE,2018,2018
doi:10.7910/DVN/8SIOKU,TRUE,FALSE,TRUE,as_published,TRUE,2022,2022
doi:10.7910/DVN/8SR1GY,FALSE,FALSE,TRUE,as_published,TRUE,2017,2017
doi:10.7910/DVN/8VBGXO,TRUE,FALSE,TRUE,as_published,TRUE,2020,2020
doi:10.7910/DVN/8WGX9H,FALSE,FALSE,FALSE,as_published,FALSE,2024,2024
doi:10.7910/DVN/8WZ793,TRUE,FALSE,TRUE,as_published,TRUE,2020,2020
doi:10.7910/DVN/8X77JA,TRUE,FALSE,FALSE,as_published,TRUE,2024,2024
doi:10.7910/DVN/8XPBSA,TRUE,FALSE,TRUE,as_published,TRUE,2016,2016
doi:10.7910/DVN/8XT86F,TRUE,FALSE,FALSE,as_published,TRUE,2020,2020
doi:10.7910/DVN/8YPPLM,FALSE,FALSE,TRUE,as_published,TRUE,2018,2018
doi:10.7910/DVN/8ZJBLI,FALSE,FALSE,TRUE,as_published,TRUE,2018,2018
doi:10.7910/DVN/8ZT2ID,TRUE,FALSE,TRUE,as_published,TRUE,2020,2020
doi:10.7910/DVN/8ZTQNM,FALSE,FALSE,TRUE,as_published,TRUE,2020,2020
doi:10.7910/DVN/92SKA2,FALSE,FALSE,TRUE,as_published,TRUE,2017,2017
doi:10.7910/DVN/93GVWI,TRUE,FALSE,FALSE,as_published,TRUE,2020,2020
doi:10.7910/DVN/96H4DV,FALSE,FALSE,FALSE,as_published,FALSE,2017,2017
doi:10.7910/DVN/96KNLB,FALSE,FALSE,FALSE,as_published,FALSE,2013,2015
doi:10.7910/DVN/96WYRS,FALSE,FALSE,FALSE,as_published,FALSE,2015,2015
doi:10.7910/DVN/97KSIK,FALSE,FALSE,TRUE,as_published,TRUE,2023,2023
doi:10.7910/DVN/98WHCF,FALSE,FALSE,FALSE,as_published,FALSE,2023,2023
doi:10.7910/DVN/99NXTT,FALSE,FALSE,FALSE,as_published,FALSE,2016,2016
doi:10.7910/DVN/9AMKHL,FALSE,FALSE,TRUE,as_published,TRUE,2020,2020
doi:10.7910/DVN/9AWUYJ,FALSE,FALSE,TRUE,as_published,TRUE,2017,2017
doi:10.7910/DVN/9B8HQN,FALSE,FALSE,TRUE,as_published,TRUE,2019,2019
doi:10.7910/DVN/9CEQKX,FALSE,FALSE,FALSE,as_published,FALSE,2021,2021
doi:10.7910/DVN/9D1L1V,TRUE,FALSE,FALSE,as_published,TRUE,2022,2022
doi:10.7910/DVN/9ERCTY,TRUE,FALSE,FALSE,as_published,TRUE,2020,2020
doi:10.7910/DVN/9F0SMU,TRUE,FALSE,TRUE,as_published,TRUE,2019,2019
doi:10.7910/DVN/9FUPQQ,TRUE,FALSE,TRUE,as_published,TRUE,2024,2024
doi:10.7910/DVN/9GSJ6V,TRUE,FALSE,TRUE,as_published,TRUE,2022,2022
doi:10.7910/DVN/9H3DFP,FALSE,FALSE,TRUE,as_published,TRUE,2022,2022
doi:10.7910/DVN/9IKGYY,FALSE,FALSE,TRUE,as_published,TRUE,2018,2018
doi:10.7910/DVN/9JS5AJ,TRUE,FALSE,TRUE,as_published,TRUE,2022,2022
doi:10.7910/DVN/9JWDKK,TRUE,TRUE,TRUE,as_published,TRUE,2024,2024
doi:10.7910/DVN/9LWQKQ,FALSE,FALSE,TRUE,as_published,TRUE,2024,2024
doi:10.7910/DVN/9MQDK7,TRUE,FALSE,TRUE,as_published,TRUE,2021,2021
doi:10.7910/DVN/9NYAP7,FALSE,FALSE,FALSE,as_published,FALSE,2019,2019
doi:10.7910/DVN/9OK6RH,TRUE,FALSE,FALSE,as_published,TRUE,2020,2020
doi:10.7910/DVN/9OOLQ7,TRUE,FALSE,TRUE,as_published,TRUE,2015,2015
doi:10.7910/DVN/9PWJ3Y,FALSE,FALSE,TRUE,as_published,TRUE,2024,2024
doi:10.7910/DVN/9PXU5U,TRUE,FALSE,TRUE,as_published,TRUE,2024,2024
doi:10.7910/DVN/9QJVJ1,FALSE,FALSE,TRUE,as_published,TRUE,2024,2024
doi:10.7910/DVN/9QSQIW,TRUE,FALSE,TRUE,as_published,TRUE,2021,2021
doi:10.7910/DVN/9QUMY3,TRUE,FALSE,TRUE,as_published,TRUE,2020,2020
doi:10.7910/DVN/9RTI0V,FALSE,FALSE,TRUE,as_published,TRUE,2015,2015
doi:10.7910/DVN/9SF3TI,FALSE,FALSE,TRUE,as_published,TRUE,2019,2019
doi:10.7910/DVN/9TCK0G,FALSE,FALSE,FALSE,as_published,FALSE,2021,2021
doi:10.7910/DVN/9TPNOT,FALSE,FALSE,FALSE,as_published,FALSE,2015,2015
doi:10.7910/DVN/9U6QXP,TRUE,FALSE,FALSE,as_published,TRUE,2016,2016
doi:10.7910/DVN/9UXYCQ,TRUE,FALSE,TRUE,as_published,TRUE,2024,2024
doi:10.7910/DVN/9WNYEU,FALSE,FALSE,TRUE,as_published,TRUE,2018,2018
doi:10.7910/DVN/9XPV4I,FALSE,FALSE,TRUE,as_published,TRUE,2023,2023
doi:10.7910/DVN/9ZYFBX,FALSE,FALSE,TRUE,as_published,TRUE,2018,2025
doi:10.7910/DVN/9ZZOTW,FALSE,FALSE,TRUE,as_published,TRUE,2019,2019
doi:10.7910/DVN/A11CD5,TRUE,FALSE,TRUE,as_published,TRUE,2022,2022
doi:10.7910/DVN/A2EIZC,TRUE,FALSE,TRUE,as_published,TRUE,2016,2016
doi:10.7910/DVN/A2XDZP,TRUE,FALSE,FALSE,as_published,TRUE,2021,2022
doi:10.7910/DVN/A3M7PY,TRUE,FALSE,TRUE,as_published,TRUE,2019,2019
doi:10.7910/DVN/A81LPK,FALSE,FALSE,TRUE,as_published,TRUE,2021,2021
doi:10.7910/DVN/AARL5V,FALSE,FALSE,TRUE,as_published,TRUE,2012,2015
doi:10.7910/DVN/ABX2WA,TRUE,FALSE,TRUE,as_published,TRUE,2016,2016
doi:10.7910/DVN/ACRFJM,TRUE,FALSE,FALSE,as_published,TRUE,2023,2023
doi:10.7910/DVN/ACYZIC,TRUE,FALSE,TRUE,as_published,TRUE,2017,2017
doi:10.7910/DVN/ADE2SJ,TRUE,FALSE,FALSE,as_published,TRUE,2021,2021
doi:10.7910/DVN/AEDRXN,TRUE,FALSE,TRUE,as_published,TRUE,2023,2023
doi:10.7910/DVN/AFYKUH,TRUE,FALSE,TRUE,as_published,TRUE,2023,2023
doi:10.7910/DVN/AGIMGY,TRUE,FALSE,TRUE,as_published,TRUE,2019,2019
doi:10.7910/DVN/AH2PEI,TRUE,FALSE,FALSE,as_published,TRUE,2019,2019
doi:10.7910/DVN/AHMMUA,FALSE,FALSE,FALSE,as_published,FALSE,2013,2015
doi:10.7910/DVN/AHQRVR,TRUE,FALSE,TRUE,as_published,TRUE,2022,2022
doi:10.7910/DVN/AI3VM8,TRUE,FALSE,TRUE,as_published,TRUE,2018,2018
doi:10.7910/DVN/AIKUDN,TRUE,FALSE,TRUE,as_published,TRUE,2022,2022
doi:10.7910/DVN/AIRCBB,TRUE,FALSE,TRUE,as_published,TRUE,2015,2015
doi:10.7910/DVN/AJHFHU,FALSE,FALSE,TRUE,as_published,TRUE,2018,2018
doi:10.7910/DVN/AJLO8J,TRUE,FALSE,FALSE,as_published,TRUE,2024,2024
doi:10.7910/DVN/AJWTLI,TRUE,FALSE,TRUE,as_published,TRUE,2024,2024
doi:10.7910/DVN/AK10AT,TRUE,FALSE,TRUE,as_published,TRUE,2018,2018
doi:10.7910/DVN/AKGWBL,TRUE,FALSE,TRUE,as_published,TRUE,2020,2020
doi:10.7910/DVN/AKI6RS,TRUE,FALSE,TRUE,as_published,TRUE,2023,2024
doi:10.7910/DVN/AKMM0S,FALSE,FALSE,FALSE,as_published,FALSE,2016,2016
doi:10.7910/DVN/AL1A4Q,FALSE,FALSE,TRUE,as_published,TRUE,2018,2018
doi:10.7910/DVN/AL8I2B,TRUE,FALSE,TRUE,as_published,TRUE,2024,2024
doi:10.7910/DVN/ALZVAW,TRUE,FALSE,TRUE,as_published,TRUE,2015,2015
doi:10.7910/DVN/AM3LJF,TRUE,TRUE,TRUE,as_published,TRUE,2021,2021
doi:10.7910/DVN/AMJXCB,TRUE,FALSE,TRUE,as_published,TRUE,2018,2018
doi:10.7910/DVN/AMMFVZ,TRUE,FALSE,FALSE,as_published,TRUE,2018,2018
doi:10.7910/DVN/AMMI3S,FALSE,FALSE,FALSE,as_published,FALSE,2013,2015
doi:10.7910/DVN/AMWWZE,FALSE,FALSE,TRUE,as_published,TRUE,2024,2024
doi:10.7910/DVN/AO7IYJ,TRUE,FALSE,FALSE,as_published,TRUE,2023,2023
doi:10.7910/DVN/AOEUNN,FALSE,FALSE,TRUE,as_published,TRUE,2023,2023
doi:10.7910/DVN/AOL6XC,FALSE,FALSE,FALSE,as_published,FALSE,2015,2015
doi:10.7910/DVN/AOTVAU,FALSE,FALSE,TRUE,as_published,TRUE,2018,2018
doi:10.7910/DVN/AP0DHP,TRUE,FALSE,TRUE,as_published,TRUE,2020,2020
doi:10.7910/DVN/AQ2P12,TRUE,FALSE,TRUE,as_published,TRUE,2022,2022
doi:10.7910/DVN/AQFTHK,FALSE,FALSE,TRUE,as_published,TRUE,2024,2024
doi:10.7910/DVN/AQQ3GG,FALSE,FALSE,TRUE,as_published,TRUE,2022,2022
doi:10.7910/DVN/ARIQT2,FALSE,FALSE,FALSE,as_published,FALSE,2018,2018
doi:10.7910/DVN/ARMDLY,FALSE,FALSE,TRUE,as_published,TRUE,2018,2018
doi:10.7910/DVN/ASDLQX,TRUE,FALSE,FALSE,as_published,TRUE,2024,2025
doi:10.7910/DVN/ASLTVG,FALSE,FALSE,TRUE,as_published,TRUE,2017,2017
doi:10.7910/DVN/ASUFTY,FALSE,FALSE,TRUE,as_published,TRUE,2023,2023
doi:10.7910/DVN/AU1MVC,TRUE,FALSE,TRUE,as_published,TRUE,2024,2024
doi:10.7910/DVN/AV3OQM,FALSE,FALSE,TRUE,as_published,TRUE,2022,2022
doi:10.7910/DVN/AV8PLT,TRUE,FALSE,TRUE,as_published,TRUE,2020,2020
doi:10.7910/DVN/AW6L1P,TRUE,FALSE,TRUE,as_published,TRUE,2019,2019
doi:10.7910/DVN/AWSQTW,TRUE,FALSE,TRUE,as_published,TRUE,2021,2021
doi:10.7910/DVN/AXVEXM,TRUE,FALSE,TRUE,as_published,TRUE,2015,2015
doi:10.7910/DVN/AY32JZ,FALSE,FALSE,FALSE,as_published,FALSE,2018,2018
doi:10.7910/DVN/AYBXMJ,TRUE,FALSE,TRUE,as_published,TRUE,2021,2021
doi:10.7910/DVN/AYFAFF,TRUE,FALSE,TRUE,as_published,TRUE,2021,2021
doi:10.7910/DVN/AYSHR4,TRUE,FALSE,TRUE,as_published,TRUE,2023,2023
doi:10.7910/DVN/AZFHYN,TRUE,FALSE,TRUE,as_published,TRUE,2019,2019
doi:10.7910/DVN/AZTWDW,FALSE,FALSE,TRUE,as_published,TRUE,2013,2015
doi:10.7910/DVN/AZUWVA,FALSE,FALSE,FALSE,as_published,FALSE,2022,2022
doi:10.7910/DVN/B1HHGV,TRUE,FALSE,TRUE,as_published,TRUE,2019,2019
doi:10.7910/DVN/B3P41O,FALSE,FALSE,TRUE,as_published,TRUE,2024,2024
doi:10.7910/DVN/B3UBXR,TRUE,FALSE,TRUE,as_published,TRUE,2024,2024
doi:10.7910/DVN/B6ZNAI,TRUE,FALSE,TRUE,as_published,TRUE,2023,2023
doi:10.7910/DVN/B8TWK2,TRUE,FALSE,TRUE,as_published,TRUE,2020,2020
doi:10.7910/DVN/B8Y17J,TRUE,FALSE,TRUE,as_published,TRUE,2021,2021
doi:10.7910/DVN/B9JAV0,TRUE,FALSE,FALSE,as_published,TRUE,2020,2020
doi:10.7910/DVN/B9SCDJ,FALSE,FALSE,TRUE,as_published,TRUE,2018,2018
doi:10.7910/DVN/B9U5BH,FALSE,FALSE,FALSE,as_published,FALSE,2019,2019
doi:10.7910/DVN/BAFF8Q,TRUE,FALSE,TRUE,as_published,TRUE,2020,2020
doi:10.7910/DVN/BANJL7,FALSE,FALSE,FALSE,as_published,FALSE,2017,2017
doi:10.7910/DVN/BC2HEO,FALSE,FALSE,TRUE,as_published,TRUE,2020,2020
doi:10.7910/DVN/BDYVK7,TRUE,FALSE,FALSE,as_published,TRUE,2019,2019
doi:10.7910/DVN/BEW2ME,FALSE,FALSE,TRUE,as_published,TRUE,2023,2023
doi:10.7910/DVN/BFEBHQ,FALSE,FALSE,FALSE,as_published,FALSE,2020,2020
doi:10.7910/DVN/BFLPBK,FALSE,FALSE,TRUE,as_published,TRUE,2017,2017
doi:10.7910/DVN/BFRJDU,TRUE,FALSE,TRUE,as_published,TRUE,2023,2023
doi:10.7910/DVN/BGLGBZ,TRUE,FALSE,TRUE,as_published,TRUE,2024,2024
doi:10.7910/DVN/BGSCO4,TRUE,FALSE,TRUE,as_published,TRUE,2024,2024
doi:10.7910/DVN/BHKSZR,FALSE,FALSE,TRUE,as_published,TRUE,2019,2019
doi:10.7910/DVN/BHVEBZ,FALSE,FALSE,FALSE,as_published,FALSE,2020,2020
doi:10.7910/DVN/BIQZNT,TRUE,FALSE,TRUE,as_published,TRUE,2023,2023
doi:10.7910/DVN/BLGFDU,FALSE,FALSE,TRUE,as_published,TRUE,2024,2024
doi:10.7910/DVN/BLIVUP,TRUE,FALSE,TRUE,as_published,TRUE,2023,2023
doi:10.7910/DVN/BLVJJH,FALSE,FALSE,TRUE,as_published,TRUE,2020,2020
doi:10.7910/DVN/BLXMCY,TRUE,FALSE,FALSE,as_published,TRUE,2015,2015
doi:10.7910/DVN/BN1GVD,FALSE,FALSE,FALSE,as_published,FALSE,2021,2021
doi:10.7910/DVN/BNUCX4,TRUE,FALSE,TRUE,as_published,TRUE,2023,2023
doi:10.7910/DVN/BOGTNU,FALSE,FALSE,TRUE,as_published,TRUE,2023,2023
doi:10.7910/DVN/BOKBQQ,FALSE,FALSE,TRUE,as_published,TRUE,2023,2023
doi:10.7910/DVN/BOWEJG,TRUE,FALSE,TRUE,as_published,TRUE,2020,2020
doi:10.7910/DVN/BPON3K,TRUE,FALSE,TRUE,as_published,TRUE,2017,2017
doi:10.7910/DVN/BQ9M2U,TRUE,FALSE,TRUE,as_published,TRUE,2019,2019
doi:10.7910/DVN/BQGWYI,TRUE,FALSE,FALSE,as_published,TRUE,2019,2019
doi:10.7910/DVN/BRRZSK,TRUE,FALSE,FALSE,as_published,TRUE,2018,2018
doi:10.7910/DVN/BS3DF7,TRUE,FALSE,TRUE,as_published,TRUE,2024,2024
doi:10.7910/DVN/BTE2BK,TRUE,FALSE,TRUE,as_published,TRUE,2021,2021
doi:10.7910/DVN/BTJYHC,TRUE,FALSE,TRUE,as_published,TRUE,2020,2020
doi:10.7910/DVN/BTPZFF,FALSE,FALSE,TRUE,as_published,TRUE,2021,2021
doi:10.7910/DVN/BWYJKB,FALSE,FALSE,TRUE,as_published,TRUE,2017,2017
doi:10.7910/DVN/BWZ3N0,TRUE,FALSE,TRUE,as_published,TRUE,2024,2024
doi:10.7910/DVN/BXIRYE,FALSE,FALSE,TRUE,as_published,TRUE,2024,2024
doi:10.7910/DVN/BXPKHG,FALSE,FALSE,TRUE,as_published,TRUE,2023,2023
doi:10.7910/DVN/BXXWWW,FALSE,FALSE,FALSE,as_published,FALSE,2016,2016
doi:10.7910/DVN/BZ9Z2D,FALSE,FALSE,FALSE,as_published,FALSE,2019,2019
doi:10.7910/DVN/BZA22S,TRUE,FALSE,TRUE,as_published,TRUE,2024,2024
doi:10.7910/DVN/BZZ9VF,TRUE,FALSE,TRUE,as_published,TRUE,2020,2020
doi:10.7910/DVN/C139OP,TRUE,FALSE,FALSE,as_published,TRUE,2021,2021
doi:10.7910/DVN/C15VOD,TRUE,FALSE,TRUE,as_published,TRUE,2018,2018
doi:10.7910/DVN/C1SICS,TRUE,FALSE,TRUE,as_published,TRUE,2018,2018
doi:10.7910/DVN/C1SWYV,TRUE,FALSE,FALSE,as_published,TRUE,2022,2022
doi:10.7910/DVN/C2IATB,FALSE,FALSE,FALSE,as_published,FALSE,2024,2024
doi:10.7910/DVN/C2LWHA,FALSE,FALSE,FALSE,as_published,FALSE,2018,2018
doi:10.7910/DVN/C6XJAT,FALSE,FALSE,FALSE,as_published,FALSE,2017,2017
doi:10.7910/DVN/C7A5TN,TRUE,FALSE,TRUE,as_published,TRUE,2022,2022
doi:10.7910/DVN/CAEEG7,TRUE,FALSE,TRUE,as_published,TRUE,2016,2016
doi:10.7910/DVN/CCKENU,FALSE,FALSE,FALSE,as_published,FALSE,2020,2020
doi:10.7910/DVN/CCV1NN,TRUE,FALSE,TRUE,as_published,TRUE,2021,2021
doi:10.7910/DVN/CEJSVJ,FALSE,FALSE,TRUE,as_published,TRUE,2017,2017
doi:10.7910/DVN/CF44OW,FALSE,FALSE,TRUE,as_published,TRUE,2017,2017
doi:10.7910/DVN/CFASH6,TRUE,FALSE,FALSE,as_published,TRUE,2020,2020
doi:10.7910/DVN/CFT901,FALSE,FALSE,FALSE,as_published,FALSE,2016,2016
doi:10.7910/DVN/CFTMK2,TRUE,FALSE,TRUE,as_published,TRUE,2019,2019
doi:10.7910/DVN/CGHTPZ,FALSE,FALSE,FALSE,as_published,FALSE,2021,2023
doi:10.7910/DVN/CGINSA,FALSE,FALSE,FALSE,as_published,FALSE,2019,2019
doi:10.7910/DVN/CGXPF5,TRUE,FALSE,FALSE,as_published,TRUE,2021,2023
doi:10.7910/DVN/CJMKGX,FALSE,FALSE,TRUE,as_published,TRUE,2015,2015
doi:10.7910/DVN/CKLJL3,FALSE,FALSE,TRUE,as_published,TRUE,2020,2020
doi:10.7910/DVN/CKXW7L,TRUE,FALSE,TRUE,as_published,TRUE,2024,2024
doi:10.7910/DVN/CL0RU2,TRUE,FALSE,FALSE,as_published,TRUE,2020,2021
doi:10.7910/DVN/CLGI63,TRUE,FALSE,TRUE,as_published,TRUE,2024,2024
doi:10.7910/DVN/CLMQ8E,FALSE,FALSE,TRUE,as_published,TRUE,2017,2026
doi:10.7910/DVN/CLYDWU,TRUE,FALSE,TRUE,as_published,TRUE,2023,2023
doi:10.7910/DVN/CMOWUL,FALSE,FALSE,FALSE,as_published,FALSE,2020,2020
doi:10.7910/DVN/CMUHBU,FALSE,FALSE,TRUE,as_published,TRUE,2020,2020
doi:10.7910/DVN/CMUYCM,FALSE,FALSE,TRUE,as_published,TRUE,2016,2016
doi:10.7910/DVN/CNNXPB,FALSE,FALSE,FALSE,as_published,FALSE,2013,2015
doi:10.7910/DVN/COFHJL,FALSE,FALSE,FALSE,as_published,FALSE,2021,2021
doi:10.7910/DVN/COOVRP,TRUE,FALSE,TRUE,as_published,TRUE,2019,2019
doi:10.7910/DVN/COS3BS,FALSE,FALSE,TRUE,as_published,TRUE,2023,2023
doi:10.7910/DVN/CPVIOF,TRUE,FALSE,FALSE,as_published,TRUE,2019,2019
doi:10.7910/DVN/CQ4FZR,TRUE,FALSE,TRUE,as_published,TRUE,2024,2024
doi:10.7910/DVN/CQUVCV,TRUE,FALSE,TRUE,as_published,TRUE,2019,2019
doi:10.7910/DVN/CQXHTH,TRUE,FALSE,TRUE,as_published,TRUE,2018,2018
doi:10.7910/DVN/CRPAA8,FALSE,FALSE,TRUE,as_published,TRUE,2018,2018
doi:10.7910/DVN/CSHNIS,FALSE,FALSE,FALSE,as_published,FALSE,2016,2016
doi:10.7910/DVN/CSKA4Q,TRUE,FALSE,TRUE,as_published,TRUE,2021,2022
doi:10.7910/DVN/CSNTTG,FALSE,FALSE,TRUE,as_published,TRUE,2017,2017
doi:10.7910/DVN/CTGKEJ,TRUE,TRUE,TRUE,as_published,TRUE,2023,2023
doi:10.7910/DVN/CTQKJA,FALSE,FALSE,FALSE,as_published,FALSE,2012,2013
doi:10.7910/DVN/CTZNJV,TRUE,FALSE,TRUE,as_published,TRUE,2018,2018
doi:10.7910/DVN/CUR5RR,FALSE,FALSE,TRUE,as_published,TRUE,2024,2024
doi:10.7910/DVN/CUWUYR,FALSE,FALSE,FALSE,as_published,FALSE,2024,2024
doi:10.7910/DVN/CV8I6N,FALSE,FALSE,TRUE,as_published,TRUE,2024,2024
doi:10.7910/DVN/CV9AYE,FALSE,FALSE,TRUE,as_published,TRUE,2017,2017
doi:10.7910/DVN/CVBXQX,FALSE,FALSE,FALSE,as_published,FALSE,2015,2015
doi:10.7910/DVN/CWQYIB,FALSE,FALSE,TRUE,as_published,TRUE,2016,2016
doi:10.7910/DVN/CXJBEK,FALSE,FALSE,FALSE,as_published,FALSE,2022,2022
doi:10.7910/DVN/CYFIDH,TRUE,FALSE,FALSE,as_published,TRUE,2023,2023
doi:10.7910/DVN/CZDGR2,TRUE,FALSE,TRUE,as_published,TRUE,2022,2022
doi:10.7910/DVN/D0LEX4,FALSE,FALSE,TRUE,as_published,TRUE,2017,2017
doi:10.7910/DVN/D3VZX3,TRUE,FALSE,TRUE,as_published,TRUE,2023,2023
doi:10.7910/DVN/D4IDA9,TRUE,FALSE,TRUE,as_published,TRUE,2018,2018
doi:10.7910/DVN/D5DEHM,FALSE,FALSE,FALSE,as_published,FALSE,2017,2017
doi:10.7910/DVN/D5VRDE,TRUE,FALSE,FALSE,as_published,TRUE,2019,2019
doi:10.7910/DVN/D6CH6C,TRUE,FALSE,TRUE,as_published,TRUE,2023,2023
doi:10.7910/DVN/D73LV3,FALSE,FALSE,FALSE,as_published,FALSE,2018,2018
doi:10.7910/DVN/D7ZXZI,TRUE,FALSE,TRUE,as_published,TRUE,2019,2019
doi:10.7910/DVN/DAGL4S,FALSE,FALSE,FALSE,as_published,FALSE,2015,2015
doi:10.7910/DVN/DAR56O,TRUE,FALSE,FALSE,as_published,TRUE,2018,2018
doi:10.7910/DVN/DAYSCX,TRUE,FALSE,TRUE,as_published,TRUE,2022,2022
doi:10.7910/DVN/DBMJQZ,FALSE,FALSE,FALSE,as_published,FALSE,2022,2022
doi:10.7910/DVN/DBNBEU,FALSE,FALSE,TRUE,as_published,TRUE,2020,2023
doi:10.7910/DVN/DCOT4D,TRUE,FALSE,TRUE,as_published,TRUE,2024,2024
doi:10.7910/DVN/DCTPJI,FALSE,FALSE,FALSE,as_published,FALSE,2017,2017
doi:10.7910/DVN/DEDZRZ,FALSE,FALSE,TRUE,as_published,TRUE,2024,2024
doi:10.7910/DVN/DESLIU,FALSE,FALSE,TRUE,as_published,TRUE,2024,2024
doi:10.7910/DVN/DEX6EW,TRUE,FALSE,TRUE,as_published,TRUE,2024,2024
doi:10.7910/DVN/DF4DFH,FALSE,FALSE,FALSE,as_published,FALSE,2017,2017
doi:10.7910/DVN/DFGQVW,FALSE,FALSE,TRUE,as_published,TRUE,2021,2021
doi:10.7910/DVN/DG2J0F,TRUE,FALSE,TRUE,as_published,TRUE,2021,2021
doi:10.7910/DVN/DG6BS4,FALSE,FALSE,FALSE,as_published,FALSE,2013,2015
doi:10.7910/DVN/DGHX1E,FALSE,FALSE,TRUE,as_published,TRUE,2015,2015
doi:10.7910/DVN/DGXXH9,TRUE,FALSE,TRUE,as_published,TRUE,2015,2015
doi:10.7910/DVN/DHMCRC,FALSE,FALSE,TRUE,as_published,TRUE,2023,2023
doi:10.7910/DVN/DIU0M1,TRUE,FALSE,TRUE,as_published,TRUE,2021,2021
doi:10.7910/DVN/DJ2DPZ,TRUE,FALSE,FALSE,as_published,TRUE,2016,2016
doi:10.7910/DVN/DJKH4H,TRUE,FALSE,TRUE,as_published,TRUE,2018,2018
doi:10.7910/DVN/DJVNZF,FALSE,FALSE,TRUE,as_published,TRUE,2018,2018
doi:10.7910/DVN/DKKP4I,FALSE,FALSE,TRUE,as_published,TRUE,2018,2018
doi:10.7910/DVN/DKXD2X,FALSE,FALSE,FALSE,as_published,FALSE,2020,2020
doi:10.7910/DVN/DL8SZL,TRUE,FALSE,TRUE,as_published,TRUE,2021,2021
doi:10.7910/DVN/DMG0XD,FALSE,FALSE,TRUE,as_published,TRUE,2023,2023
doi:10.7910/DVN/DMIDY8,TRUE,FALSE,TRUE,as_published,TRUE,2013,2015
doi:10.7910/DVN/DMWWS5,TRUE,TRUE,TRUE,as_published,TRUE,2019,2019
doi:10.7910/DVN/DNCHBF,TRUE,FALSE,TRUE,as_published,TRUE,2024,2024
doi:10.7910/DVN/DNDSPS,FALSE,FALSE,FALSE,as_published,FALSE,2020,2020
doi:10.7910/DVN/DO43V5,FALSE,FALSE,TRUE,as_published,TRUE,2018,2018
doi:10.7910/DVN/DPVRA5,FALSE,FALSE,TRUE,as_published,TRUE,2013,2015
doi:10.7910/DVN/DQ1WFB,FALSE,FALSE,TRUE,as_published,TRUE,2022,2022
doi:10.7910/DVN/DQCFUN,TRUE,FALSE,TRUE,as_published,TRUE,2019,2019
doi:10.7910/DVN/DQTIR4,TRUE,FALSE,TRUE,as_published,TRUE,2021,2021
doi:10.7910/DVN/DR0YF2,FALSE,FALSE,FALSE,as_published,FALSE,2022,2022
doi:10.7910/DVN/DSCREK,TRUE,FALSE,FALSE,as_published,TRUE,2022,2022
doi:10.7910/DVN/DSDNX6,FALSE,FALSE,FALSE,as_published,FALSE,2016,2016
doi:10.7910/DVN/DTFR60,TRUE,FALSE,FALSE,as_published,TRUE,2016,2016
doi:10.7910/DVN/DUB0MU,FALSE,FALSE,TRUE,as_published,TRUE,2016,2016
doi:10.7910/DVN/DUW1QY,TRUE,FALSE,TRUE,as_published,TRUE,2019,2019
doi:10.7910/DVN/DVP0UW,FALSE,FALSE,FALSE,as_published,FALSE,2013,2015
doi:10.7910/DVN/DVRNMH,TRUE,FALSE,TRUE,as_published,TRUE,2024,2024
doi:10.7910/DVN/DWOBT4,FALSE,FALSE,TRUE,as_published,TRUE,2019,2019
doi:10.7910/DVN/DX5T9G,TRUE,FALSE,TRUE,as_published,TRUE,2023,2023
doi:10.7910/DVN/DXGVAW,TRUE,FALSE,TRUE,as_published,TRUE,2019,2019
doi:10.7910/DVN/DYCUSZ,FALSE,FALSE,FALSE,as_published,FALSE,2021,2021
doi:10.7910/DVN/DZ1NFG,TRUE,FALSE,TRUE,as_published,TRUE,2019,2019
doi:10.7910/DVN/DZWOCK,TRUE,FALSE,FALSE,as_published,TRUE,2021,2021
doi:10.7910/DVN/E2187A,FALSE,FALSE,TRUE,as_published,TRUE,2015,2015
doi:10.7910/DVN/E2OS8R,TRUE,FALSE,FALSE,as_published,TRUE,2018,2018
doi:10.7910/DVN/E3BAO5,FALSE,FALSE,FALSE,as_published,FALSE,2020,2020
doi:10.7910/DVN/E3FDAV,TRUE,FALSE,TRUE,as_published,TRUE,2018,2018
doi:10.7910/DVN/E40AFU,TRUE,FALSE,TRUE,as_published,TRUE,2017,2017
doi:10.7910/DVN/E43MOQ,TRUE,FALSE,FALSE,as_published,TRUE,2019,2019
doi:10.7910/DVN/E5ZSZR,FALSE,FALSE,TRUE,as_published,TRUE,2012,2015
doi:10.7910/DVN/E7OQEY,TRUE,FALSE,TRUE,as_published,TRUE,2018,2018
doi:10.7910/DVN/E852VT,FALSE,FALSE,FALSE,as_published,FALSE,2018,2018
doi:10.7910/DVN/E9S0VN,FALSE,FALSE,FALSE,as_published,FALSE,2013,2015
doi:10.7910/DVN/E9UQ0S,TRUE,FALSE,TRUE,as_published,TRUE,2015,2015
doi:10.7910/DVN/EAHO3I,TRUE,FALSE,TRUE,as_published,TRUE,2023,2023
doi:10.7910/DVN/EARLA4,TRUE,FALSE,FALSE,as_published,TRUE,2022,2022
doi:10.7910/DVN/EAYHSN,FALSE,FALSE,TRUE,as_published,TRUE,2020,2020
doi:10.7910/DVN/EBF7XW,FALSE,FALSE,TRUE,as_published,TRUE,2016,2016
doi:10.7910/DVN/EBIHBT,FALSE,FALSE,FALSE,as_published,FALSE,2021,2021
doi:10.7910/DVN/ECBF7Y,TRUE,FALSE,TRUE,as_published,TRUE,2018,2018
doi:10.7910/DVN/ECIZHV,TRUE,FALSE,FALSE,as_published,TRUE,2015,2015
doi:10.7910/DVN/ECPIYP,FALSE,FALSE,TRUE,as_published,TRUE,2020,2020
doi:10.7910/DVN/ED5O5U,TRUE,FALSE,FALSE,as_published,TRUE,2021,2021
doi:10.7910/DVN/EDGRDC,TRUE,FALSE,TRUE,as_published,TRUE,2016,2016
doi:10.7910/DVN/EEMRS9,TRUE,FALSE,TRUE,as_published,TRUE,2018,2018
doi:10.7910/DVN/EF7R0Z,TRUE,FALSE,TRUE,as_published,TRUE,2021,2021
doi:10.7910/DVN/EGUVG0,TRUE,FALSE,TRUE,as_published,TRUE,2023,2023
doi:10.7910/DVN/EGXUBU,TRUE,FALSE,TRUE,as_published,TRUE,2022,2022
doi:10.7910/DVN/EHH9XT,TRUE,FALSE,TRUE,as_published,TRUE,2022,2022
doi:10.7910/DVN/EHWM14,FALSE,FALSE,TRUE,as_published,TRUE,2019,2019
doi:10.7910/DVN/EIINMP,TRUE,FALSE,TRUE,as_published,TRUE,2023,2023
doi:10.7910/DVN/EKNEIH,FALSE,FALSE,FALSE,as_published,FALSE,2017,2017
doi:10.7910/DVN/EKZQSZ,TRUE,FALSE,TRUE,as_published,TRUE,2019,2019
doi:10.7910/DVN/ELG3DE,TRUE,FALSE,FALSE,as_published,TRUE,2019,2019
doi:10.7910/DVN/ELWP8V,TRUE,FALSE,TRUE,as_published,TRUE,2017,2017
doi:10.7910/DVN/EMAJMQ,TRUE,FALSE,FALSE,as_published,TRUE,2024,2024
doi:10.7910/DVN/EMIDOA,TRUE,FALSE,TRUE,as_published,TRUE,2022,2022
doi:10.7910/DVN/ENVKCB,TRUE,FALSE,FALSE,as_published,TRUE,2020,2020
doi:10.7910/DVN/EOIIEV,TRUE,FALSE,TRUE,as_published,TRUE,2023,2023
doi:10.7910/DVN/EORLRJ,TRUE,FALSE,TRUE,as_published,TRUE,2023,2023
doi:10.7910/DVN/EP7DXB,FALSE,FALSE,FALSE,as_published,FALSE,2015,2015
doi:10.7910/DVN/EPDD6F,TRUE,FALSE,TRUE,as_published,TRUE,2020,2020
doi:10.7910/DVN/EPEDIE,TRUE,FALSE,FALSE,as_published,TRUE,2015,2015
doi:10.7910/DVN/EPT8OF,TRUE,FALSE,TRUE,as_published,TRUE,2024,2024
doi:10.7910/DVN/EQQAT3,TRUE,FALSE,FALSE,as_published,TRUE,2021,2021
doi:10.7910/DVN/ER3D0H,TRUE,FALSE,FALSE,as_published,TRUE,2015,2015
doi:10.7910/DVN/ERXBAB,FALSE,FALSE,TRUE,as_published,TRUE,2024,2024
doi:10.7910/DVN/ESR7YG,TRUE,FALSE,TRUE,as_published,TRUE,2023,2023
doi:10.7910/DVN/ESRIBE,TRUE,FALSE,TRUE,as_published,TRUE,2022,2022
doi:10.7910/DVN/EUISZU,TRUE,FALSE,TRUE,as_published,TRUE,2021,2021
doi:10.7910/DVN/EV5BGV,TRUE,FALSE,TRUE,as_published,TRUE,2021,2021
doi:10.7910/DVN/EVYI2H,TRUE,FALSE,TRUE,as_published,TRUE,2017,2017
doi:10.7910/DVN/EW2GV5,TRUE,FALSE,FALSE,as_published,TRUE,2024,2024
doi:10.7910/DVN/EWRXPU,TRUE,FALSE,FALSE,as_published,TRUE,2018,2018
doi:10.7910/DVN/EWSQPJ,TRUE,FALSE,TRUE,as_published,TRUE,2024,2024
doi:10.7910/DVN/EWW2GX,FALSE,FALSE,FALSE,as_published,FALSE,2015,2015
doi:10.7910/DVN/EWXQQH,FALSE,FALSE,TRUE,as_published,TRUE,2024,2024
doi:10.7910/DVN/EXKA90,TRUE,FALSE,TRUE,as_published,TRUE,2024,2024
doi:10.7910/DVN/EY2I6M,TRUE,FALSE,TRUE,as_published,TRUE,2017,2017
doi:10.7910/DVN/EYAWES,FALSE,FALSE,TRUE,as_published,TRUE,2021,2021
doi:10.7910/DVN/EZ8XCG,TRUE,FALSE,TRUE,as_published,TRUE,2024,2024
doi:10.7910/DVN/EZNXW1,TRUE,FALSE,TRUE,as_published,TRUE,2021,2021
doi:10.7910/DVN/EZSJ1S,FALSE,FALSE,TRUE,as_published,TRUE,2018,2018
doi:10.7910/DVN/F1VLBI,FALSE,FALSE,TRUE,as_published,TRUE,2017,2017
doi:10.7910/DVN/F2JF6G,TRUE,FALSE,TRUE,as_published,TRUE,2018,2018
doi:10.7910/DVN/F2LQWC,TRUE,FALSE,TRUE,as_published,TRUE,2023,2023
doi:10.7910/DVN/F2OX6O,FALSE,FALSE,TRUE,as_published,TRUE,2021,2021
doi:10.7910/DVN/F2RDCJ,TRUE,FALSE,TRUE,as_published,TRUE,2023,2023
doi:10.7910/DVN/F3K3MA,TRUE,FALSE,TRUE,as_published,TRUE,2024,2024
doi:10.7910/DVN/F4LSCN,FALSE,FALSE,FALSE,as_published,FALSE,2020,2020
doi:10.7910/DVN/F6LJP8,FALSE,FALSE,TRUE,as_published,TRUE,2015,2015
doi:10.7910/DVN/F6UCQT,TRUE,FALSE,FALSE,as_published,TRUE,2023,2023
doi:10.7910/DVN/F8JXHR,TRUE,FALSE,TRUE,as_published,TRUE,2021,2021
doi:10.7910/DVN/F8SRTA,TRUE,FALSE,TRUE,as_published,TRUE,2023,2023
doi:10.7910/DVN/F9L41L,TRUE,FALSE,TRUE,as_published,TRUE,2021,2021
doi:10.7910/DVN/FA8FVF,TRUE,FALSE,FALSE,as_published,TRUE,2021,2021
doi:10.7910/DVN/FAA9EA,TRUE,FALSE,FALSE,as_published,TRUE,2022,2022
doi:10.7910/DVN/FB3O9W,FALSE,FALSE,FALSE,as_published,FALSE,2019,2019
doi:10.7910/DVN/FCZDKD,TRUE,FALSE,FALSE,as_published,TRUE,2020,2020
doi:10.7910/DVN/FDLG0X,FALSE,FALSE,FALSE,as_published,FALSE,2016,2016
doi:10.7910/DVN/FDML2N,TRUE,FALSE,FALSE,as_published,TRUE,2020,2020
doi:10.7910/DVN/FDNWME,FALSE,FALSE,FALSE,as_published,FALSE,2015,2015
doi:10.7910/DVN/FDW6CU,TRUE,FALSE,FALSE,as_published,TRUE,2024,2024
doi:10.7910/DVN/FECIO3,FALSE,FALSE,TRUE,as_published,TRUE,2019,2019
doi:10.7910/DVN/FEOKT6,FALSE,FALSE,FALSE,as_published,FALSE,2023,2023
doi:10.7910/DVN/FEP8O2,FALSE,FALSE,TRUE,as_published,TRUE,2016,2016
doi:10.7910/DVN/FERDAN,FALSE,FALSE,TRUE,as_published,TRUE,2013,2015
doi:10.7910/DVN/FF3DQM,FALSE,FALSE,TRUE,as_published,TRUE,2019,2019
doi:10.7910/DVN/FH74D9,FALSE,FALSE,TRUE,as_published,TRUE,2024,2024
doi:10.7910/DVN/FHOJ3L,FALSE,FALSE,FALSE,as_published,FALSE,2013,2015
doi:10.7910/DVN/FIKXKD,FALSE,FALSE,FALSE,as_published,FALSE,2016,2016
doi:10.7910/DVN/FIL6J1,TRUE,FALSE,FALSE,as_published,TRUE,2019,2019
doi:10.7910/DVN/FITPUI,TRUE,FALSE,TRUE,as_published,TRUE,2020,2020
doi:10.7910/DVN/FL08PZ,FALSE,FALSE,TRUE,as_published,TRUE,2016,2016
doi:10.7910/DVN/FLDXM9,TRUE,FALSE,FALSE,as_published,TRUE,2024,2024
doi:10.7910/DVN/FLGPW8,TRUE,FALSE,TRUE,as_published,TRUE,2024,2024
doi:10.7910/DVN/FLV8GQ,TRUE,FALSE,FALSE,as_published,TRUE,2021,2021
doi:10.7910/DVN/FMJDCD,FALSE,FALSE,TRUE,as_published,TRUE,2016,2016
doi:10.7910/DVN/FMOR6K,FALSE,FALSE,TRUE,as_published,TRUE,2020,2021
doi:10.7910/DVN/FMX62W,TRUE,FALSE,TRUE,as_published,TRUE,2019,2019
doi:10.7910/DVN/FO6OXL,TRUE,FALSE,FALSE,as_published,TRUE,2023,2023
doi:10.7910/DVN/FOSH90,TRUE,FALSE,TRUE,as_published,TRUE,2023,2023
doi:10.7910/DVN/FPYKTP,FALSE,FALSE,TRUE,as_published,TRUE,2019,2019
doi:10.7910/DVN/FREK34,FALSE,FALSE,TRUE,as_published,TRUE,2013,2015
doi:10.7910/DVN/FS90RJ,TRUE,FALSE,TRUE,as_published,TRUE,2016,2016
doi:10.7910/DVN/FSOVA7,TRUE,FALSE,TRUE,as_published,TRUE,2021,2021
doi:10.7910/DVN/FTFJTV,TRUE,FALSE,TRUE,as_published,TRUE,2019,2019
doi:10.7910/DVN/FTYHPJ,FALSE,FALSE,FALSE,as_published,FALSE,2019,2019
doi:10.7910/DVN/FUAARK,TRUE,FALSE,TRUE,as_published,TRUE,2023,2023
doi:10.7910/DVN/FUCDTT,TRUE,FALSE,TRUE,as_published,TRUE,2021,2024
doi:10.7910/DVN/FUFDYH,TRUE,FALSE,TRUE,as_published,TRUE,2022,2022
doi:10.7910/DVN/FUSIWA,TRUE,FALSE,TRUE,as_published,TRUE,2021,2021
doi:10.7910/DVN/FUSY37,TRUE,FALSE,TRUE,as_published,TRUE,2024,2024
doi:10.7910/DVN/FVCGHC,TRUE,FALSE,TRUE,as_published,TRUE,2018,2019
doi:10.7910/DVN/FVCGN8,TRUE,FALSE,TRUE,as_published,TRUE,2024,2024
doi:10.7910/DVN/FVRZYU,TRUE,FALSE,TRUE,as_published,TRUE,2022,2022
doi:10.7910/DVN/FW87Y1,TRUE,FALSE,TRUE,as_published,TRUE,2024,2024
doi:10.7910/DVN/FXI5ZO,FALSE,FALSE,TRUE,as_published,TRUE,2020,2020
doi:10.7910/DVN/FXRIOS,FALSE,FALSE,TRUE,as_published,TRUE,2015,2015
doi:10.7910/DVN/FXVIUR,TRUE,FALSE,TRUE,as_published,TRUE,2023,2023
doi:10.7910/DVN/FYVP3W,TRUE,FALSE,TRUE,as_published,TRUE,2023,2023
doi:10.7910/DVN/FZI6NO,FALSE,FALSE,FALSE,as_published,FALSE,2016,2016
doi:10.7910/DVN/G126SC,TRUE,FALSE,TRUE,as_published,TRUE,2024,2024
doi:10.7910/DVN/G1BZ23,TRUE,FALSE,TRUE,as_published,TRUE,2022,2022
doi:10.7910/DVN/G4XAGY,TRUE,FALSE,FALSE,as_published,TRUE,2018,2018
doi:10.7910/DVN/G7J6QJ,FALSE,FALSE,TRUE,as_published,TRUE,2022,2022
doi:10.7910/DVN/G8F3SN,TRUE,FALSE,TRUE,as_published,TRUE,2022,2022
doi:10.7910/DVN/G8JVZY,FALSE,FALSE,FALSE,as_published,FALSE,2019,2019
doi:10.7910/DVN/G9ITHD,FALSE,FALSE,FALSE,as_published,FALSE,2020,2020
doi:10.7910/DVN/G9OKGB,FALSE,FALSE,TRUE,as_published,TRUE,2023,2023
doi:10.7910/DVN/GA0X38,FALSE,FALSE,TRUE,as_published,TRUE,2017,2017
doi:10.7910/DVN/GB5BFN,TRUE,FALSE,FALSE,as_published,TRUE,2017,2017
doi:10.7910/DVN/GBZZXL,FALSE,FALSE,FALSE,as_published,FALSE,2019,2019
doi:10.7910/DVN/GCDJ25,TRUE,FALSE,TRUE,as_published,TRUE,2021,2021
doi:10.7910/DVN/GCTLYJ,FALSE,FALSE,TRUE,as_published,TRUE,2020,2020
doi:10.7910/DVN/GDFJ4N,FALSE,FALSE,FALSE,as_published,FALSE,2017,2017
doi:10.7910/DVN/GDZTK8,TRUE,FALSE,TRUE,as_published,TRUE,2018,2018
doi:10.7910/DVN/GHHZO4,FALSE,FALSE,TRUE,as_published,TRUE,2021,2021
doi:10.7910/DVN/GHJ8JL,TRUE,FALSE,TRUE,as_published,TRUE,2022,2022
doi:10.7910/DVN/GHRHU7,TRUE,FALSE,TRUE,as_published,TRUE,2021,2021
doi:10.7910/DVN/GHVQGB,TRUE,FALSE,FALSE,as_published,TRUE,2020,2020
doi:10.7910/DVN/GHZFJM,TRUE,TRUE,TRUE,as_published,TRUE,2022,2022
doi:10.7910/DVN/GIJBUU,FALSE,FALSE,FALSE,as_published,FALSE,2019,2019
doi:10.7910/DVN/GIWOOO,TRUE,FALSE,FALSE,as_published,TRUE,2024,2024
doi:10.7910/DVN/GJIRV0,TRUE,FALSE,FALSE,as_published,TRUE,2018,2018
doi:10.7910/DVN/GK3TMY,TRUE,FALSE,TRUE,as_published,TRUE,2024,2024
doi:10.7910/DVN/GKASQ5,FALSE,FALSE,TRUE,as_published,TRUE,2015,2015
doi:10.7910/DVN/GKWF0N,TRUE,FALSE,FALSE,as_published,TRUE,2015,2015
doi:10.7910/DVN/GL2WN8,TRUE,FALSE,FALSE,as_published,TRUE,2020,2020
doi:10.7910/DVN/GLT4FX,TRUE,FALSE,TRUE,as_published,TRUE,2020,2020
doi:10.7910/DVN/GM1VRQ,FALSE,FALSE,TRUE,as_published,TRUE,2023,2023
doi:10.7910/DVN/GMFAUC,TRUE,FALSE,FALSE,as_published,TRUE,2022,2022
doi:10.7910/DVN/GMWOY6,FALSE,FALSE,TRUE,as_published,TRUE,2016,2016
doi:10.7910/DVN/GMZM4D,FALSE,FALSE,FALSE,as_published,FALSE,2012,2015
doi:10.7910/DVN/GO75QE,FALSE,FALSE,TRUE,as_published,TRUE,2024,2024
doi:10.7910/DVN/GODCXP,TRUE,FALSE,TRUE,as_published,TRUE,2024,2024
doi:10.7910/DVN/GOLMTC,TRUE,FALSE,TRUE,as_published,TRUE,2016,2016
doi:10.7910/DVN/GPRVC6,TRUE,FALSE,TRUE,as_published,TRUE,2018,2018
doi:10.7910/DVN/GQ01SY,TRUE,FALSE,TRUE,as_published,TRUE,2024,2024
doi:10.7910/DVN/GQOYSS,TRUE,FALSE,TRUE,as_published,TRUE,2022,2022
doi:10.7910/DVN/GRHQ3W,TRUE,FALSE,FALSE,as_published,TRUE,2024,2024
doi:10.7910/DVN/GRVR99,FALSE,FALSE,FALSE,as_published,FALSE,2023,2023
doi:10.7910/DVN/GS838F,FALSE,FALSE,TRUE,as_published,TRUE,2023,2023
doi:10.7910/DVN/GS8IFM,TRUE,FALSE,FALSE,as_published,TRUE,2018,2018
doi:10.7910/DVN/GSMBFX,FALSE,TRUE,TRUE,as_published,TRUE,2019,2019
doi:10.7910/DVN/GSNXV7,FALSE,FALSE,FALSE,as_published,FALSE,2018,2018
doi:10.7910/DVN/GSQG1K,FALSE,FALSE,TRUE,as_published,TRUE,2018,2018
doi:10.7910/DVN/GT15SC,TRUE,FALSE,TRUE,as_published,TRUE,2023,2023
doi:10.7910/DVN/GT8NDD,TRUE,FALSE,TRUE,as_published,TRUE,2021,2021
doi:10.7910/DVN/GTEBJA,TRUE,FALSE,TRUE,as_published,TRUE,2024,2024
doi:10.7910/DVN/GTSYTZ,TRUE,FALSE,TRUE,as_published,TRUE,2022,2022
doi:10.7910/DVN/GTXZ4J,FALSE,FALSE,TRUE,as_published,TRUE,2017,2017
doi:10.7910/DVN/GWD4HA,TRUE,FALSE,FALSE,as_published,TRUE,2019,2019
doi:10.7910/DVN/GXWHFG,TRUE,FALSE,TRUE,as_published,TRUE,2023,2023
doi:10.7910/DVN/GXXUHV,TRUE,TRUE,TRUE,as_published,TRUE,2023,2023
doi:10.7910/DVN/GYEAIG,TRUE,FALSE,TRUE,as_published,TRUE,2019,2019
doi:10.7910/DVN/GYEGW4,TRUE,FALSE,FALSE,as_published,TRUE,2021,2021
doi:10.7910/DVN/GYX7GC,TRUE,FALSE,TRUE,as_published,TRUE,2023,2023
doi:10.7910/DVN/H13U6G,TRUE,FALSE,FALSE,as_published,TRUE,2018,2018
doi:10.7910/DVN/H1CCWM,TRUE,FALSE,FALSE,as_published,TRUE,2019,2019
doi:10.7910/DVN/H1HRYV,FALSE,FALSE,FALSE,as_published,FALSE,2021,2021
doi:10.7910/DVN/H2JL7A,TRUE,TRUE,TRUE,as_published,TRUE,2023,2023
doi:10.7910/DVN/H2JWXV,TRUE,FALSE,TRUE,as_published,TRUE,2023,2023
doi:10.7910/DVN/H6CUHY,TRUE,FALSE,TRUE,as_published,TRUE,2013,2015
doi:10.7910/DVN/H7NFJZ,FALSE,FALSE,FALSE,as_published,FALSE,2024,2024
doi:10.7910/DVN/H8HM6P,TRUE,FALSE,FALSE,as_published,TRUE,2021,2021
doi:10.7910/DVN/H8SIXG,FALSE,FALSE,TRUE,as_published,TRUE,2022,2022
doi:10.7910/DVN/H90IVD,TRUE,FALSE,TRUE,as_published,TRUE,2022,2022
doi:10.7910/DVN/HAKD7W,TRUE,FALSE,TRUE,as_published,TRUE,2021,2021
doi:10.7910/DVN/HAU0EX,FALSE,FALSE,TRUE,as_published,TRUE,2016,2016
doi:10.7910/DVN/HBSARA,TRUE,FALSE,TRUE,as_published,TRUE,2024,2024
doi:10.7910/DVN/HD7UUU,TRUE,FALSE,TRUE,as_published,TRUE,2020,2020
doi:10.7910/DVN/HDDPTB,FALSE,FALSE,TRUE,as_published,TRUE,2020,2020
doi:10.7910/DVN/HDGUDZ,TRUE,FALSE,FALSE,as_published,TRUE,2020,2020
doi:10.7910/DVN/HDOEPP,TRUE,FALSE,TRUE,as_published,TRUE,2024,2024
doi:10.7910/DVN/HFVIYA,TRUE,FALSE,TRUE,as_published,TRUE,2021,2021
doi:10.7910/DVN/HFXXEF,FALSE,FALSE,TRUE,as_published,TRUE,2021,2021
doi:10.7910/DVN/HGD6CG,TRUE,FALSE,TRUE,as_published,TRUE,2021,2021
doi:10.7910/DVN/HGFLGK,FALSE,FALSE,TRUE,as_published,TRUE,2023,2023
doi:10.7910/DVN/HHMXU3,FALSE,FALSE,FALSE,as_published,FALSE,2018,2018
doi:10.7910/DVN/HHNZGT,TRUE,FALSE,FALSE,as_published,TRUE,2022,2022
doi:10.7910/DVN/HI1CUP,TRUE,FALSE,FALSE,as_published,TRUE,2019,2019
doi:10.7910/DVN/HI1X4O,TRUE,FALSE,TRUE,as_published,TRUE,2018,2018
doi:10.7910/DVN/HIQ4BV,FALSE,FALSE,FALSE,as_published,FALSE,2017,2017
doi:10.7910/DVN/HJSQNL,TRUE,FALSE,TRUE,as_published,TRUE,2019,2019
doi:10.7910/DVN/HJYBA5,TRUE,FALSE,FALSE,as_published,TRUE,2023,2023
doi:10.7910/DVN/HK213D,FALSE,FALSE,TRUE,as_published,TRUE,2018,2018
doi:10.7910/DVN/HKOBWC,TRUE,FALSE,TRUE,as_published,TRUE,2016,2016
doi:10.7910/DVN/HL0OUD,TRUE,FALSE,TRUE,as_published,TRUE,2015,2015
doi:10.7910/DVN/HMI4WY,TRUE,FALSE,TRUE,as_published,TRUE,2019,2019
doi:10.7910/DVN/HNH7BX,TRUE,FALSE,TRUE,as_published,TRUE,2022,2022
doi:10.7910/DVN/HNVBZG,TRUE,FALSE,TRUE,as_published,TRUE,2022,2022
doi:10.7910/DVN/HOLUME,FALSE,FALSE,TRUE,as_published,TRUE,2020,2020
doi:10.7910/DVN/HOMED8,TRUE,FALSE,FALSE,as_published,TRUE,2023,2023
doi:10.7910/DVN/HPB1CA,TRUE,FALSE,FALSE,as_published,TRUE,2015,2015
doi:10.7910/DVN/HPZWJR,TRUE,FALSE,TRUE,as_published,TRUE,2020,2020
doi:10.7910/DVN/HQ1N6A,FALSE,FALSE,FALSE,as_published,FALSE,2016,2016
doi:10.7910/DVN/HQKQCQ,TRUE,FALSE,FALSE,as_published,TRUE,2015,2016
doi:10.7910/DVN/HQQJUK,FALSE,FALSE,TRUE,as_published,TRUE,2024,2024
doi:10.7910/DVN/HRUQZJ,TRUE,FALSE,TRUE,as_published,TRUE,2022,2022
doi:10.7910/DVN/HRUXYI,TRUE,FALSE,TRUE,as_published,TRUE,2024,2024
doi:10.7910/DVN/HS9HW3,FALSE,FALSE,TRUE,as_published,TRUE,2019,2019
doi:10.7910/DVN/HTMX3K,TRUE,FALSE,TRUE,as_published,TRUE,2020,2020
doi:10.7910/DVN/HUKSID,TRUE,FALSE,TRUE,as_published,TRUE,2018,2018
doi:10.7910/DVN/HULLNG,TRUE,FALSE,TRUE,as_published,TRUE,2020,2020
doi:10.7910/DVN/HUYOHI,FALSE,FALSE,TRUE,as_published,TRUE,2021,2021
doi:10.7910/DVN/HUZGPJ,TRUE,FALSE,TRUE,as_published,TRUE,2019,2019
doi:10.7910/DVN/HVHUIP,TRUE,FALSE,FALSE,as_published,TRUE,2018,2018
doi:10.7910/DVN/HWLW0J,TRUE,FALSE,TRUE,as_published,TRUE,2019,2023
doi:10.7910/DVN/HWW8DP,FALSE,FALSE,FALSE,as_published,FALSE,2013,2015
doi:10.7910/DVN/HX6YRD,FALSE,FALSE,FALSE,as_published,FALSE,2022,2022
doi:10.7910/DVN/HXQOCI,TRUE,FALSE,TRUE,as_published,TRUE,2023,2023
doi:10.7910/DVN/I0VEMG,FALSE,FALSE,TRUE,as_published,TRUE,2017,2017
doi:10.7910/DVN/I1HVCJ,TRUE,FALSE,TRUE,as_published,TRUE,2018,2018
doi:10.7910/DVN/I2HEVQ,FALSE,FALSE,TRUE,as_published,TRUE,2023,2023
doi:10.7910/DVN/I32PHE,TRUE,FALSE,FALSE,as_published,TRUE,2019,2019
doi:10.7910/DVN/I3VHZK,TRUE,FALSE,TRUE,as_published,TRUE,2024,2024
doi:10.7910/DVN/I4KVD1,TRUE,FALSE,FALSE,as_published,TRUE,2018,2018
doi:10.7910/DVN/I72HB0,TRUE,FALSE,TRUE,as_published,TRUE,2018,2018
doi:10.7910/DVN/I8B3VS,TRUE,FALSE,TRUE,as_published,TRUE,2024,2024
doi:10.7910/DVN/I9E6EX,FALSE,FALSE,TRUE,as_published,TRUE,2023,2023
doi:10.7910/DVN/IANHOG,TRUE,FALSE,FALSE,as_published,TRUE,2019,2019
doi:10.7910/DVN/IAPQ3X,TRUE,FALSE,TRUE,as_published,TRUE,2019,2019
doi:10.7910/DVN/IBILHS,TRUE,FALSE,TRUE,as_published,TRUE,2023,2023
doi:10.7910/DVN/ICBCM2,FALSE,FALSE,TRUE,as_published,TRUE,2018,2018
doi:10.7910/DVN/IDI93S,TRUE,FALSE,FALSE,as_published,TRUE,2021,2021
doi:10.7910/DVN/IDXWKA,FALSE,FALSE,FALSE,as_published,FALSE,2021,2021
doi:10.7910/DVN/IEQVC7,TRUE,FALSE,TRUE,as_published,TRUE,2020,2020
doi:10.7910/DVN/IESQYC,TRUE,FALSE,FALSE,as_published,TRUE,2024,2024
doi:10.7910/DVN/IFZXQX,FALSE,FALSE,FALSE,as_published,FALSE,2020,2020
doi:10.7910/DVN/IG6ICN,TRUE,FALSE,TRUE,as_published,TRUE,2022,2022
doi:10.7910/DVN/IHMU6B,TRUE,FALSE,TRUE,as_published,TRUE,2023,2023
doi:10.7910/DVN/IIE50D,TRUE,FALSE,TRUE,as_published,TRUE,2019,2019
doi:10.7910/DVN/IIYGGX,TRUE,FALSE,FALSE,as_published,TRUE,2016,2016
doi:10.7910/DVN/IJ2DW4,FALSE,FALSE,TRUE,as_published,TRUE,2024,2024
doi:10.7910/DVN/IK4NUZ,TRUE,FALSE,FALSE,as_published,TRUE,2021,2021
doi:10.7910/DVN/IKM2A4,TRUE,FALSE,TRUE,as_published,TRUE,2020,2020
doi:10.7910/DVN/IM0FZN,TRUE,FALSE,TRUE,as_published,TRUE,2021,2021
doi:10.7910/DVN/IMBQJB,TRUE,FALSE,TRUE,as_published,TRUE,2021,2021
doi:10.7910/DVN/IN2E8O,TRUE,FALSE,TRUE,as_published,TRUE,2021,2021
doi:10.7910/DVN/INOLBS,TRUE,FALSE,FALSE,as_published,TRUE,2013,2015
doi:10.7910/DVN/INVDWM,TRUE,FALSE,FALSE,as_published,TRUE,2017,2017
doi:10.7910/DVN/INXGMT,FALSE,FALSE,TRUE,as_published,TRUE,2015,2015
doi:10.7910/DVN/IO89OI,TRUE,FALSE,FALSE,as_published,TRUE,2017,2017
doi:10.7910/DVN/IOAMVW,FALSE,FALSE,TRUE,as_published,TRUE,2023,2023
doi:10.7910/DVN/IOVCO4,FALSE,FALSE,TRUE,as_published,TRUE,2022,2022
doi:10.7910/DVN/IPFOXC,FALSE,FALSE,FALSE,as_published,FALSE,2024,2024
doi:10.7910/DVN/IPGCTN,TRUE,FALSE,FALSE,as_published,TRUE,2024,2024
doi:10.7910/DVN/IPWGL3,TRUE,FALSE,TRUE,as_published,TRUE,2021,2021
doi:10.7910/DVN/IPXFX7,TRUE,FALSE,TRUE,as_published,TRUE,2023,2023
doi:10.7910/DVN/IQW9LQ,TRUE,FALSE,TRUE,as_published,TRUE,2013,2013
doi:10.7910/DVN/IROJ12,TRUE,FALSE,TRUE,as_published,TRUE,2021,2021
doi:10.7910/DVN/ISBPIH,FALSE,FALSE,FALSE,as_published,FALSE,2022,2022
doi:10.7910/DVN/ITKNX5,TRUE,FALSE,TRUE,as_published,TRUE,2021,2021
doi:10.7910/DVN/IUB62M,TRUE,FALSE,FALSE,as_published,TRUE,2018,2018
doi:10.7910/DVN/IUG2C4,FALSE,FALSE,TRUE,as_published,TRUE,2015,2015
doi:10.7910/DVN/IUJPYK,FALSE,FALSE,TRUE,as_published,TRUE,2017,2017
doi:10.7910/DVN/IUXG2I,FALSE,FALSE,FALSE,as_published,FALSE,2019,2019
doi:10.7910/DVN/IUZDQI,TRUE,FALSE,FALSE,as_published,TRUE,2020,2020
doi:10.7910/DVN/IVILML,TRUE,FALSE,TRUE,as_published,TRUE,2023,2023
doi:10.7910/DVN/IVPUQT,FALSE,FALSE,FALSE,as_published,FALSE,2016,2016
doi:10.7910/DVN/IWTPVO,FALSE,FALSE,FALSE,as_published,FALSE,2017,2017
doi:10.7910/DVN/IX1JQG,FALSE,FALSE,TRUE,as_published,TRUE,2024,2024
doi:10.7910/DVN/IXTLRP,FALSE,FALSE,TRUE,as_published,TRUE,2022,2022
doi:10.7910/DVN/IXWZZO,FALSE,FALSE,TRUE,as_published,TRUE,2016,2016
doi:10.7910/DVN/IYC3GR,TRUE,FALSE,TRUE,as_published,TRUE,2021,2021
doi:10.7910/DVN/IYN1YN,TRUE,TRUE,FALSE,as_published,TRUE,2024,2024
doi:10.7910/DVN/IYZWUD,FALSE,FALSE,FALSE,as_published,FALSE,2015,2015
doi:10.7910/DVN/IZC5P1,FALSE,FALSE,FALSE,as_published,FALSE,2017,2017
doi:10.7910/DVN/IZWS10,TRUE,FALSE,TRUE,as_published,TRUE,2023,2023
doi:10.7910/DVN/J0GBTX,TRUE,FALSE,TRUE,as_published,TRUE,2020,2020
doi:10.7910/DVN/J2FA5R,FALSE,FALSE,TRUE,as_published,TRUE,2017,2017
doi:10.7910/DVN/J2MNEU,FALSE,FALSE,FALSE,as_published,FALSE,2023,2023
doi:10.7910/DVN/J4KRBG,FALSE,FALSE,TRUE,as_published,TRUE,2017,2017
doi:10.7910/DVN/J7RTIW,TRUE,FALSE,FALSE,as_published,TRUE,2023,2023
doi:10.7910/DVN/J7WOKC,TRUE,FALSE,TRUE,as_published,TRUE,2019,2019
doi:10.7910/DVN/J9RCVH,TRUE,FALSE,TRUE,as_published,TRUE,2024,2024
doi:10.7910/DVN/JADOZL,TRUE,TRUE,TRUE,as_published,TRUE,2024,2024
doi:10.7910/DVN/JBXFCE,TRUE,FALSE,FALSE,as_published,TRUE,2022,2022
doi:10.7910/DVN/JCGCT5,FALSE,FALSE,FALSE,as_published,FALSE,2013,2015
doi:10.7910/DVN/JCSOB8,FALSE,FALSE,TRUE,as_published,TRUE,2022,2022
doi:10.7910/DVN/JCT3F7,TRUE,FALSE,TRUE,as_published,TRUE,2022,2022
doi:10.7910/DVN/JDPNNU,FALSE,FALSE,TRUE,as_published,TRUE,2015,2015
doi:10.7910/DVN/JFQV7S,FALSE,FALSE,FALSE,as_published,FALSE,2019,2019
doi:10.7910/DVN/JGN8KR,TRUE,FALSE,FALSE,as_published,TRUE,2024,2024
doi:10.7910/DVN/JHJJW0,TRUE,FALSE,TRUE,as_published,TRUE,2021,2021
doi:10.7910/DVN/JIFKOU,TRUE,FALSE,FALSE,as_published,TRUE,2020,2020
doi:10.7910/DVN/JIIICD,FALSE,FALSE,TRUE,as_published,TRUE,2016,2016
doi:10.7910/DVN/JIVKHE,TRUE,FALSE,TRUE,as_published,TRUE,2024,2024
doi:10.7910/DVN/JK4FMH,TRUE,FALSE,TRUE,as_published,TRUE,2023,2023
doi:10.7910/DVN/JM7LGF,TRUE,FALSE,FALSE,as_published,TRUE,2023,2023
doi:10.7910/DVN/JMNFLR,TRUE,FALSE,FALSE,as_published,TRUE,2020,2020
doi:10.7910/DVN/JNEQYJ,FALSE,FALSE,FALSE,as_published,FALSE,2018,2018
doi:10.7910/DVN/JNFMNQ,FALSE,FALSE,FALSE,as_published,FALSE,2017,2017
doi:10.7910/DVN/JNV3XO,TRUE,FALSE,TRUE,as_published,TRUE,2022,2024
doi:10.7910/DVN/JO8C7A,FALSE,FALSE,FALSE,as_published,FALSE,2021,2021
doi:10.7910/DVN/JORLQM,TRUE,FALSE,TRUE,as_published,TRUE,2020,2020
doi:10.7910/DVN/JOXCZY,TRUE,TRUE,FALSE,as_published,TRUE,2016,2016
doi:10.7910/DVN/JOZR5H,TRUE,FALSE,TRUE,as_published,TRUE,2023,2023
doi:10.7910/DVN/JPHHJV,TRUE,FALSE,TRUE,as_published,TRUE,2023,2023
doi:10.7910/DVN/JPKJSJ,TRUE,FALSE,TRUE,as_published,TRUE,2024,2024
doi:10.7910/DVN/JPVEX5,TRUE,TRUE,TRUE,as_published,TRUE,2022,2022
doi:10.7910/DVN/JQGLHX,TRUE,FALSE,TRUE,as_published,TRUE,2021,2021
doi:10.7910/DVN/JSDUTQ,TRUE,FALSE,FALSE,as_published,TRUE,2017,2017
doi:10.7910/DVN/JSQQSR,TRUE,FALSE,TRUE,as_published,TRUE,2024,2024
doi:10.7910/DVN/JSR0OE,FALSE,FALSE,TRUE,as_published,TRUE,2018,2018
doi:10.7910/DVN/JTGHQD,TRUE,FALSE,TRUE,as_published,TRUE,2023,2023
doi:10.7910/DVN/JTKVX2,FALSE,FALSE,TRUE,as_published,TRUE,2021,2021
doi:10.7910/DVN/JTV6W6,TRUE,FALSE,FALSE,as_published,TRUE,2017,2017
doi:10.7910/DVN/JW5B3P,TRUE,FALSE,TRUE,as_published,TRUE,2023,2023
doi:10.7910/DVN/JWCN9A,TRUE,FALSE,TRUE,as_published,TRUE,2024,2024
doi:10.7910/DVN/JWJRME,FALSE,FALSE,FALSE,as_published,FALSE,2019,2019
doi:10.7910/DVN/JYJLUB,TRUE,FALSE,TRUE,as_published,TRUE,2024,2024
doi:10.7910/DVN/JYKL9M,TRUE,FALSE,TRUE,as_published,TRUE,2019,2019
doi:10.7910/DVN/K0BFAG,TRUE,FALSE,TRUE,as_published,TRUE,2022,2022
doi:10.7910/DVN/K1XN7Q,FALSE,FALSE,TRUE,as_published,TRUE,2017,2017
doi:10.7910/DVN/K2CGSN,FALSE,FALSE,FALSE,as_published,FALSE,2023,2023
doi:10.7910/DVN/K3P78R,TRUE,FALSE,FALSE,as_published,TRUE,2017,2017
doi:10.7910/DVN/K3QWZW,TRUE,FALSE,TRUE,as_published,TRUE,2017,2018
doi:10.7910/DVN/K4L5YI,TRUE,FALSE,TRUE,as_published,TRUE,2021,2021
doi:10.7910/DVN/K7292I,FALSE,FALSE,FALSE,as_published,FALSE,2015,2015
doi:10.7910/DVN/K7OCDX,TRUE,FALSE,FALSE,as_published,TRUE,2018,2018
doi:10.7910/DVN/K8SC39,TRUE,FALSE,FALSE,as_published,TRUE,2016,2016
doi:10.7910/DVN/KAHHWQ,TRUE,FALSE,FALSE,as_published,TRUE,2022,2022
doi:10.7910/DVN/KAQVNP,TRUE,FALSE,FALSE,as_published,TRUE,2015,2015
doi:10.7910/DVN/KBRXOR,FALSE,FALSE,FALSE,as_published,FALSE,2017,2017
doi:10.7910/DVN/KC73TR,FALSE,FALSE,FALSE,as_published,FALSE,2016,2016
doi:10.7910/DVN/KDOM7E,TRUE,FALSE,FALSE,as_published,TRUE,2021,2021
doi:10.7910/DVN/KDSF60,FALSE,FALSE,FALSE,as_published,FALSE,2017,2017
doi:10.7910/DVN/KDUMRM,TRUE,FALSE,TRUE,as_published,TRUE,2021,2021
doi:10.7910/DVN/KEWQJS,TRUE,FALSE,FALSE,as_published,TRUE,2023,2023
doi:10.7910/DVN/KEWY2U,FALSE,FALSE,TRUE,as_published,TRUE,2024,2024
doi:10.7910/DVN/KFQOCV,FALSE,FALSE,TRUE,as_published,TRUE,2019,2019
doi:10.7910/DVN/KFSNWU,TRUE,FALSE,TRUE,as_published,TRUE,2022,2022
doi:10.7910/DVN/KG2APR,FALSE,FALSE,TRUE,as_published,TRUE,2019,2019
doi:10.7910/DVN/KGHEU4,TRUE,FALSE,FALSE,as_published,TRUE,2018,2018
doi:10.7910/DVN/KGK9QO,TRUE,FALSE,TRUE,as_published,TRUE,2018,2018
doi:10.7910/DVN/KGOUYI,TRUE,FALSE,TRUE,as_published,TRUE,2017,2019
doi:10.7910/DVN/KGRITG,FALSE,FALSE,TRUE,as_published,TRUE,2023,2023
doi:10.7910/DVN/KGVBNC,FALSE,FALSE,TRUE,as_published,TRUE,2018,2018
doi:10.7910/DVN/KGZGLT,FALSE,FALSE,TRUE,as_published,TRUE,2018,2018
doi:10.7910/DVN/KH9N7W,FALSE,FALSE,TRUE,as_published,TRUE,2020,2020
doi:10.7910/DVN/KJ6X76,FALSE,FALSE,TRUE,as_published,TRUE,2018,2018
doi:10.7910/DVN/KJWKLR,TRUE,FALSE,TRUE,as_published,TRUE,2023,2023
doi:10.7910/DVN/KKEVEA,TRUE,TRUE,TRUE,as_published,TRUE,2024,2024
doi:10.7910/DVN/KKQFKA,FALSE,FALSE,FALSE,as_published,FALSE,2019,2019
doi:10.7910/DVN/KKS1R0,TRUE,FALSE,TRUE,as_published,TRUE,2016,2016
doi:10.7910/DVN/KKTXVB,FALSE,FALSE,TRUE,as_published,TRUE,2013,2015
doi:10.7910/DVN/KL36TP,FALSE,FALSE,TRUE,as_published,TRUE,2021,2021
doi:10.7910/DVN/KL7J6Z,TRUE,FALSE,FALSE,as_published,TRUE,2016,2016
doi:10.7910/DVN/KNFPV6,FALSE,FALSE,FALSE,as_published,FALSE,2020,2020
doi:10.7910/DVN/KPCLFQ,TRUE,FALSE,TRUE,as_published,TRUE,2019,2019
doi:10.7910/DVN/KPJUFL,FALSE,FALSE,TRUE,as_published,TRUE,2018,2018
doi:10.7910/DVN/KPS1KY,TRUE,TRUE,TRUE,as_published,TRUE,2019,2019
doi:10.7910/DVN/KQJKY0,FALSE,FALSE,FALSE,as_published,FALSE,2020,2020
doi:10.7910/DVN/KQU3RR,TRUE,FALSE,TRUE,as_published,TRUE,2019,2019
doi:10.7910/DVN/KRIR6G,FALSE,FALSE,TRUE,as_published,TRUE,2020,2020
doi:10.7910/DVN/KRN6TB,TRUE,FALSE,TRUE,as_published,TRUE,2023,2023
doi:10.7910/DVN/KRNGAS,TRUE,FALSE,FALSE,as_published,TRUE,2022,2022
doi:10.7910/DVN/KSWI03,TRUE,FALSE,TRUE,as_published,TRUE,2018,2018
doi:10.7910/DVN/KTCXTE,FALSE,FALSE,FALSE,as_published,FALSE,2018,2018
doi:10.7910/DVN/KU4OCK,FALSE,FALSE,FALSE,as_published,FALSE,2021,2021
doi:10.7910/DVN/KUWA5X,FALSE,FALSE,TRUE,as_published,TRUE,2016,2016
doi:10.7910/DVN/KVIJSY,TRUE,FALSE,TRUE,as_published,TRUE,2019,2019
doi:10.7910/DVN/KVPF3F,TRUE,FALSE,TRUE,as_published,TRUE,2021,2021
doi:10.7910/DVN/KWPEKK,TRUE,FALSE,FALSE,as_published,TRUE,2018,2018
doi:10.7910/DVN/KXDRXB,TRUE,FALSE,TRUE,as_published,TRUE,2022,2022
doi:10.7910/DVN/KXIN0A,TRUE,FALSE,TRUE,as_published,TRUE,2019,2019
doi:10.7910/DVN/KYI9AR,FALSE,FALSE,TRUE,as_published,TRUE,2017,2017
doi:10.7910/DVN/L17KS1,FALSE,FALSE,FALSE,as_published,FALSE,2016,2016
doi:10.7910/DVN/L4IOHC,TRUE,FALSE,FALSE,as_published,TRUE,2018,2018
doi:10.7910/DVN/L6WBON,TRUE,FALSE,TRUE,as_published,TRUE,2023,2023
doi:10.7910/DVN/L8YLCJ,FALSE,FALSE,TRUE,as_published,TRUE,2016,2016
doi:10.7910/DVN/LAKKDP,FALSE,FALSE,TRUE,as_published,TRUE,2024,2024
doi:10.7910/DVN/LAVHXW,FALSE,FALSE,TRUE,as_published,TRUE,2022,2022
doi:10.7910/DVN/LBAV1Q,FALSE,FALSE,FALSE,as_published,FALSE,2021,2021
doi:10.7910/DVN/LBMRFX,FALSE,FALSE,FALSE,as_published,FALSE,2017,2017
doi:10.7910/DVN/LCCOH6,TRUE,FALSE,TRUE,as_published,TRUE,2021,2021
doi:10.7910/DVN/LCDBRU,FALSE,FALSE,FALSE,as_published,FALSE,2016,2017
doi:10.7910/DVN/LCWR7G,TRUE,FALSE,TRUE,as_published,TRUE,2020,2020
doi:10.7910/DVN/LD6NL8,TRUE,FALSE,TRUE,as_published,TRUE,2017,2017
doi:10.7910/DVN/LDRTZI,TRUE,FALSE,TRUE,as_published,TRUE,2017,2017
doi:10.7910/DVN/LEKKGT,TRUE,FALSE,TRUE,as_published,TRUE,2019,2019
doi:10.7910/DVN/LEV1RR,TRUE,FALSE,FALSE,as_published,TRUE,2021,2021
doi:10.7910/DVN/LFLCMA,TRUE,FALSE,TRUE,as_published,TRUE,2021,2021
doi:10.7910/DVN/LFQZVU,TRUE,FALSE,FALSE,as_published,TRUE,2018,2018
doi:10.7910/DVN/LGDIZD,TRUE,FALSE,TRUE,as_published,TRUE,2016,2016
doi:10.7910/DVN/LHOTOK,TRUE,FALSE,TRUE,as_published,TRUE,2020,2020
doi:10.7910/DVN/LHTRWM,TRUE,FALSE,TRUE,as_published,TRUE,2021,2021
doi:10.7910/DVN/LHWSBT,TRUE,FALSE,TRUE,as_published,TRUE,2021,2021
doi:10.7910/DVN/LIIUJK,FALSE,FALSE,TRUE,as_published,TRUE,2024,2024
doi:10.7910/DVN/LIJSWE,TRUE,FALSE,TRUE,as_published,TRUE,2021,2021
doi:10.7910/DVN/LIXQUW,FALSE,FALSE,TRUE,as_published,TRUE,2021,2021
doi:10.7910/DVN/LJPHFR,TRUE,FALSE,TRUE,as_published,TRUE,2023,2023
doi:10.7910/DVN/LJVBT6,TRUE,FALSE,TRUE,as_published,TRUE,2017,2017
doi:10.7910/DVN/LKE1WQ,TRUE,FALSE,TRUE,as_published,TRUE,2022,2022
doi:10.7910/DVN/LKRKQJ,FALSE,FALSE,TRUE,as_published,TRUE,2023,2023
doi:10.7910/DVN/LLPKNG,FALSE,FALSE,TRUE,as_published,TRUE,2022,2022
doi:10.7910/DVN/LLQ5ZL,TRUE,FALSE,FALSE,as_published,TRUE,2024,2024
doi:10.7910/DVN/LNPAOC,TRUE,FALSE,TRUE,as_published,TRUE,2017,2017
doi:10.7910/DVN/LNUYXZ,TRUE,FALSE,TRUE,as_published,TRUE,2018,2018
doi:10.7910/DVN/LOBXKJ,FALSE,FALSE,TRUE,as_published,TRUE,2018,2018
doi:10.7910/DVN/LP1SQY,FALSE,FALSE,TRUE,as_published,TRUE,2018,2018
doi:10.7910/DVN/LTPPVH,TRUE,FALSE,FALSE,as_published,TRUE,2017,2017
doi:10.7910/DVN/LUBZFJ,TRUE,FALSE,FALSE,as_published,TRUE,2013,2015
doi:10.7910/DVN/LUXWMV,TRUE,FALSE,TRUE,as_published,TRUE,2024,2024
doi:10.7910/DVN/LVHIYG,TRUE,FALSE,FALSE,as_published,TRUE,2016,2016
doi:10.7910/DVN/LVOSAF,FALSE,FALSE,FALSE,as_published,FALSE,2013,2015
doi:10.7910/DVN/LXFYVH,TRUE,FALSE,TRUE,as_published,TRUE,2024,2024
doi:10.7910/DVN/LXIBYP,TRUE,FALSE,TRUE,as_published,TRUE,2018,2018
doi:10.7910/DVN/LXYVSA,TRUE,FALSE,TRUE,as_published,TRUE,2024,2024
doi:10.7910/DVN/LZGQOH,TRUE,FALSE,TRUE,as_published,TRUE,2016,2016
doi:10.7910/DVN/LZV8LU,TRUE,FALSE,TRUE,as_published,TRUE,2022,2022
doi:10.7910/DVN/M046SB,TRUE,FALSE,FALSE,as_published,TRUE,2019,2019
doi:10.7910/DVN/M06IRS,FALSE,FALSE,TRUE,as_published,TRUE,2023,2023
doi:10.7910/DVN/M0LB5V,TRUE,FALSE,TRUE,as_published,TRUE,2023,2023
doi:10.7910/DVN/M2E5OI,TRUE,FALSE,FALSE,as_published,TRUE,2020,2020
doi:10.7910/DVN/M2QGOZ,TRUE,FALSE,TRUE,as_published,TRUE,2023,2023
doi:10.7910/DVN/M3O9O6,TRUE,FALSE,FALSE,as_published,TRUE,2019,2019
doi:10.7910/DVN/M402TU,TRUE,FALSE,TRUE,as_published,TRUE,2019,2019
doi:10.7910/DVN/M89XMZ,TRUE,FALSE,FALSE,as_published,TRUE,2019,2019
doi:10.7910/DVN/M9LGXX,TRUE,FALSE,TRUE,as_published,TRUE,2022,2022
doi:10.7910/DVN/M9VJAV,TRUE,FALSE,FALSE,as_published,TRUE,2017,2017
doi:10.7910/DVN/MB2UKU,FALSE,FALSE,FALSE,as_published,FALSE,2019,2019
doi:10.7910/DVN/MB8FGY,FALSE,FALSE,TRUE,as_published,TRUE,2022,2022
doi:10.7910/DVN/MBMU7F,FALSE,FALSE,TRUE,as_published,TRUE,2024,2024
doi:10.7910/DVN/MCEFXL,TRUE,FALSE,FALSE,as_published,TRUE,2020,2020
doi:10.7910/DVN/MDDS0T,TRUE,FALSE,TRUE,as_published,TRUE,2022,2022
doi:10.7910/DVN/MDUHGS,FALSE,FALSE,FALSE,as_published,FALSE,2023,2023
doi:10.7910/DVN/MEIMWN,TRUE,FALSE,TRUE,as_published,TRUE,2022,2022
doi:10.7910/DVN/MFFV3C,FALSE,FALSE,TRUE,as_published,TRUE,2022,2022
doi:10.7910/DVN/MGQMTX,FALSE,FALSE,TRUE,as_published,TRUE,2024,2024
doi:10.7910/DVN/MIOVA9,TRUE,FALSE,TRUE,as_published,TRUE,2021,2021
doi:10.7910/DVN/MIXK94,FALSE,FALSE,FALSE,as_published,FALSE,2015,2015
doi:10.7910/DVN/MJSMJB,FALSE,FALSE,TRUE,as_published,TRUE,2015,2015
doi:10.7910/DVN/MK5PXM,TRUE,FALSE,TRUE,as_published,TRUE,2024,2024
doi:10.7910/DVN/MKW8CS,FALSE,FALSE,TRUE,as_published,TRUE,2019,2019
doi:10.7910/DVN/MKWIHN,TRUE,FALSE,TRUE,as_published,TRUE,2023,2023
doi:10.7910/DVN/MLH2FY,TRUE,FALSE,TRUE,as_published,TRUE,2017,2017
doi:10.7910/DVN/MLJQQN,TRUE,FALSE,TRUE,as_published,TRUE,2024,2024
doi:10.7910/DVN/MLTZIE,TRUE,FALSE,TRUE,as_published,TRUE,2019,2019
doi:10.7910/DVN/MLZ39X,TRUE,FALSE,TRUE,as_published,TRUE,2024,2024
doi:10.7910/DVN/MM2VWC,TRUE,TRUE,TRUE,as_published,TRUE,2019,2019
doi:10.7910/DVN/MME5SS,FALSE,FALSE,FALSE,as_published,FALSE,2021,2021
doi:10.7910/DVN/MMYAOY,TRUE,FALSE,TRUE,as_published,TRUE,2021,2021
doi:10.7910/DVN/MO3KOQ,TRUE,FALSE,TRUE,as_published,TRUE,2018,2020
doi:10.7910/DVN/MOL5B3,FALSE,FALSE,TRUE,as_published,TRUE,2020,2020
doi:10.7910/DVN/MOTRM2,TRUE,FALSE,TRUE,as_published,TRUE,2017,2017
doi:10.7910/DVN/MP1NSJ,TRUE,FALSE,FALSE,as_published,TRUE,2017,2017
doi:10.7910/DVN/MPBGXL,TRUE,FALSE,FALSE,as_published,TRUE,2019,2019
doi:10.7910/DVN/MPJ50I,TRUE,FALSE,TRUE,as_published,TRUE,2022,2022
doi:10.7910/DVN/MPQQC0,FALSE,FALSE,TRUE,as_published,TRUE,2017,2017
doi:10.7910/DVN/MPTSQR,TRUE,FALSE,FALSE,as_published,TRUE,2023,2024
doi:10.7910/DVN/MQRHUZ,FALSE,FALSE,TRUE,as_published,TRUE,2020,2020
doi:10.7910/DVN/MQVUUD,FALSE,FALSE,TRUE,as_published,TRUE,2021,2021
doi:10.7910/DVN/MRCC5Z,FALSE,FALSE,FALSE,as_published,FALSE,2024,2024
doi:10.7910/DVN/MS6ZTZ,TRUE,FALSE,FALSE,as_published,TRUE,2019,2019
doi:10.7910/DVN/MSTR3F,FALSE,FALSE,TRUE,as_published,TRUE,2016,2016
doi:10.7910/DVN/MTQEE1,TRUE,FALSE,TRUE,as_published,TRUE,2019,2019
doi:10.7910/DVN/MURIT2,TRUE,FALSE,TRUE,as_published,TRUE,2021,2021
doi:10.7910/DVN/MUSFYH,TRUE,FALSE,TRUE,as_published,TRUE,2021,2021
doi:10.7910/DVN/MVD5VP,TRUE,FALSE,FALSE,as_published,TRUE,2018,2018
doi:10.7910/DVN/MVDWCS,TRUE,FALSE,FALSE,as_published,TRUE,2021,2021
doi:10.7910/DVN/MVN4DP,TRUE,FALSE,TRUE,as_published,TRUE,2016,2016
doi:10.7910/DVN/MWBXDN,FALSE,FALSE,TRUE,as_published,TRUE,2020,2020
doi:10.7910/DVN/MWNBXO,FALSE,FALSE,FALSE,as_published,FALSE,2015,2015
doi:10.7910/DVN/MWS8QF,FALSE,FALSE,TRUE,as_published,TRUE,2022,2025
doi:10.7910/DVN/MYDZNF,FALSE,FALSE,FALSE,as_published,FALSE,2018,2018
doi:10.7910/DVN/MYF97D,FALSE,FALSE,TRUE,as_published,TRUE,2020,2020
doi:10.7910/DVN/MYM5OB,TRUE,FALSE,TRUE,as_published,TRUE,2021,2021
doi:10.7910/DVN/MZIKCS,FALSE,FALSE,TRUE,as_published,TRUE,2018,2018
doi:10.7910/DVN/MZKJDR,FALSE,FALSE,TRUE,as_published,TRUE,2018,2018
doi:10.7910/DVN/N01LDH,TRUE,FALSE,TRUE,as_published,TRUE,2020,2020
doi:10.7910/DVN/N1JX6Y,FALSE,FALSE,TRUE,as_published,TRUE,2020,2020
doi:10.7910/DVN/N2XICI,TRUE,FALSE,TRUE,as_published,TRUE,2024,2024
doi:10.7910/DVN/N4RK1D,FALSE,FALSE,TRUE,as_published,TRUE,2019,2019
doi:10.7910/DVN/N6LIMH,TRUE,FALSE,TRUE,as_published,TRUE,2021,2021
doi:10.7910/DVN/N71MOK,TRUE,FALSE,TRUE,as_published,TRUE,2021,2021
doi:10.7910/DVN/NAMZXJ,TRUE,FALSE,FALSE,as_published,TRUE,2019,2019
doi:10.7910/DVN/NBIKED,TRUE,FALSE,TRUE,as_published,TRUE,2023,2023
doi:10.7910/DVN/NBMH7M,FALSE,FALSE,TRUE,as_published,TRUE,2020,2020
doi:10.7910/DVN/NC06GQ,TRUE,FALSE,TRUE,as_published,TRUE,2015,2015
doi:10.7910/DVN/NC28F3,TRUE,FALSE,FALSE,as_published,TRUE,2020,2020
doi:10.7910/DVN/NCUSPZ,TRUE,FALSE,TRUE,as_published,TRUE,2019,2019
doi:10.7910/DVN/NDHKSG,TRUE,FALSE,TRUE,as_published,TRUE,2019,2020
doi:10.7910/DVN/NDHWX0,FALSE,FALSE,TRUE,as_published,TRUE,2021,2021
doi:10.7910/DVN/NDPXND,TRUE,FALSE,TRUE,as_published,TRUE,2020,2020
doi:10.7910/DVN/NE0Y2I,TRUE,FALSE,TRUE,as_published,TRUE,2023,2023
doi:10.7910/DVN/NEIYVD,FALSE,FALSE,TRUE,as_published,TRUE,2017,2017
doi:10.7910/DVN/NFZLI3,TRUE,FALSE,TRUE,as_published,TRUE,2019,2019
doi:10.7910/DVN/NGFLRO,TRUE,FALSE,TRUE,as_published,TRUE,2022,2022
doi:10.7910/DVN/NGMCDS,FALSE,FALSE,TRUE,as_published,TRUE,2023,2023
doi:10.7910/DVN/NGTWWJ,FALSE,FALSE,TRUE,as_published,TRUE,2019,2019
doi:10.7910/DVN/NIGQBX,TRUE,FALSE,TRUE,as_published,TRUE,2016,2016
doi:10.7910/DVN/NIMLAR,TRUE,FALSE,TRUE,as_published,TRUE,2020,2020
doi:10.7910/DVN/NIWSMI,FALSE,FALSE,FALSE,as_published,FALSE,2019,2019
doi:10.7910/DVN/NJIIPR,FALSE,FALSE,FALSE,as_published,FALSE,2023,2023
doi:10.7910/DVN/NJIXYY,FALSE,FALSE,FALSE,as_published,FALSE,2022,2022
doi:10.7910/DVN/NJRZXP,FALSE,FALSE,TRUE,as_published,TRUE,2015,2015
doi:10.7910/DVN/NJWJ0D,FALSE,FALSE,TRUE,as_published,TRUE,2024,2024
doi:10.7910/DVN/NK4SQT,TRUE,FALSE,TRUE,as_published,TRUE,2018,2018
doi:10.7910/DVN/NKCDCO,TRUE,FALSE,TRUE,as_published,TRUE,2022,2022
doi:10.7910/DVN/NKETXF,FALSE,FALSE,TRUE,as_published,TRUE,2023,2023
doi:10.7910/DVN/NKJR7Z,FALSE,FALSE,FALSE,as_published,FALSE,2020,2020
doi:10.7910/DVN/NKN0E8,FALSE,FALSE,FALSE,as_published,FALSE,2015,2015
doi:10.7910/DVN/NM0XLV,FALSE,FALSE,TRUE,as_published,TRUE,2023,2023
doi:10.7910/DVN/NMA2WY,FALSE,FALSE,TRUE,as_published,TRUE,2013,2015
doi:10.7910/DVN/NMCOBF,TRUE,FALSE,TRUE,as_published,TRUE,2018,2018
doi:10.7910/DVN/NMJ4W9,TRUE,FALSE,TRUE,as_published,TRUE,2017,2017
doi:10.7910/DVN/NN0OXE,TRUE,FALSE,FALSE,as_published,TRUE,2022,2022
doi:10.7910/DVN/NNAFVA,FALSE,FALSE,FALSE,as_published,FALSE,2024,2024
doi:10.7910/DVN/NNBZP7,FALSE,FALSE,FALSE,as_published,FALSE,2016,2016
doi:10.7910/DVN/NNNPOU,TRUE,FALSE,TRUE,as_published,TRUE,2019,2019
doi:10.7910/DVN/NOMC0H,TRUE,FALSE,TRUE,as_published,TRUE,2020,2020
doi:10.7910/DVN/NOMRHB,TRUE,FALSE,TRUE,as_published,TRUE,2022,2022
doi:10.7910/DVN/NOWHWG,FALSE,FALSE,FALSE,as_published,FALSE,2019,2019
doi:10.7910/DVN/NOYBCQ,TRUE,FALSE,TRUE,as_published,TRUE,2019,2019
doi:10.7910/DVN/NRAQRH,FALSE,TRUE,TRUE,as_published,TRUE,2018,2018
doi:10.7910/DVN/NRRVJ3,FALSE,FALSE,FALSE,as_published,FALSE,2020,2020
doi:10.7910/DVN/NS3NMH,FALSE,FALSE,TRUE,as_published,TRUE,2016,2016
doi:10.7910/DVN/NSC8TJ,FALSE,FALSE,TRUE,as_published,TRUE,2023,2023
doi:10.7910/DVN/NT7H5O,TRUE,FALSE,TRUE,as_published,TRUE,2024,2024
doi:10.7910/DVN/NUACCP,TRUE,FALSE,TRUE,as_published,TRUE,2013,2015
doi:10.7910/DVN/NVMD6X,TRUE,FALSE,TRUE,as_published,TRUE,2022,2022
doi:10.7910/DVN/NVVVUV,TRUE,FALSE,TRUE,as_published,TRUE,2021,2021
doi:10.7910/DVN/NVXQ0G,TRUE,FALSE,FALSE,as_published,TRUE,2023,2023
doi:10.7910/DVN/NWDZJB,TRUE,FALSE,TRUE,as_published,TRUE,2024,2024
doi:10.7910/DVN/NX0QGA,TRUE,FALSE,FALSE,as_published,TRUE,2023,2023
doi:10.7910/DVN/NXDEGT,TRUE,FALSE,TRUE,as_published,TRUE,2021,2021
doi:10.7910/DVN/NY6NSO,FALSE,FALSE,FALSE,as_published,FALSE,2012,2015
doi:10.7910/DVN/NYONTD,FALSE,FALSE,TRUE,as_published,TRUE,2020,2020
doi:10.7910/DVN/NYOXTE,TRUE,FALSE,TRUE,as_published,TRUE,2023,2023
doi:10.7910/DVN/NYPOQD,TRUE,FALSE,TRUE,as_published,TRUE,2021,2021
doi:10.7910/DVN/O059HN,TRUE,FALSE,TRUE,as_published,TRUE,2020,2020
doi:10.7910/DVN/O0JVDU,TRUE,FALSE,TRUE,as_published,TRUE,2019,2019
doi:10.7910/DVN/O3A06T,TRUE,FALSE,TRUE,as_published,TRUE,2015,2015
doi:10.7910/DVN/O3DTSF,TRUE,FALSE,TRUE,as_published,TRUE,2021,2021
doi:10.7910/DVN/O4P8J1,TRUE,FALSE,TRUE,as_published,TRUE,2018,2018
doi:10.7910/DVN/O6VHZZ,FALSE,FALSE,FALSE,as_published,FALSE,2019,2019
doi:10.7910/DVN/O7DDIN,FALSE,FALSE,FALSE,as_published,FALSE,2012,2015
doi:10.7910/DVN/OA8D7L,TRUE,FALSE,TRUE,as_published,TRUE,2023,2023
doi:10.7910/DVN/OAGZZD,TRUE,FALSE,TRUE,as_published,TRUE,2017,2017
doi:10.7910/DVN/OAOJQZ,FALSE,FALSE,FALSE,as_published,FALSE,2024,2024
doi:10.7910/DVN/OAPCH9,FALSE,FALSE,FALSE,as_published,FALSE,2018,2018
doi:10.7910/DVN/OASXGA,FALSE,FALSE,FALSE,as_published,FALSE,2012,2015
doi:10.7910/DVN/OB00VG,FALSE,FALSE,TRUE,as_published,TRUE,2015,2015
doi:10.7910/DVN/OCUJ2F,TRUE,FALSE,FALSE,as_published,TRUE,2015,2015
doi:10.7910/DVN/OEHBYH,TRUE,FALSE,TRUE,as_published,TRUE,2024,2024
doi:10.7910/DVN/OENR84,TRUE,FALSE,TRUE,as_published,TRUE,2021,2021
doi:10.7910/DVN/OF1JOF,TRUE,FALSE,FALSE,as_published,TRUE,2022,2022
doi:10.7910/DVN/OFCAAE,TRUE,FALSE,FALSE,as_published,TRUE,2021,2021
doi:10.7910/DVN/OGVWDE,TRUE,FALSE,FALSE,as_published,TRUE,2018,2018
doi:10.7910/DVN/OHHVPY,TRUE,FALSE,TRUE,as_published,TRUE,2020,2020
doi:10.7910/DVN/OIJ5ZD,TRUE,FALSE,TRUE,as_published,TRUE,2023,2023
doi:10.7910/DVN/OILORM,FALSE,FALSE,TRUE,as_published,TRUE,2023,2023
doi:10.7910/DVN/OJA7YS,TRUE,FALSE,TRUE,as_published,TRUE,2019,2019
doi:10.7910/DVN/OJCQ5O,FALSE,FALSE,TRUE,as_published,TRUE,2015,2015
doi:10.7910/DVN/OJQJRM,FALSE,FALSE,FALSE,as_published,FALSE,2017,2017
doi:10.7910/DVN/OJUCRU,TRUE,FALSE,TRUE,as_published,TRUE,2020,2020
doi:10.7910/DVN/OKYC0B,TRUE,FALSE,FALSE,as_published,TRUE,2020,2020
doi:10.7910/DVN/OKZMIY,TRUE,FALSE,FALSE,as_published,TRUE,2019,2019
doi:10.7910/DVN/OL16K3,TRUE,FALSE,TRUE,as_published,TRUE,2021,2021
doi:10.7910/DVN/OLTXFC,TRUE,FALSE,TRUE,as_published,TRUE,2019,2019
doi:10.7910/DVN/OM2N3X,FALSE,FALSE,TRUE,as_published,TRUE,2024,2024
doi:10.7910/DVN/OM6ZUR,TRUE,FALSE,TRUE,as_published,TRUE,2023,2023
doi:10.7910/DVN/OMABN4,TRUE,FALSE,FALSE,as_published,TRUE,2021,2022
doi:10.7910/DVN/OMESOW,FALSE,FALSE,FALSE,as_published,FALSE,2012,2015
doi:10.7910/DVN/OMPDH0,TRUE,FALSE,TRUE,as_published,TRUE,2022,2022
doi:10.7910/DVN/ON8RBD,TRUE,FALSE,TRUE,as_published,TRUE,2019,2019
doi:10.7910/DVN/OO6RB0,TRUE,FALSE,TRUE,as_published,TRUE,2024,2024
doi:10.7910/DVN/OO8ZCC,FALSE,FALSE,FALSE,as_published,FALSE,2012,2015
doi:10.7910/DVN/OOIEAO,TRUE,FALSE,TRUE,as_published,TRUE,2018,2018
doi:10.7910/DVN/OOLBO9,TRUE,FALSE,TRUE,as_published,TRUE,2019,2019
doi:10.7910/DVN/OOLFGP,TRUE,FALSE,FALSE,as_published,TRUE,2017,2017
doi:10.7910/DVN/ORRRTW,TRUE,FALSE,TRUE,as_published,TRUE,2023,2023
doi:10.7910/DVN/OSJD7T,FALSE,FALSE,TRUE,as_published,TRUE,2023,2023
doi:10.7910/DVN/OWVXUD,TRUE,FALSE,TRUE,as_published,TRUE,2021,2021
doi:10.7910/DVN/OX5CZF,TRUE,FALSE,FALSE,as_published,TRUE,2015,2015
doi:10.7910/DVN/OXGMLI,FALSE,FALSE,TRUE,as_published,TRUE,2022,2022
doi:10.7910/DVN/OXSQMU,TRUE,FALSE,FALSE,as_published,TRUE,2022,2022
doi:10.7910/DVN/OYIAYK,FALSE,FALSE,TRUE,as_published,TRUE,2020,2020
doi:10.7910/DVN/P1PEGO,FALSE,FALSE,FALSE,as_published,FALSE,2018,2018
doi:10.7910/DVN/P1TL97,TRUE,FALSE,TRUE,as_published,TRUE,2024,2024
doi:10.7910/DVN/P2U84B,TRUE,FALSE,TRUE,as_published,TRUE,2024,2024
doi:10.7910/DVN/P3RXDM,TRUE,FALSE,TRUE,as_published,TRUE,2020,2020
doi:10.7910/DVN/P3XVFO,FALSE,FALSE,TRUE,as_published,TRUE,2021,2021
doi:10.7910/DVN/P5TAFD,TRUE,FALSE,TRUE,as_published,TRUE,2020,2020
doi:10.7910/DVN/P6N636,FALSE,FALSE,FALSE,as_published,FALSE,2021,2021
doi:10.7910/DVN/P7NAJW,TRUE,FALSE,TRUE,as_published,TRUE,2020,2020
doi:10.7910/DVN/PATI3W,TRUE,FALSE,TRUE,as_published,TRUE,2022,2022
doi:10.7910/DVN/PB8X8P,TRUE,FALSE,TRUE,as_published,TRUE,2018,2018
doi:10.7910/DVN/PBHNHR,TRUE,FALSE,TRUE,as_published,TRUE,2020,2020
doi:10.7910/DVN/PBQRGQ,TRUE,FALSE,TRUE,as_published,TRUE,2019,2019
doi:10.7910/DVN/PEHPBY,TRUE,FALSE,TRUE,as_published,TRUE,2020,2020
doi:10.7910/DVN/PENDX4,TRUE,FALSE,TRUE,as_published,TRUE,2017,2017
doi:10.7910/DVN/PGCVDP,FALSE,FALSE,TRUE,as_published,TRUE,2017,2017
doi:10.7910/DVN/PGFOXW,TRUE,FALSE,TRUE,as_published,TRUE,2019,2019
doi:10.7910/DVN/PGGBB4,TRUE,FALSE,TRUE,as_published,TRUE,2019,2021
doi:10.7910/DVN/PGGT4N,TRUE,FALSE,TRUE,as_published,TRUE,2024,2024
doi:10.7910/DVN/PGNYUJ,TRUE,FALSE,FALSE,as_published,TRUE,2021,2021
doi:10.7910/DVN/PIBK5I,TRUE,FALSE,TRUE,as_published,TRUE,2024,2024
doi:10.7910/DVN/PIMURE,FALSE,FALSE,FALSE,as_published,FALSE,2020,2020
doi:10.7910/DVN/PKI60Z,FALSE,FALSE,TRUE,as_published,TRUE,2022,2022
doi:10.7910/DVN/PL2XFD,TRUE,FALSE,TRUE,as_published,TRUE,2017,2017
doi:10.7910/DVN/PLKWUL,TRUE,FALSE,TRUE,as_published,TRUE,2024,2024
doi:10.7910/DVN/PLLBQJ,FALSE,FALSE,TRUE,as_published,TRUE,2016,2016
doi:10.7910/DVN/PLZ9LJ,FALSE,FALSE,TRUE,as_published,TRUE,2022,2022
doi:10.7910/DVN/PMYBBM,TRUE,FALSE,FALSE,as_published,TRUE,2020,2020
doi:10.7910/DVN/PNYG29,FALSE,FALSE,TRUE,as_published,TRUE,2021,2021
doi:10.7910/DVN/PNYLIY,FALSE,FALSE,FALSE,as_published,FALSE,2018,2018
doi:10.7910/DVN/POMIFD,FALSE,FALSE,TRUE,as_published,TRUE,2022,2022
doi:10.7910/DVN/PORBIU,FALSE,FALSE,FALSE,as_published,FALSE,2022,2022
doi:10.7910/DVN/PPVWIG,TRUE,FALSE,TRUE,as_published,TRUE,2024,2024
doi:10.7910/DVN/PRYYZ5,TRUE,FALSE,TRUE,as_published,TRUE,2023,2023
doi:10.7910/DVN/PSSLAC,TRUE,FALSE,TRUE,as_published,TRUE,2021,2021
doi:10.7910/DVN/PTHMQU,TRUE,FALSE,TRUE,as_published,TRUE,2021,2021
doi:10.7910/DVN/PTIERC,TRUE,FALSE,FALSE,as_published,TRUE,2016,2016
doi:10.7910/DVN/PTOYUX,TRUE,FALSE,FALSE,as_published,TRUE,2016,2016
doi:10.7910/DVN/PUIJIU,FALSE,FALSE,TRUE,as_published,TRUE,2019,2019
doi:10.7910/DVN/PUIROM,FALSE,FALSE,FALSE,as_published,FALSE,2019,2019
doi:10.7910/DVN/PWRN9K,FALSE,FALSE,FALSE,as_published,FALSE,2012,2015
doi:10.7910/DVN/PXIMVL,FALSE,FALSE,TRUE,as_published,TRUE,2020,2020
doi:10.7910/DVN/PXXUCO,TRUE,FALSE,TRUE,as_published,TRUE,2022,2022
doi:10.7910/DVN/PY0NKM,TRUE,FALSE,TRUE,as_published,TRUE,2024,2024
doi:10.7910/DVN/PYKLCA,FALSE,FALSE,TRUE,as_published,TRUE,2012,2015
doi:10.7910/DVN/PYWNTB,TRUE,FALSE,FALSE,as_published,TRUE,2015,2015
doi:10.7910/DVN/PZAOO6,FALSE,FALSE,TRUE,as_published,TRUE,2012,2015
doi:10.7910/DVN/PZHUFO,TRUE,FALSE,FALSE,as_published,TRUE,2023,2023
doi:10.7910/DVN/PZZB1Z,FALSE,FALSE,FALSE,as_published,FALSE,2023,2023
doi:10.7910/DVN/Q0CNZA,TRUE,FALSE,TRUE,as_published,TRUE,2020,2020
doi:10.7910/DVN/Q0XAPV,FALSE,FALSE,TRUE,as_published,TRUE,2015,2015
doi:10.7910/DVN/Q1WIDV,FALSE,FALSE,TRUE,as_published,TRUE,2022,2022
doi:10.7910/DVN/Q4VN7A,TRUE,FALSE,FALSE,as_published,TRUE,2021,2021
doi:10.7910/DVN/Q5M4UQ,FALSE,FALSE,TRUE,as_published,TRUE,2017,2017
doi:10.7910/DVN/Q5PRNX,FALSE,FALSE,TRUE,as_published,TRUE,2020,2020
doi:10.7910/DVN/Q5PV4U,TRUE,FALSE,TRUE,as_published,TRUE,2020,2020
doi:10.7910/DVN/Q7EXX4,TRUE,FALSE,FALSE,as_published,TRUE,2020,2020
doi:10.7910/DVN/Q7UV5W,TRUE,FALSE,TRUE,as_published,TRUE,2023,2023
doi:10.7910/DVN/Q8CSU8,FALSE,FALSE,FALSE,as_published,FALSE,2016,2016
doi:10.7910/DVN/Q8NRTS,FALSE,FALSE,TRUE,as_published,TRUE,2018,2018
doi:10.7910/DVN/Q92PMT,FALSE,FALSE,FALSE,as_published,FALSE,2016,2016
doi:10.7910/DVN/QAJQXP,TRUE,FALSE,TRUE,as_published,TRUE,2020,2020
doi:10.7910/DVN/QB1TUJ,TRUE,FALSE,FALSE,as_published,TRUE,2020,2020
doi:10.7910/DVN/QBHGRC,FALSE,FALSE,FALSE,as_published,FALSE,2018,2018
doi:10.7910/DVN/QBKXT3,TRUE,TRUE,TRUE,as_published,TRUE,2023,2023
doi:10.7910/DVN/QBNFFR,TRUE,FALSE,FALSE,as_published,TRUE,2020,2020
doi:10.7910/DVN/QBTECH,TRUE,FALSE,FALSE,as_published,TRUE,2019,2019
doi:10.7910/DVN/QC0RSU,FALSE,FALSE,FALSE,as_published,FALSE,2018,2018
doi:10.7910/DVN/QDPQUD,FALSE,FALSE,FALSE,as_published,FALSE,2016,2016
doi:10.7910/DVN/QDTLYV,FALSE,FALSE,TRUE,as_published,TRUE,2021,2021
doi:10.7910/DVN/QEMNP1,FALSE,FALSE,TRUE,as_published,TRUE,2020,2020
doi:10.7910/DVN/QEUF67,FALSE,FALSE,TRUE,as_published,TRUE,2022,2022
doi:10.7910/DVN/QG7FMX,TRUE,FALSE,TRUE,as_published,TRUE,2017,2017
doi:10.7910/DVN/QIA26P,FALSE,FALSE,TRUE,as_published,TRUE,2024,2024
doi:10.7910/DVN/QIH3D7,FALSE,FALSE,FALSE,as_published,FALSE,2023,2023
doi:10.7910/DVN/QINQ6H,TRUE,FALSE,TRUE,as_published,TRUE,2024,2024
doi:10.7910/DVN/QIWQWL,FALSE,FALSE,FALSE,as_published,FALSE,2020,2020
doi:10.7910/DVN/QJ9E9M,TRUE,FALSE,FALSE,as_published,TRUE,2018,2018
doi:10.7910/DVN/QKJHCI,FALSE,FALSE,TRUE,as_published,TRUE,2017,2017
doi:10.7910/DVN/QLTFXN,FALSE,FALSE,TRUE,as_published,TRUE,2024,2024
doi:10.7910/DVN/QM15HX,FALSE,FALSE,TRUE,as_published,TRUE,2020,2020
doi:10.7910/DVN/QNCRWS,FALSE,FALSE,FALSE,as_published,FALSE,2019,2019
doi:10.7910/DVN/QNG2V0,FALSE,FALSE,FALSE,as_published,FALSE,2021,2021
doi:10.7910/DVN/QNMUA1,TRUE,FALSE,TRUE,as_published,TRUE,2018,2018
doi:10.7910/DVN/QO6EMT,TRUE,FALSE,TRUE,as_published,TRUE,2017,2017
doi:10.7910/DVN/QOVWMM,TRUE,FALSE,TRUE,as_published,TRUE,2021,2021
doi:10.7910/DVN/QOVXPR,FALSE,FALSE,TRUE,as_published,TRUE,2023,2023
doi:10.7910/DVN/QQ2FV9,TRUE,FALSE,TRUE,as_published,TRUE,2020,2020
doi:10.7910/DVN/QQ69RH,TRUE,FALSE,TRUE,as_published,TRUE,2012,2015
doi:10.7910/DVN/QQBARG,TRUE,FALSE,TRUE,as_published,TRUE,2017,2017
doi:10.7910/DVN/QQENMZ,FALSE,FALSE,FALSE,as_published,FALSE,2016,2016
doi:10.7910/DVN/QQKR3F,TRUE,FALSE,TRUE,as_published,TRUE,2023,2023
doi:10.7910/DVN/QR1EIR,TRUE,FALSE,TRUE,as_published,TRUE,2022,2022
doi:10.7910/DVN/QR73H6,FALSE,FALSE,TRUE,as_published,TRUE,2016,2016
doi:10.7910/DVN/QRAUDJ,TRUE,FALSE,TRUE,as_published,TRUE,2024,2024
doi:10.7910/DVN/QSXDUN,TRUE,FALSE,TRUE,as_published,TRUE,2017,2017
doi:10.7910/DVN/QTCNQD,FALSE,FALSE,FALSE,as_published,FALSE,2024,2024
doi:10.7910/DVN/QTG6FQ,FALSE,FALSE,TRUE,as_published,TRUE,2016,2016
doi:10.7910/DVN/QTJGR5,TRUE,FALSE,TRUE,as_published,TRUE,2021,2021
doi:10.7910/DVN/QTMOVG,FALSE,FALSE,FALSE,as_published,FALSE,2020,2020
doi:10.7910/DVN/QTOIQF,FALSE,FALSE,TRUE,as_published,TRUE,2019,2019
doi:10.7910/DVN/QTUF6D,TRUE,FALSE,TRUE,as_published,TRUE,2021,2021
doi:10.7910/DVN/QU3YES,FALSE,FALSE,TRUE,as_published,TRUE,2023,2023
doi:10.7910/DVN/QUHIIE,TRUE,FALSE,TRUE,as_published,TRUE,2015,2015
doi:10.7910/DVN/QUZ2BN,FALSE,FALSE,TRUE,as_published,TRUE,2020,2020
doi:10.7910/DVN/QV7AJH,TRUE,TRUE,FALSE,as_published,TRUE,2017,2017
doi:10.7910/DVN/QVLR1C,TRUE,FALSE,FALSE,as_published,TRUE,2020,2020
doi:10.7910/DVN/QWLGGN,FALSE,FALSE,TRUE,as_published,TRUE,2019,2019
doi:10.7910/DVN/QWSLYN,TRUE,TRUE,TRUE,as_published,TRUE,2023,2023
doi:10.7910/DVN/QXJDJ5,FALSE,FALSE,TRUE,as_published,TRUE,2020,2020
doi:10.7910/DVN/QYG8ZI,TRUE,FALSE,TRUE,as_published,TRUE,2019,2019
doi:10.7910/DVN/QYZGEI,TRUE,FALSE,TRUE,as_published,TRUE,2021,2021
doi:10.7910/DVN/QZNGVJ,FALSE,FALSE,TRUE,as_published,TRUE,2019,2019
doi:10.7910/DVN/R0FXPH,TRUE,FALSE,FALSE,as_published,TRUE,2020,2020
doi:10.7910/DVN/R163AN,TRUE,FALSE,TRUE,as_published,TRUE,2017,2017
doi:10.7910/DVN/R1S5RP,TRUE,FALSE,TRUE,as_published,TRUE,2024,2024
doi:10.7910/DVN/R27ULT,FALSE,TRUE,FALSE,as_published,TRUE,2020,2020
doi:10.7910/DVN/R2NKL3,TRUE,FALSE,TRUE,as_published,TRUE,2024,2024
doi:10.7910/DVN/R3GZZW,TRUE,FALSE,TRUE,as_published,TRUE,2017,2020
doi:10.7910/DVN/R3XPEJ,TRUE,FALSE,TRUE,as_published,TRUE,2022,2022
doi:10.7910/DVN/R4USRU,TRUE,FALSE,TRUE,as_published,TRUE,2023,2023
doi:10.7910/DVN/R677HD,FALSE,FALSE,FALSE,as_published,FALSE,2017,2017
doi:10.7910/DVN/R8TUOQ,TRUE,FALSE,TRUE,as_published,TRUE,2021,2021
doi:10.7910/DVN/RAMHWP,TRUE,FALSE,TRUE,as_published,TRUE,2017,2017
doi:10.7910/DVN/RCINPF,FALSE,FALSE,FALSE,as_published,FALSE,2016,2016
doi:10.7910/DVN/RCT2YX,TRUE,FALSE,TRUE,as_published,TRUE,2022,2022
doi:10.7910/DVN/RDIJQC,FALSE,FALSE,TRUE,as_published,TRUE,2020,2020
doi:10.7910/DVN/RDU9JR,TRUE,FALSE,TRUE,as_published,TRUE,2022,2022
doi:10.7910/DVN/REXZ8H,TRUE,FALSE,TRUE,as_published,TRUE,2020,2020
doi:10.7910/DVN/RFECVH,TRUE,FALSE,TRUE,as_published,TRUE,2019,2019
doi:10.7910/DVN/RFYOH6,TRUE,FALSE,TRUE,as_published,TRUE,2019,2019
doi:10.7910/DVN/RHM7HX,TRUE,FALSE,TRUE,as_published,TRUE,2023,2023
doi:10.7910/DVN/RHPSZD,FALSE,FALSE,TRUE,as_published,TRUE,2021,2021
doi:10.7910/DVN/RIOEAY,TRUE,FALSE,FALSE,as_published,TRUE,2015,2015
doi:10.7910/DVN/RIXENU,FALSE,FALSE,TRUE,as_published,TRUE,2021,2021
doi:10.7910/DVN/RJ97IG,FALSE,FALSE,TRUE,as_published,TRUE,2023,2023
doi:10.7910/DVN/RJAUNW,FALSE,FALSE,TRUE,as_published,TRUE,2016,2016
doi:10.7910/DVN/RJKIUP,FALSE,FALSE,TRUE,as_published,TRUE,2020,2020
doi:10.7910/DVN/RJL2DK,TRUE,FALSE,FALSE,as_published,TRUE,2019,2019
doi:10.7910/DVN/RJY34I,TRUE,FALSE,TRUE,as_published,TRUE,2022,2022
doi:10.7910/DVN/RK5GOH,TRUE,FALSE,TRUE,as_published,TRUE,2023,2023
doi:10.7910/DVN/RK66RN,TRUE,FALSE,TRUE,as_published,TRUE,2022,2022
doi:10.7910/DVN/RKMKXU,FALSE,FALSE,TRUE,as_published,TRUE,2022,2022
doi:10.7910/DVN/RKNNVL,TRUE,FALSE,TRUE,as_published,TRUE,2023,2023
doi:10.7910/DVN/RKQEJD,FALSE,FALSE,FALSE,as_published,FALSE,2017,2017
doi:10.7910/DVN/RKUZT3,TRUE,FALSE,FALSE,as_published,TRUE,2022,2022
doi:10.7910/DVN/RKV5ZI,TRUE,FALSE,TRUE,as_published,TRUE,2024,2024
doi:10.7910/DVN/RL5N9Y,TRUE,TRUE,TRUE,as_published,TRUE,2024,2024
doi:10.7910/DVN/RLLL1V,FALSE,FALSE,TRUE,as_published,TRUE,2019,2019
doi:10.7910/DVN/RM7VAL,TRUE,FALSE,FALSE,as_published,TRUE,2021,2021
doi:10.7910/DVN/RMFLKR,FALSE,FALSE,TRUE,as_published,TRUE,2022,2022
doi:10.7910/DVN/RMHOHL,TRUE,FALSE,TRUE,as_published,TRUE,2016,2016
doi:10.7910/DVN/RO1YK7,FALSE,FALSE,FALSE,as_published,FALSE,2021,2021
doi:10.7910/DVN/ROFNV2,FALSE,FALSE,FALSE,as_published,FALSE,2015,2018
doi:10.7910/DVN/ROLEY5,TRUE,FALSE,FALSE,as_published,TRUE,2018,2018
doi:10.7910/DVN/ROUWNS,FALSE,FALSE,TRUE,as_published,TRUE,2018,2018
doi:10.7910/DVN/RP8Z94,TRUE,FALSE,FALSE,as_published,TRUE,2019,2019
doi:10.7910/DVN/RPD7KA,FALSE,FALSE,TRUE,as_published,TRUE,2015,2015
doi:10.7910/DVN/RQE9SO,TRUE,FALSE,FALSE,as_published,TRUE,2021,2021
doi:10.7910/DVN/RQNVFW,FALSE,FALSE,FALSE,as_published,FALSE,2022,2022
doi:10.7910/DVN/RQZWE6,TRUE,FALSE,TRUE,as_published,TRUE,2019,2019
doi:10.7910/DVN/RRBPUD,TRUE,FALSE,TRUE,as_published,TRUE,2019,2019
doi:10.7910/DVN/RRV0JZ,FALSE,FALSE,TRUE,as_published,TRUE,2021,2021
doi:10.7910/DVN/RSD5BV,FALSE,FALSE,FALSE,as_published,FALSE,2017,2017
doi:10.7910/DVN/RSSRRV,TRUE,FALSE,FALSE,as_published,TRUE,2020,2020
doi:10.7910/DVN/RTGDFW,TRUE,FALSE,TRUE,as_published,TRUE,2022,2022
doi:10.7910/DVN/RTJ38N,TRUE,FALSE,TRUE,as_published,TRUE,2016,2016
doi:10.7910/DVN/RUQ2KP,TRUE,FALSE,FALSE,as_published,TRUE,2018,2018
doi:10.7910/DVN/RVV8SD,TRUE,FALSE,TRUE,as_published,TRUE,2022,2022
doi:10.7910/DVN/RW10GZ,TRUE,TRUE,TRUE,as_published,TRUE,2017,2017
doi:10.7910/DVN/RWPSHO,TRUE,FALSE,TRUE,as_published,TRUE,2022,2022
doi:10.7910/DVN/RXA4JB,TRUE,FALSE,FALSE,as_published,TRUE,2021,2021
doi:10.7910/DVN/RXOZEZ,TRUE,FALSE,TRUE,as_published,TRUE,2024,2024
doi:10.7910/DVN/RXXQSQ,TRUE,FALSE,TRUE,as_published,TRUE,2019,2019
doi:10.7910/DVN/RYKJKS,FALSE,FALSE,FALSE,as_published,FALSE,2018,2018
doi:10.7910/DVN/RYNSDG,FALSE,FALSE,TRUE,as_published,TRUE,2018,2018
doi:10.7910/DVN/RZVMJW,TRUE,TRUE,TRUE,as_published,TRUE,2022,2022
doi:10.7910/DVN/S1EUAF,TRUE,FALSE,TRUE,as_published,TRUE,2020,2020
doi:10.7910/DVN/S2Y1PA,TRUE,FALSE,TRUE,as_published,TRUE,2018,2018
doi:10.7910/DVN/S3CGUV,TRUE,FALSE,FALSE,as_published,TRUE,2022,2022
doi:10.7910/DVN/S3HACJ,TRUE,FALSE,TRUE,as_published,TRUE,2020,2020
doi:10.7910/DVN/S3M5AX,FALSE,FALSE,FALSE,as_published,FALSE,2021,2021
doi:10.7910/DVN/S5YMS7,TRUE,FALSE,TRUE,as_published,TRUE,2021,2021
doi:10.7910/DVN/S61MIY,TRUE,FALSE,FALSE,as_published,TRUE,2023,2023
doi:10.7910/DVN/S8LSKA,TRUE,FALSE,TRUE,as_published,TRUE,2021,2021
doi:10.7910/DVN/S9MIJU,TRUE,FALSE,FALSE,as_published,TRUE,2016,2016
doi:10.7910/DVN/SBOMZD,TRUE,FALSE,TRUE,as_published,TRUE,2018,2018
doi:10.7910/DVN/SDSUQG,TRUE,FALSE,TRUE,as_published,TRUE,2024,2024
doi:10.7910/DVN/SDUGCC,FALSE,FALSE,TRUE,as_published,TRUE,2015,2015
doi:10.7910/DVN/SDXJUV,TRUE,FALSE,TRUE,as_published,TRUE,2018,2018
doi:10.7910/DVN/SEHMGR,TRUE,FALSE,FALSE,as_published,TRUE,2018,2018
doi:10.7910/DVN/SEOCQ0,TRUE,FALSE,TRUE,as_published,TRUE,2019,2019
doi:10.7910/DVN/SEXLPX,FALSE,FALSE,FALSE,as_published,FALSE,2017,2017
doi:10.7910/DVN/SFBX6Z,FALSE,FALSE,FALSE,as_published,FALSE,2018,2018
doi:10.7910/DVN/SFTMNO,TRUE,FALSE,TRUE,as_published,TRUE,2018,2018
doi:10.7910/DVN/SG55BJ,FALSE,FALSE,FALSE,as_published,FALSE,2022,2022
doi:10.7910/DVN/SHYPDU,FALSE,FALSE,FALSE,as_published,FALSE,2023,2023
doi:10.7910/DVN/SI0NQF,FALSE,FALSE,TRUE,as_published,TRUE,2022,2022
doi:10.7910/DVN/SIHBRN,FALSE,FALSE,FALSE,as_published,FALSE,2021,2021
doi:10.7910/DVN/SIUR6A,TRUE,FALSE,TRUE,as_published,TRUE,2017,2017
doi:10.7910/DVN/SJ8ER9,FALSE,FALSE,TRUE,as_published,TRUE,2017,2018
doi:10.7910/DVN/SJBWC3,TRUE,FALSE,TRUE,as_published,TRUE,2017,2017
doi:10.7910/DVN/SJI4IA,TRUE,FALSE,TRUE,as_published,TRUE,2018,2018
doi:10.7910/DVN/SJJ158,FALSE,FALSE,TRUE,as_published,TRUE,2016,2016
doi:10.7910/DVN/SK8AGA,FALSE,FALSE,TRUE,as_published,TRUE,2015,2015
doi:10.7910/DVN/SKKYFB,TRUE,TRUE,TRUE,as_published,TRUE,2024,2024
doi:10.7910/DVN/SKPPLH,FALSE,FALSE,TRUE,as_published,TRUE,2019,2019
doi:10.7910/DVN/SLNPAB,TRUE,FALSE,TRUE,as_published,TRUE,2023,2023
doi:10.7910/DVN/SLWCLZ,TRUE,FALSE,TRUE,as_published,TRUE,2021,2021
doi:10.7910/DVN/SLXRVJ,FALSE,FALSE,TRUE,as_published,TRUE,2020,2020
doi:10.7910/DVN/SMLV5D,TRUE,FALSE,TRUE,as_published,TRUE,2018,2018
doi:10.7910/DVN/SNG5BW,TRUE,FALSE,FALSE,as_published,TRUE,2024,2024
doi:10.7910/DVN/SNQG8P,TRUE,FALSE,TRUE,as_published,TRUE,2017,2017
doi:10.7910/DVN/SNW8PV,FALSE,FALSE,FALSE,as_published,FALSE,2018,2018
doi:10.7910/DVN/SOQH9L,FALSE,FALSE,TRUE,as_published,TRUE,2018,2018
doi:10.7910/DVN/SPXP04,TRUE,FALSE,FALSE,as_published,TRUE,2015,2015
doi:10.7910/DVN/SQH6IF,FALSE,FALSE,TRUE,as_published,TRUE,2018,2018
doi:10.7910/DVN/SQSTSC,TRUE,FALSE,TRUE,as_published,TRUE,2024,2024
doi:10.7910/DVN/SQTQBA,FALSE,FALSE,FALSE,as_published,FALSE,2022,2022
doi:10.7910/DVN/SR0NMB,FALSE,FALSE,TRUE,as_published,TRUE,2016,2016
doi:10.7910/DVN/SRLERE,FALSE,FALSE,FALSE,as_published,FALSE,2013,2015
doi:10.7910/DVN/SRPTCV,FALSE,FALSE,TRUE,as_published,TRUE,2017,2017
doi:10.7910/DVN/SS0UEI,TRUE,FALSE,TRUE,as_published,TRUE,2021,2021
doi:10.7910/DVN/SSEN5A,FALSE,FALSE,TRUE,as_published,TRUE,2019,2019
doi:10.7910/DVN/SSVE5E,FALSE,FALSE,FALSE,as_published,FALSE,2024,2024
doi:10.7910/DVN/STOQ1Q,TRUE,FALSE,TRUE,as_published,TRUE,2016,2016
doi:10.7910/DVN/STXADQ,TRUE,FALSE,TRUE,as_published,TRUE,2019,2019
doi:10.7910/DVN/SU3R6Y,TRUE,FALSE,FALSE,as_published,TRUE,2024,2024
doi:10.7910/DVN/SUCNTD,TRUE,FALSE,TRUE,as_published,TRUE,2024,2024
doi:10.7910/DVN/SUKHMB,TRUE,FALSE,TRUE,as_published,TRUE,2021,2021
doi:10.7910/DVN/SUPM3R,TRUE,FALSE,TRUE,as_published,TRUE,2016,2016
doi:10.7910/DVN/SUQC9N,TRUE,FALSE,TRUE,as_published,TRUE,2018,2018
doi:10.7910/DVN/SURSEO,FALSE,FALSE,FALSE,as_published,FALSE,2016,2016
doi:10.7910/DVN/SWHIKY,TRUE,TRUE,TRUE,as_published,TRUE,2022,2022
doi:10.7910/DVN/SXFB9E,TRUE,FALSE,FALSE,as_published,TRUE,2019,2019
doi:10.7910/DVN/SXG7BF,FALSE,FALSE,FALSE,as_published,FALSE,2018,2018
doi:10.7910/DVN/SYFWXB,FALSE,FALSE,TRUE,as_published,TRUE,2024,2024
doi:10.7910/DVN/SYSOPW,FALSE,FALSE,FALSE,as_published,FALSE,2016,2016
doi:10.7910/DVN/SYYMJ0,TRUE,FALSE,FALSE,as_published,TRUE,2019,2019
doi:10.7910/DVN/SZ3K77,TRUE,FALSE,TRUE,as_published,TRUE,2022,2022
doi:10.7910/DVN/SZ9YXZ,FALSE,FALSE,TRUE,as_published,TRUE,2019,2021
doi:10.7910/DVN/SZFCUJ,TRUE,FALSE,TRUE,as_published,TRUE,2024,2024
doi:10.7910/DVN/SZK4NF,TRUE,FALSE,TRUE,as_published,TRUE,2013,2015
doi:10.7910/DVN/T0R1GE,TRUE,FALSE,TRUE,as_published,TRUE,2021,2021
doi:10.7910/DVN/T0UKCN,TRUE,FALSE,TRUE,as_published,TRUE,2024,2024
doi:10.7910/DVN/T17S0X,FALSE,FALSE,FALSE,as_published,FALSE,2017,2017
doi:10.7910/DVN/T1NXVQ,TRUE,FALSE,TRUE,as_published,TRUE,2023,2023
doi:10.7910/DVN/T1TELH,TRUE,FALSE,TRUE,as_published,TRUE,2018,2018
doi:10.7910/DVN/T1WGWG,FALSE,FALSE,TRUE,as_published,TRUE,2012,2015
doi:10.7910/DVN/T21M2M,FALSE,FALSE,TRUE,as_published,TRUE,2019,2019
doi:10.7910/DVN/T5DKRO,TRUE,FALSE,FALSE,as_published,TRUE,2017,2017
doi:10.7910/DVN/T5LYWS,FALSE,FALSE,FALSE,as_published,FALSE,2022,2022
doi:10.7910/DVN/T8OYHT,TRUE,FALSE,TRUE,as_published,TRUE,2019,2019
doi:10.7910/DVN/T8VCOF,FALSE,FALSE,FALSE,as_published,FALSE,2018,2018
doi:10.7910/DVN/T9AEBN,TRUE,FALSE,FALSE,as_published,TRUE,2021,2021
doi:10.7910/DVN/T9WESH,TRUE,FALSE,TRUE,as_published,TRUE,2017,2017
doi:10.7910/DVN/TA1T4V,FALSE,FALSE,FALSE,as_published,FALSE,2022,2022
doi:10.7910/DVN/TBMFDA,TRUE,FALSE,TRUE,as_published,TRUE,2023,2023
doi:10.7910/DVN/TE1YA6,FALSE,FALSE,TRUE,as_published,TRUE,2021,2021
doi:10.7910/DVN/TE9U5S,FALSE,FALSE,FALSE,as_published,FALSE,2022,2022
doi:10.7910/DVN/TEPAK4,TRUE,FALSE,TRUE,as_published,TRUE,2021,2021
doi:10.7910/DVN/TEPRY2,TRUE,FALSE,TRUE,as_published,TRUE,2023,2023
doi:10.7910/DVN/TEQYCH,TRUE,FALSE,TRUE,as_published,TRUE,2023,2023
doi:10.7910/DVN/TFCBSD,TRUE,FALSE,TRUE,as_published,TRUE,2021,2021
doi:10.7910/DVN/TFQ2UK,TRUE,FALSE,FALSE,as_published,TRUE,2021,2021
doi:10.7910/DVN/TGJQUL,TRUE,FALSE,TRUE,as_published,TRUE,2021,2021
doi:10.7910/DVN/THBT8N,TRUE,FALSE,FALSE,as_published,TRUE,2024,2024
doi:10.7910/DVN/THU75A,TRUE,FALSE,TRUE,as_published,TRUE,2022,2022
doi:10.7910/DVN/THYJ8J,FALSE,FALSE,TRUE,as_published,TRUE,2023,2023
doi:10.7910/DVN/TIXGF8,TRUE,FALSE,FALSE,as_published,TRUE,2016,2016
doi:10.7910/DVN/TJ1ZXX,TRUE,FALSE,FALSE,as_published,TRUE,2018,2018
doi:10.7910/DVN/TJAISA,TRUE,FALSE,TRUE,as_published,TRUE,2023,2023
doi:10.7910/DVN/TJK8QV,FALSE,FALSE,FALSE,as_published,FALSE,2022,2022
doi:10.7910/DVN/TJKIWN,TRUE,FALSE,FALSE,as_published,TRUE,2017,2017
doi:10.7910/DVN/TKLSNE,TRUE,FALSE,TRUE,as_published,TRUE,2023,2023
doi:10.7910/DVN/TKU9WH,TRUE,FALSE,TRUE,as_published,TRUE,2017,2017
doi:10.7910/DVN/TL0PZD,FALSE,FALSE,TRUE,as_published,TRUE,2020,2020
doi:10.7910/DVN/TLBBUX,FALSE,FALSE,TRUE,as_published,TRUE,2017,2017
doi:10.7910/DVN/TLT65Z,TRUE,FALSE,FALSE,as_published,TRUE,2013,2015
doi:10.7910/DVN/TM8ZDB,TRUE,FALSE,TRUE,as_published,TRUE,2024,2024
doi:10.7910/DVN/TMJWIA,TRUE,FALSE,TRUE,as_published,TRUE,2022,2022
doi:10.7910/DVN/TMTCZD,TRUE,TRUE,TRUE,as_published,TRUE,2015,2015
doi:10.7910/DVN/TNFDDX,TRUE,FALSE,TRUE,as_published,TRUE,2020,2020
doi:10.7910/DVN/TNQ7EI,TRUE,FALSE,FALSE,as_published,TRUE,2022,2022
doi:10.7910/DVN/TNWENH,TRUE,FALSE,TRUE,as_published,TRUE,2017,2017
doi:10.7910/DVN/TNXRNM,FALSE,FALSE,FALSE,as_published,FALSE,2021,2021
doi:10.7910/DVN/TOP7OV,TRUE,FALSE,FALSE,as_published,TRUE,2020,2020
doi:10.7910/DVN/TPGPCR,FALSE,FALSE,FALSE,as_published,FALSE,2018,2018
doi:10.7910/DVN/TPZPIO,FALSE,FALSE,TRUE,as_published,TRUE,2020,2020
doi:10.7910/DVN/TQ9TK1,TRUE,FALSE,TRUE,as_published,TRUE,2019,2019
doi:10.7910/DVN/TR4OUK,TRUE,FALSE,FALSE,as_published,TRUE,2017,2017
doi:10.7910/DVN/TR9NAB,TRUE,FALSE,TRUE,as_published,TRUE,2020,2020
doi:10.7910/DVN/TRIEF2,TRUE,FALSE,TRUE,as_published,TRUE,2019,2019
doi:10.7910/DVN/TRLSJA,FALSE,FALSE,TRUE,as_published,TRUE,2020,2020
doi:10.7910/DVN/TS4XRA,TRUE,FALSE,TRUE,as_published,TRUE,2021,2021
doi:10.7910/DVN/TTE3SQ,FALSE,FALSE,FALSE,as_published,FALSE,2018,2018
doi:10.7910/DVN/TTK06U,TRUE,FALSE,FALSE,as_published,TRUE,2018,2018
doi:10.7910/DVN/TTPEOE,TRUE,FALSE,TRUE,as_published,TRUE,2022,2022
doi:10.7910/DVN/TUSXIG,TRUE,FALSE,TRUE,as_published,TRUE,2020,2020
doi:10.7910/DVN/TVI1AR,TRUE,FALSE,TRUE,as_published,TRUE,2022,2022
doi:10.7910/DVN/TVZQG6,TRUE,FALSE,TRUE,as_published,TRUE,2018,2018
doi:10.7910/DVN/TW5FHR,TRUE,FALSE,TRUE,as_published,TRUE,2013,2015
doi:10.7910/DVN/TWDSBW,FALSE,FALSE,TRUE,as_published,TRUE,2017,2017
doi:10.7910/DVN/TWVXKZ,TRUE,FALSE,TRUE,as_published,TRUE,2019,2019
doi:10.7910/DVN/TXFTKV,TRUE,FALSE,TRUE,as_published,TRUE,2019,2019
doi:10.7910/DVN/TYIVYZ,FALSE,FALSE,FALSE,as_published,FALSE,2016,2016
doi:10.7910/DVN/TYJFQD,TRUE,FALSE,TRUE,as_published,TRUE,2021,2021
doi:10.7910/DVN/TYNEDE,TRUE,FALSE,TRUE,as_published,TRUE,2021,2021
doi:10.7910/DVN/TZ9PSJ,TRUE,FALSE,TRUE,as_published,TRUE,2023,2023
doi:10.7910/DVN/TZVDUQ,TRUE,FALSE,TRUE,as_published,TRUE,2022,2022
doi:10.7910/DVN/U07SDB,TRUE,FALSE,FALSE,as_published,TRUE,2019,2019
doi:10.7910/DVN/U090WG,TRUE,FALSE,FALSE,as_published,TRUE,2024,2024
doi:10.7910/DVN/U1CB0K,TRUE,FALSE,FALSE,as_published,TRUE,2017,2017
doi:10.7910/DVN/U2591T,FALSE,FALSE,TRUE,as_published,TRUE,2024,2024
doi:10.7910/DVN/U4ND12,TRUE,FALSE,TRUE,as_published,TRUE,2023,2023
doi:10.7910/DVN/U56Z43,TRUE,FALSE,TRUE,as_published,TRUE,2022,2022
doi:10.7910/DVN/U5IESG,FALSE,FALSE,TRUE,as_published,TRUE,2022,2022
doi:10.7910/DVN/U6EC8N,FALSE,FALSE,TRUE,as_published,TRUE,2020,2020
doi:10.7910/DVN/UA9G8U,FALSE,FALSE,TRUE,as_published,TRUE,2013,2015
doi:10.7910/DVN/UAWGPU,TRUE,FALSE,TRUE,as_published,TRUE,2016,2016
doi:10.7910/DVN/UBU601,TRUE,FALSE,TRUE,as_published,TRUE,2024,2024
doi:10.7910/DVN/UCRHWN,FALSE,FALSE,FALSE,as_published,FALSE,2016,2016
doi:10.7910/DVN/UDUJEI,FALSE,FALSE,TRUE,as_published,TRUE,2013,2015
doi:10.7910/DVN/UDVEXN,TRUE,FALSE,TRUE,as_published,TRUE,2016,2016
doi:10.7910/DVN/UE1JXM,FALSE,FALSE,FALSE,as_published,FALSE,2015,2015
doi:10.7910/DVN/UEARI0,FALSE,FALSE,TRUE,as_published,TRUE,2020,2020
doi:10.7910/DVN/UECUBY,FALSE,FALSE,TRUE,as_published,TRUE,2022,2022
doi:10.7910/DVN/UEOK3H,TRUE,FALSE,FALSE,as_published,TRUE,2019,2021
doi:10.7910/DVN/UEYVO1,TRUE,FALSE,TRUE,as_published,TRUE,2024,2024
doi:10.7910/DVN/UFNXMK,FALSE,FALSE,FALSE,as_published,FALSE,2016,2016
doi:10.7910/DVN/UFZTYU,FALSE,FALSE,TRUE,as_published,TRUE,2019,2019
doi:10.7910/DVN/UGI0MH,TRUE,FALSE,FALSE,as_published,TRUE,2021,2021
doi:10.7910/DVN/UHUK4P,TRUE,FALSE,FALSE,as_published,TRUE,2019,2019
doi:10.7910/DVN/UI3NTB,TRUE,FALSE,TRUE,as_published,TRUE,2023,2023
doi:10.7910/DVN/UIFXGX,TRUE,FALSE,TRUE,as_published,TRUE,2020,2020
doi:10.7910/DVN/UJN9C3,TRUE,FALSE,FALSE,as_published,TRUE,2015,2015
doi:10.7910/DVN/UJYEAD,TRUE,FALSE,TRUE,as_published,TRUE,2018,2018
doi:10.7910/DVN/ULTUUC,TRUE,FALSE,FALSE,as_published,TRUE,2017,2017
doi:10.7910/DVN/UM0ZOF,TRUE,FALSE,FALSE,as_published,TRUE,2020,2020
doi:10.7910/DVN/UMFJRG,TRUE,FALSE,FALSE,as_published,TRUE,2022,2022
doi:10.7910/DVN/UMIBSL,TRUE,FALSE,FALSE,as_published,TRUE,2015,2015
doi:10.7910/DVN/UMP7YP,FALSE,FALSE,TRUE,as_published,TRUE,2020,2020
doi:10.7910/DVN/UMSSKG,TRUE,FALSE,TRUE,as_published,TRUE,2019,2019
doi:10.7910/DVN/UN3KML,FALSE,FALSE,FALSE,as_published,FALSE,2020,2020
doi:10.7910/DVN/UNEBPY,TRUE,FALSE,TRUE,as_published,TRUE,2023,2023
doi:10.7910/DVN/UNWIHE,TRUE,FALSE,TRUE,as_published,TRUE,2018,2018
doi:10.7910/DVN/UOABFB,TRUE,FALSE,FALSE,as_published,TRUE,2017,2017
doi:10.7910/DVN/UPHCUE,FALSE,FALSE,TRUE,as_published,TRUE,2022,2022
doi:10.7910/DVN/UPSRNO,FALSE,FALSE,FALSE,as_published,FALSE,2015,2015
doi:10.7910/DVN/UQAIZI,TRUE,FALSE,TRUE,as_published,TRUE,2017,2017
doi:10.7910/DVN/UQDLUB,FALSE,TRUE,TRUE,as_published,TRUE,2023,2023
doi:10.7910/DVN/UQPIKX,FALSE,FALSE,TRUE,as_published,TRUE,2021,2021
doi:10.7910/DVN/UQVN70,FALSE,FALSE,FALSE,as_published,FALSE,2019,2019
doi:10.7910/DVN/URHLUO,FALSE,FALSE,FALSE,as_published,FALSE,2017,2017
doi:10.7910/DVN/USWU3O,TRUE,FALSE,TRUE,as_published,TRUE,2024,2024
doi:10.7910/DVN/USYADS,TRUE,FALSE,FALSE,as_published,TRUE,2023,2023
doi:10.7910/DVN/UTAP1V,FALSE,FALSE,FALSE,as_published,FALSE,2017,2017
doi:10.7910/DVN/UTHBDT,FALSE,FALSE,TRUE,as_published,TRUE,2022,2022
doi:10.7910/DVN/UTJGTF,TRUE,FALSE,TRUE,as_published,TRUE,2017,2017
doi:10.7910/DVN/UTPOTW,TRUE,FALSE,FALSE,as_published,TRUE,2020,2020
doi:10.7910/DVN/UTRXT7,TRUE,FALSE,FALSE,as_published,TRUE,2021,2021
doi:10.7910/DVN/UUDOS0,FALSE,FALSE,FALSE,as_published,FALSE,2022,2022
doi:10.7910/DVN/UV7ZPZ,FALSE,FALSE,FALSE,as_published,FALSE,2017,2017
doi:10.7910/DVN/UVANPR,FALSE,FALSE,TRUE,as_published,TRUE,2018,2018
doi:10.7910/DVN/UVFOWU,FALSE,FALSE,FALSE,as_published,FALSE,2021,2021
doi:10.7910/DVN/UW9NBY,TRUE,FALSE,TRUE,as_published,TRUE,2024,2024
doi:10.7910/DVN/UXB857,TRUE,FALSE,FALSE,as_published,TRUE,2023,2023
doi:10.7910/DVN/UY2GRM,TRUE,FALSE,TRUE,as_published,TRUE,2024,2024
doi:10.7910/DVN/UYWQ7U,FALSE,FALSE,FALSE,as_published,FALSE,2020,2020
doi:10.7910/DVN/UYXRI8,FALSE,FALSE,FALSE,as_published,FALSE,2019,2019
doi:10.7910/DVN/UZFWT7,FALSE,FALSE,FALSE,as_published,FALSE,2024,2024
doi:10.7910/DVN/UZSKZJ,FALSE,FALSE,TRUE,as_published,TRUE,2023,2023
doi:10.7910/DVN/V2HIVR,FALSE,FALSE,FALSE,as_published,FALSE,2015,2015
doi:10.7910/DVN/V3DHAS,TRUE,FALSE,TRUE,as_published,TRUE,2018,2018
doi:10.7910/DVN/V7SQRW,TRUE,FALSE,FALSE,as_published,TRUE,2017,2017
doi:10.7910/DVN/V83FXD,TRUE,FALSE,FALSE,as_published,TRUE,2019,2019
doi:10.7910/DVN/V8C2HB,TRUE,FALSE,TRUE,as_published,TRUE,2020,2020
doi:10.7910/DVN/V8U06V,TRUE,FALSE,TRUE,as_published,TRUE,2020,2020
doi:10.7910/DVN/V9QSWK,TRUE,FALSE,FALSE,as_published,TRUE,2017,2017
doi:10.7910/DVN/VA00ZI,TRUE,FALSE,TRUE,as_published,TRUE,2022,2022
doi:10.7910/DVN/VAY7ZQ,TRUE,FALSE,FALSE,as_published,TRUE,2017,2017
doi:10.7910/DVN/VBNCF2,TRUE,FALSE,FALSE,as_published,TRUE,2024,2024
doi:10.7910/DVN/VCE7KN,FALSE,FALSE,TRUE,as_published,TRUE,2020,2020
doi:10.7910/DVN/VDF4JW,TRUE,FALSE,TRUE,as_published,TRUE,2023,2023
doi:10.7910/DVN/VEFZXI,TRUE,FALSE,TRUE,as_published,TRUE,2024,2024
doi:10.7910/DVN/VEPHLS,TRUE,FALSE,FALSE,as_published,TRUE,2017,2022
doi:10.7910/DVN/VFBVRG,FALSE,FALSE,TRUE,as_published,TRUE,2020,2020
doi:10.7910/DVN/VG3UFZ,TRUE,FALSE,TRUE,as_published,TRUE,2019,2019
doi:10.7910/DVN/VGI93T,FALSE,FALSE,TRUE,as_published,TRUE,2015,2015
doi:10.7910/DVN/VGLBPX,TRUE,FALSE,TRUE,as_published,TRUE,2024,2024
doi:10.7910/DVN/VGWNP9,TRUE,FALSE,TRUE,as_published,TRUE,2019,2019
doi:10.7910/DVN/VHNHHN,FALSE,FALSE,TRUE,as_published,TRUE,2017,2017
doi:10.7910/DVN/VHNONI,FALSE,FALSE,TRUE,as_published,TRUE,2018,2018
doi:10.7910/DVN/VHNPUO,TRUE,FALSE,TRUE,as_published,TRUE,2021,2024
doi:10.7910/DVN/VIIPYQ,FALSE,FALSE,TRUE,as_published,TRUE,2024,2024
doi:10.7910/DVN/VINNTX,TRUE,TRUE,TRUE,as_published,TRUE,2023,2023
doi:10.7910/DVN/VIXZD1,FALSE,FALSE,TRUE,as_published,TRUE,2020,2020
doi:10.7910/DVN/VJLVYU,FALSE,FALSE,FALSE,as_published,FALSE,2019,2019
doi:10.7910/DVN/VJQIL1,FALSE,FALSE,FALSE,as_published,FALSE,2024,2024
doi:10.7910/DVN/VJUOOV,TRUE,FALSE,FALSE,as_published,TRUE,2020,2020
doi:10.7910/DVN/VKOMCK,TRUE,FALSE,TRUE,as_published,TRUE,2019,2019
doi:10.7910/DVN/VLXRIK,TRUE,FALSE,TRUE,as_published,TRUE,2020,2020
doi:10.7910/DVN/VMC1GO,FALSE,FALSE,TRUE,as_published,TRUE,2024,2024
doi:10.7910/DVN/VNHM17,TRUE,FALSE,TRUE,as_published,TRUE,2018,2018
doi:10.7910/DVN/VNTVO6,TRUE,FALSE,FALSE,as_published,TRUE,2015,2015
doi:10.7910/DVN/VOF11U,TRUE,FALSE,TRUE,as_published,TRUE,2016,2016
doi:10.7910/DVN/VOO3TD,TRUE,FALSE,TRUE,as_published,TRUE,2022,2022
doi:10.7910/DVN/VPPEAW,TRUE,FALSE,TRUE,as_published,TRUE,2023,2023
doi:10.7910/DVN/VR12G4,FALSE,FALSE,TRUE,as_published,TRUE,2015,2020
doi:10.7910/DVN/VRH8ND,TRUE,FALSE,TRUE,as_published,TRUE,2020,2020
doi:10.7910/DVN/VRMH3I,TRUE,FALSE,TRUE,as_published,TRUE,2018,2018
doi:10.7910/DVN/VS3CG6,TRUE,FALSE,TRUE,as_published,TRUE,2017,2017
doi:10.7910/DVN/VSQUJG,FALSE,FALSE,TRUE,as_published,TRUE,2022,2022
doi:10.7910/DVN/VSVBTP,FALSE,FALSE,TRUE,as_published,TRUE,2019,2019
doi:10.7910/DVN/VSXTFS,TRUE,FALSE,FALSE,as_published,TRUE,2018,2018
doi:10.7910/DVN/VT4KJA,FALSE,FALSE,TRUE,as_published,TRUE,2016,2016
doi:10.7910/DVN/VTUSLV,FALSE,FALSE,TRUE,as_published,TRUE,2018,2018
doi:10.7910/DVN/VULKLW,FALSE,FALSE,FALSE,as_published,FALSE,2023,2023
doi:10.7910/DVN/VVV3AN,FALSE,FALSE,FALSE,as_published,FALSE,2020,2020
doi:10.7910/DVN/VW1GDD,TRUE,FALSE,TRUE,as_published,TRUE,2021,2021
doi:10.7910/DVN/VWBP3L,FALSE,FALSE,FALSE,as_published,FALSE,2013,2015
doi:10.7910/DVN/VWBTL5,FALSE,FALSE,TRUE,as_published,TRUE,2020,2020
doi:10.7910/DVN/VWFKDG,FALSE,FALSE,TRUE,as_published,TRUE,2020,2020
doi:10.7910/DVN/VWPPVQ,FALSE,FALSE,TRUE,as_published,TRUE,2018,2018
doi:10.7910/DVN/VWWAHK,TRUE,FALSE,TRUE,as_published,TRUE,2021,2022
doi:10.7910/DVN/VWZZLO,TRUE,FALSE,TRUE,as_published,TRUE,2017,2017
doi:10.7910/DVN/VX5N1V,FALSE,FALSE,TRUE,as_published,TRUE,2023,2023
doi:10.7910/DVN/VXQUBN,TRUE,FALSE,FALSE,as_published,TRUE,2018,2018
doi:10.7910/DVN/VY4FMR,FALSE,FALSE,TRUE,as_published,TRUE,2024,2024
doi:10.7910/DVN/VYVNFR,FALSE,FALSE,TRUE,as_published,TRUE,2022,2022
doi:10.7910/DVN/VZURJ6,FALSE,FALSE,TRUE,as_published,TRUE,2023,2023
doi:10.7910/DVN/VZZBHE,FALSE,FALSE,FALSE,as_published,FALSE,2021,2021
doi:10.7910/DVN/W08NIR,FALSE,FALSE,TRUE,as_published,TRUE,2020,2020
doi:10.7910/DVN/W0FWBT,TRUE,FALSE,TRUE,as_published,TRUE,2022,2022
doi:10.7910/DVN/W1TDGZ,FALSE,FALSE,TRUE,as_published,TRUE,2016,2016
doi:10.7910/DVN/W1YJZQ,TRUE,FALSE,TRUE,as_published,TRUE,2015,2015
doi:10.7910/DVN/W2HZSO,FALSE,FALSE,TRUE,as_published,TRUE,2016,2016
doi:10.7910/DVN/W2MFYX,TRUE,FALSE,FALSE,as_published,TRUE,2018,2018
doi:10.7910/DVN/W5GQNZ,FALSE,FALSE,TRUE,as_published,TRUE,2021,2021
doi:10.7910/DVN/W8HUKY,TRUE,FALSE,FALSE,as_published,TRUE,2019,2019
doi:10.7910/DVN/W8PHXM,TRUE,FALSE,FALSE,as_published,TRUE,2022,2022
doi:10.7910/DVN/WAEHOI,TRUE,FALSE,FALSE,as_published,TRUE,2018,2018
doi:10.7910/DVN/WB0RNW,TRUE,FALSE,TRUE,as_published,TRUE,2019,2020
doi:10.7910/DVN/WBBAE3,TRUE,FALSE,TRUE,as_published,TRUE,2015,2015
doi:10.7910/DVN/WBWWUO,FALSE,FALSE,FALSE,as_published,FALSE,2016,2016
doi:10.7910/DVN/WCH6ZH,TRUE,FALSE,TRUE,as_published,TRUE,2015,2015
doi:10.7910/DVN/WCLV9B,TRUE,FALSE,TRUE,as_published,TRUE,2021,2021
doi:10.7910/DVN/WCTOA8,TRUE,FALSE,FALSE,as_published,TRUE,2024,2024
doi:10.7910/DVN/WDA163,FALSE,FALSE,TRUE,as_published,TRUE,2012,2015
doi:10.7910/DVN/WDQB4C,FALSE,FALSE,TRUE,as_published,TRUE,2022,2022
doi:10.7910/DVN/WDRHTS,TRUE,FALSE,TRUE,as_published,TRUE,2017,2017
doi:10.7910/DVN/WFELNG,TRUE,FALSE,TRUE,as_published,TRUE,2021,2021
doi:10.7910/DVN/WFVMKD,TRUE,FALSE,TRUE,as_published,TRUE,2015,2015
doi:10.7910/DVN/WG8VCK,FALSE,FALSE,TRUE,as_published,TRUE,2019,2019
doi:10.7910/DVN/WGPHFT,TRUE,FALSE,TRUE,as_published,TRUE,2022,2022
doi:10.7910/DVN/WGT8QV,TRUE,FALSE,FALSE,as_published,TRUE,2024,2024
doi:10.7910/DVN/WGWMAV,TRUE,FALSE,TRUE,as_published,TRUE,2018,2018
doi:10.7910/DVN/WI7WN0,FALSE,FALSE,TRUE,as_published,TRUE,2022,2022
doi:10.7910/DVN/WIJ0PS,FALSE,FALSE,FALSE,as_published,FALSE,2022,2022
doi:10.7910/DVN/WJINZP,TRUE,FALSE,FALSE,as_published,TRUE,2022,2022
doi:10.7910/DVN/WJWRWN,FALSE,FALSE,FALSE,as_published,FALSE,2020,2020
doi:10.7910/DVN/WJXCT8,TRUE,FALSE,TRUE,as_published,TRUE,2017,2017
doi:10.7910/DVN/WK0DA7,FALSE,FALSE,TRUE,as_published,TRUE,2020,2020
doi:10.7910/DVN/WKIJST,FALSE,FALSE,TRUE,as_published,TRUE,2018,2018
doi:10.7910/DVN/WKJJ3Z,TRUE,FALSE,FALSE,as_published,TRUE,2018,2018
doi:10.7910/DVN/WM0XNF,TRUE,FALSE,FALSE,as_published,TRUE,2017,2017
doi:10.7910/DVN/WMAPGB,TRUE,FALSE,TRUE,as_published,TRUE,2024,2024
doi:10.7910/DVN/WMPXIW,TRUE,FALSE,TRUE,as_published,TRUE,2022,2022
doi:10.7910/DVN/WNMLPA,TRUE,FALSE,FALSE,as_published,TRUE,2018,2018
doi:10.7910/DVN/WOI8EU,TRUE,FALSE,TRUE,as_published,TRUE,2016,2016
doi:10.7910/DVN/WPF4RC,FALSE,FALSE,TRUE,as_published,TRUE,2021,2021
doi:10.7910/DVN/WPKTKJ,TRUE,FALSE,FALSE,as_published,TRUE,2016,2016
doi:10.7910/DVN/WPVSMH,TRUE,FALSE,TRUE,as_published,TRUE,2018,2018
doi:10.7910/DVN/WQ1R5X,TRUE,FALSE,TRUE,as_published,TRUE,2021,2021
doi:10.7910/DVN/WQEQPN,FALSE,FALSE,TRUE,as_published,TRUE,2021,2021
doi:10.7910/DVN/WR97GH,TRUE,FALSE,TRUE,as_published,TRUE,2020,2020
doi:10.7910/DVN/WRCPOC,FALSE,FALSE,FALSE,as_published,FALSE,2023,2023
doi:10.7910/DVN/WSJX0X,TRUE,FALSE,FALSE,as_published,TRUE,2016,2016
doi:10.7910/DVN/WT2XZQ,TRUE,FALSE,FALSE,as_published,TRUE,2016,2016
doi:10.7910/DVN/WTS3ML,TRUE,FALSE,TRUE,as_published,TRUE,2022,2022
doi:10.7910/DVN/WTURMZ,FALSE,FALSE,FALSE,as_published,FALSE,2015,2015
doi:10.7910/DVN/WUOAB7,TRUE,FALSE,FALSE,as_published,TRUE,2018,2018
doi:10.7910/DVN/WVBZNE,TRUE,FALSE,FALSE,as_published,TRUE,2019,2023
doi:10.7910/DVN/WVQ10L,FALSE,FALSE,FALSE,as_published,FALSE,2015,2015
doi:10.7910/DVN/WW5HMR,FALSE,FALSE,TRUE,as_published,TRUE,2024,2024
doi:10.7910/DVN/WX6ZPC,TRUE,FALSE,FALSE,as_published,TRUE,2019,2019
doi:10.7910/DVN/WXTUIL,FALSE,FALSE,FALSE,as_published,FALSE,2020,2020
doi:10.7910/DVN/WYA1S2,TRUE,FALSE,TRUE,as_published,TRUE,2018,2018
doi:10.7910/DVN/WYUGQ9,TRUE,FALSE,FALSE,as_published,TRUE,2024,2024
doi:10.7910/DVN/WZI945,TRUE,FALSE,TRUE,as_published,TRUE,2021,2021
doi:10.7910/DVN/WZOC7H,FALSE,FALSE,TRUE,as_published,TRUE,2024,2024
doi:10.7910/DVN/X0ZPH4,FALSE,FALSE,TRUE,as_published,TRUE,2017,2022
doi:10.7910/DVN/X2VJJX,TRUE,FALSE,TRUE,as_published,TRUE,2020,2024
doi:10.7910/DVN/X3LITS,FALSE,FALSE,FALSE,as_published,FALSE,2020,2020
doi:10.7910/DVN/X4Y2FL,FALSE,FALSE,TRUE,as_published,TRUE,2023,2023
doi:10.7910/DVN/X5ALUA,TRUE,FALSE,FALSE,as_published,TRUE,2021,2021
doi:10.7910/DVN/X5RBRB,TRUE,FALSE,TRUE,as_published,TRUE,2021,2021
doi:10.7910/DVN/X7AMNO,FALSE,FALSE,TRUE,as_published,TRUE,2017,2019
doi:10.7910/DVN/X88LYH,TRUE,FALSE,FALSE,as_published,TRUE,2016,2016
doi:10.7910/DVN/X8ZRVO,TRUE,FALSE,FALSE,as_published,TRUE,2018,2018
doi:10.7910/DVN/X9STDF,TRUE,FALSE,TRUE,as_published,TRUE,2024,2024
doi:10.7910/DVN/XA5DRD,FALSE,FALSE,TRUE,as_published,TRUE,2012,2015
doi:10.7910/DVN/XAQMIA,TRUE,FALSE,TRUE,as_published,TRUE,2018,2018
doi:10.7910/DVN/XASCZ1,FALSE,FALSE,FALSE,as_published,FALSE,2020,2020
doi:10.7910/DVN/XAUF3H,FALSE,FALSE,TRUE,as_published,TRUE,2022,2024
doi:10.7910/DVN/XAWZVS,FALSE,FALSE,TRUE,as_published,TRUE,2017,2017
doi:10.7910/DVN/XB5Q2J,TRUE,TRUE,TRUE,as_published,TRUE,2023,2023
doi:10.7910/DVN/XBBOHV,FALSE,FALSE,TRUE,as_published,TRUE,2016,2016
doi:10.7910/DVN/XBNJD9,FALSE,FALSE,TRUE,as_published,TRUE,2017,2017
doi:10.7910/DVN/XDUWWY,TRUE,FALSE,TRUE,as_published,TRUE,2013,2015
doi:10.7910/DVN/XERHRF,TRUE,FALSE,FALSE,as_published,TRUE,2023,2023
doi:10.7910/DVN/XF1157,TRUE,FALSE,TRUE,as_published,TRUE,2018,2018
doi:10.7910/DVN/XF2YFQ,TRUE,FALSE,TRUE,as_published,TRUE,2021,2021
doi:10.7910/DVN/XG6QQX,TRUE,FALSE,TRUE,as_published,TRUE,2015,2019
doi:10.7910/DVN/XGBMW9,FALSE,FALSE,FALSE,as_published,FALSE,2023,2023
doi:10.7910/DVN/XGXEN6,TRUE,FALSE,FALSE,as_published,TRUE,2022,2022
doi:10.7910/DVN/XHBJLO,TRUE,FALSE,FALSE,as_published,TRUE,2018,2018
doi:10.7910/DVN/XHNAFO,FALSE,FALSE,TRUE,as_published,TRUE,2021,2021
doi:10.7910/DVN/XI7ENB,TRUE,FALSE,TRUE,as_published,TRUE,2020,2020
doi:10.7910/DVN/XIIAVW,FALSE,FALSE,TRUE,as_published,TRUE,2021,2021
doi:10.7910/DVN/XJQALC,TRUE,FALSE,TRUE,as_published,TRUE,2019,2019
doi:10.7910/DVN/XKC4R4,FALSE,FALSE,TRUE,as_published,TRUE,2017,2017
doi:10.7910/DVN/XKMNAO,TRUE,FALSE,TRUE,as_published,TRUE,2019,2019
doi:10.7910/DVN/XL73P4,FALSE,FALSE,TRUE,as_published,TRUE,2018,2018
doi:10.7910/DVN/XMHS0J,TRUE,FALSE,FALSE,as_published,TRUE,2023,2023
doi:10.7910/DVN/XMKPSQ,TRUE,FALSE,TRUE,as_published,TRUE,2021,2021
doi:10.7910/DVN/XMUSDC,TRUE,FALSE,TRUE,as_published,TRUE,2020,2020
doi:10.7910/DVN/XN2TZL,TRUE,FALSE,FALSE,as_published,TRUE,2018,2018
doi:10.7910/DVN/XNCQR8,TRUE,FALSE,TRUE,as_published,TRUE,2023,2023
doi:10.7910/DVN/XNHHDO,TRUE,FALSE,TRUE,as_published,TRUE,2017,2017
doi:10.7910/DVN/XNXZGB,FALSE,FALSE,TRUE,as_published,TRUE,2016,2016
doi:10.7910/DVN/XOCNK1,TRUE,FALSE,TRUE,as_published,TRUE,2021,2021
doi:10.7910/DVN/XOERIO,TRUE,FALSE,FALSE,as_published,TRUE,2017,2017
doi:10.7910/DVN/XONPX2,FALSE,FALSE,TRUE,as_published,TRUE,2018,2018
doi:10.7910/DVN/XPTMGF,TRUE,FALSE,TRUE,as_published,TRUE,2024,2024
doi:10.7910/DVN/XQ9RJT,TRUE,FALSE,TRUE,as_published,TRUE,2018,2018
doi:10.7910/DVN/XQBUVK,TRUE,FALSE,TRUE,as_published,TRUE,2024,2024
doi:10.7910/DVN/XRJ43D,TRUE,FALSE,TRUE,as_published,TRUE,2017,2017
doi:10.7910/DVN/XS1SDX,FALSE,FALSE,FALSE,as_published,FALSE,2013,2015
doi:10.7910/DVN/XS4P50,FALSE,FALSE,TRUE,as_published,TRUE,2020,2020
doi:10.7910/DVN/XSCFX5,TRUE,FALSE,FALSE,as_published,TRUE,2015,2018
doi:10.7910/DVN/XSMCY5,TRUE,FALSE,TRUE,as_published,TRUE,2020,2020
doi:10.7910/DVN/XTIHGR,TRUE,FALSE,FALSE,as_published,TRUE,2018,2018
doi:10.7910/DVN/XTQJEN,TRUE,FALSE,TRUE,as_published,TRUE,2015,2015
doi:10.7910/DVN/XTRWKG,TRUE,FALSE,TRUE,as_published,TRUE,2020,2020
doi:10.7910/DVN/XTS8IE,FALSE,FALSE,TRUE,as_published,TRUE,2018,2018
doi:10.7910/DVN/XTWZZX,TRUE,FALSE,TRUE,as_published,TRUE,2021,2021
doi:10.7910/DVN/XU8ZWB,TRUE,FALSE,TRUE,as_published,TRUE,2018,2018
doi:10.7910/DVN/XUQE7Z,TRUE,FALSE,FALSE,as_published,TRUE,2023,2023
doi:10.7910/DVN/XWAREK,FALSE,FALSE,FALSE,as_published,FALSE,2017,2017
doi:10.7910/DVN/XWBDPQ,TRUE,FALSE,TRUE,as_published,TRUE,2024,2024
doi:10.7910/DVN/XYUWYJ,FALSE,FALSE,TRUE,as_published,TRUE,2018,2018
doi:10.7910/DVN/XZ0IZE,TRUE,FALSE,TRUE,as_published,TRUE,2018,2018
doi:10.7910/DVN/Y01YX7,FALSE,FALSE,TRUE,as_published,TRUE,2023,2023
doi:10.7910/DVN/Y0B0RH,FALSE,FALSE,FALSE,as_published,FALSE,2023,2023
doi:10.7910/DVN/Y0LFRY,TRUE,FALSE,TRUE,as_published,TRUE,2024,2024
doi:10.7910/DVN/Y10EQV,TRUE,FALSE,TRUE,as_published,TRUE,2021,2021
doi:10.7910/DVN/Y1EUAY,TRUE,FALSE,TRUE,as_published,TRUE,2018,2018
doi:10.7910/DVN/Y3XHB6,TRUE,FALSE,FALSE,as_published,TRUE,2019,2019
doi:10.7910/DVN/Y43XZR,FALSE,FALSE,FALSE,as_published,FALSE,2019,2019
doi:10.7910/DVN/Y5RRV5,FALSE,FALSE,TRUE,as_published,TRUE,2020,2020
doi:10.7910/DVN/Y6I5ZI,FALSE,FALSE,FALSE,as_published,FALSE,2012,2015
doi:10.7910/DVN/Y6RYUY,TRUE,FALSE,TRUE,as_published,TRUE,2017,2017
doi:10.7910/DVN/Y82RW8,TRUE,FALSE,TRUE,as_published,TRUE,2019,2019
doi:10.7910/DVN/Y8KIUK,FALSE,FALSE,TRUE,as_published,TRUE,2020,2020
doi:10.7910/DVN/YABNFF,TRUE,FALSE,TRUE,as_published,TRUE,2021,2021
doi:10.7910/DVN/YAGHTA,TRUE,FALSE,TRUE,as_published,TRUE,2018,2018
doi:10.7910/DVN/YBMKUX,FALSE,FALSE,FALSE,as_published,FALSE,2015,2015
doi:10.7910/DVN/YCDJNT,FALSE,FALSE,TRUE,as_published,TRUE,2023,2023
doi:10.7910/DVN/YCQCWJ,FALSE,FALSE,FALSE,as_published,FALSE,2018,2018
doi:10.7910/DVN/YDBMNI,TRUE,FALSE,TRUE,as_published,TRUE,2020,2020
doi:10.7910/DVN/YDLYLE,FALSE,FALSE,FALSE,as_published,FALSE,2022,2022
doi:10.7910/DVN/YDSRWF,FALSE,FALSE,TRUE,as_published,TRUE,2018,2018
doi:10.7910/DVN/YE8VC9,TRUE,FALSE,TRUE,as_published,TRUE,2021,2021
doi:10.7910/DVN/YEEWVX,TRUE,FALSE,TRUE,as_published,TRUE,2021,2021
doi:10.7910/DVN/YF761K,TRUE,FALSE,TRUE,as_published,TRUE,2020,2020
doi:10.7910/DVN/YFPCBP,FALSE,FALSE,FALSE,as_published,FALSE,2017,2017
doi:10.7910/DVN/YFPQJH,TRUE,FALSE,TRUE,as_published,TRUE,2021,2021
doi:10.7910/DVN/YGTFBW,FALSE,FALSE,TRUE,as_published,TRUE,2022,2022
doi:10.7910/DVN/YILXB4,TRUE,TRUE,TRUE,as_published,TRUE,2021,2021
doi:10.7910/DVN/YJMGPP,TRUE,FALSE,FALSE,as_published,TRUE,2015,2015
doi:10.7910/DVN/YJUIBI,FALSE,FALSE,FALSE,as_published,FALSE,2017,2017
doi:10.7910/DVN/YLCN5E,TRUE,FALSE,TRUE,as_published,TRUE,2021,2021
doi:10.7910/DVN/YLUNSN,TRUE,FALSE,FALSE,as_published,TRUE,2022,2022
doi:10.7910/DVN/YMLR66,TRUE,FALSE,TRUE,as_published,TRUE,2024,2024
doi:10.7910/DVN/YMMSIC,TRUE,FALSE,TRUE,as_published,TRUE,2016,2016
doi:10.7910/DVN/YNOR7Q,TRUE,FALSE,FALSE,as_published,TRUE,2016,2016
doi:10.7910/DVN/YO5J2S,TRUE,FALSE,TRUE,as_published,TRUE,2023,2023
doi:10.7910/DVN/YOBUVS,FALSE,FALSE,FALSE,as_published,FALSE,2021,2021
doi:10.7910/DVN/YQSBOA,TRUE,FALSE,TRUE,as_published,TRUE,2020,2020
doi:10.7910/DVN/YQYZ6O,TRUE,FALSE,FALSE,as_published,TRUE,2019,2019
doi:10.7910/DVN/YRJ6E3,TRUE,FALSE,TRUE,as_published,TRUE,2021,2021
doi:10.7910/DVN/YSS19O,TRUE,FALSE,TRUE,as_published,TRUE,2020,2020
doi:10.7910/DVN/YTRCQE,FALSE,FALSE,TRUE,as_published,TRUE,2020,2020
doi:10.7910/DVN/YTXZ6X,FALSE,FALSE,FALSE,as_published,FALSE,2024,2024
doi:10.7910/DVN/YU84D7,FALSE,FALSE,FALSE,as_published,FALSE,2019,2019
doi:10.7910/DVN/YUFLFF,FALSE,FALSE,FALSE,as_published,FALSE,2023,2025
doi:10.7910/DVN/YUM3K8,FALSE,FALSE,TRUE,as_published,TRUE,2019,2019
doi:10.7910/DVN/YUNDMQ,FALSE,FALSE,TRUE,as_published,TRUE,2018,2018
doi:10.7910/DVN/YWONK4,TRUE,FALSE,TRUE,as_published,TRUE,2019,2019
doi:10.7910/DVN/YWZBUJ,TRUE,FALSE,TRUE,as_published,TRUE,2018,2018
doi:10.7910/DVN/YYTXOB,TRUE,FALSE,TRUE,as_published,TRUE,2023,2023
doi:10.7910/DVN/YZGMQJ,TRUE,FALSE,TRUE,as_published,TRUE,2024,2024
doi:10.7910/DVN/YZHHPX,TRUE,FALSE,TRUE,as_published,TRUE,2021,2021
doi:10.7910/DVN/YZQTAH,TRUE,FALSE,TRUE,as_published,TRUE,2015,2015
doi:10.7910/DVN/Z0IGLS,TRUE,FALSE,TRUE,as_published,TRUE,2024,2024
doi:10.7910/DVN/Z4GY1O,FALSE,FALSE,FALSE,as_published,FALSE,2022,2022
doi:10.7910/DVN/Z5BTCQ,TRUE,FALSE,TRUE,as_published,TRUE,2020,2020
doi:10.7910/DVN/Z7P7RL,TRUE,FALSE,FALSE,as_published,TRUE,2019,2019
doi:10.7910/DVN/ZA6YEN,FALSE,FALSE,TRUE,as_published,TRUE,2023,2023
doi:10.7910/DVN/ZABHCA,TRUE,FALSE,TRUE,as_published,TRUE,2020,2020
doi:10.7910/DVN/ZAD5UE,FALSE,FALSE,FALSE,as_published,FALSE,2017,2017
doi:10.7910/DVN/ZB9RB1,TRUE,FALSE,FALSE,as_published,TRUE,2024,2024
doi:10.7910/DVN/ZBRTJH,FALSE,FALSE,TRUE,as_published,TRUE,2019,2019
doi:10.7910/DVN/ZBVYXZ,FALSE,FALSE,FALSE,as_published,FALSE,2019,2019
doi:10.7910/DVN/ZCEQPS,TRUE,FALSE,TRUE,as_published,TRUE,2021,2021
doi:10.7910/DVN/ZEDEAD,TRUE,FALSE,TRUE,as_published,TRUE,2021,2021
doi:10.7910/DVN/ZEKFG7,TRUE,FALSE,TRUE,as_published,TRUE,2020,2020
doi:10.7910/DVN/ZFE3NE,FALSE,FALSE,TRUE,as_published,TRUE,2020,2020
doi:10.7910/DVN/ZFLG25,TRUE,FALSE,TRUE,as_published,TRUE,2016,2016
doi:10.7910/DVN/ZFOTRO,FALSE,FALSE,TRUE,as_published,TRUE,2022,2022
doi:10.7910/DVN/ZFQMCP,TRUE,FALSE,FALSE,as_published,TRUE,2018,2018
doi:10.7910/DVN/ZHOL6Y,TRUE,FALSE,FALSE,as_published,TRUE,2021,2021
doi:10.7910/DVN/ZIYOQ3,FALSE,FALSE,TRUE,as_published,TRUE,2017,2017
doi:10.7910/DVN/ZJTLSW,TRUE,FALSE,FALSE,as_published,TRUE,2019,2019
doi:10.7910/DVN/ZK7QPH,TRUE,FALSE,TRUE,as_published,TRUE,2019,2019
doi:10.7910/DVN/ZLAJP6,TRUE,FALSE,TRUE,as_published,TRUE,2021,2021
doi:10.7910/DVN/ZLHYSZ,TRUE,FALSE,TRUE,as_published,TRUE,2021,2021
doi:10.7910/DVN/ZLUQPL,FALSE,FALSE,FALSE,as_published,FALSE,2018,2018
doi:10.7910/DVN/ZNRTYA,FALSE,FALSE,FALSE,as_published,FALSE,2023,2023
doi:10.7910/DVN/ZQMYII,FALSE,FALSE,FALSE,as_published,FALSE,2021,2021
doi:10.7910/DVN/ZRZGTT,FALSE,FALSE,FALSE,as_published,FALSE,2019,2019
doi:10.7910/DVN/ZSB0BL,TRUE,FALSE,FALSE,as_published,TRUE,2018,2018
doi:10.7910/DVN/ZSDJGT,FALSE,FALSE,FALSE,as_published,FALSE,2013,2015
doi:10.7910/DVN/ZSEWM4,TRUE,FALSE,TRUE,as_published,TRUE,2024,2024
doi:10.7910/DVN/ZSJA25,FALSE,FALSE,TRUE,as_published,TRUE,2018,2018
doi:10.7910/DVN/ZSTE1X,TRUE,FALSE,TRUE,as_published,TRUE,2017,2017
doi:10.7910/DVN/ZSYWHO,FALSE,FALSE,FALSE,as_published,FALSE,2016,2016
doi:10.7910/DVN/ZTDHVE,FALSE,FALSE,TRUE,as_published,TRUE,2021,2021
doi:10.7910/DVN/ZTTCOX,TRUE,FALSE,FALSE,as_published,TRUE,2019,2019
doi:10.7910/DVN/ZTVXNL,TRUE,FALSE,TRUE,as_published,TRUE,2024,2024
doi:10.7910/DVN/ZTWRSQ,TRUE,FALSE,FALSE,as_published,TRUE,2023,2023
doi:10.7910/DVN/ZU4FMC,FALSE,FALSE,TRUE,as_published,TRUE,2024,2024
doi:10.7910/DVN/ZUE1BI,FALSE,FALSE,FALSE,as_published,FALSE,2017,2017
doi:10.7910/DVN/ZUH3UG,TRUE,FALSE,TRUE,as_published,TRUE,2019,2019
doi:10.7910/DVN/ZUMTTN,TRUE,FALSE,TRUE,as_published,TRUE,2017,2017
doi:10.7910/DVN/ZUY1KJ,FALSE,FALSE,FALSE,as_published,FALSE,2017,2017
doi:10.7910/DVN/ZVC9W5,FALSE,FALSE,TRUE,as_published,TRUE,2022,2022
doi:10.7910/DVN/ZWKCPA,TRUE,FALSE,FALSE,as_published,TRUE,2020,2020
doi:10.7910/DVN/ZXZMJB,FALSE,FALSE,TRUE,as_published,TRUE,2015,2015
doi:10.7910/DVN/ZYRC8S,TRUE,FALSE,FALSE,as_published,TRUE,2018,2018
doi:10.7910/DVN/ZZYSIZ,TRUE,FALSE,FALSE,as_published,TRUE,2024,2024
doi:10.7910/DVN1/22636,FALSE,FALSE,FALSE,as_published,FALSE,2013,2016
doi:10.7910/DVN/00CIUU,TRUE,FALSE,TRUE,syntax_only,TRUE,2020,2020
doi:10.7910/DVN/01HXNF,TRUE,FALSE,TRUE,syntax_only,TRUE,2023,2023
doi:10.7910/DVN/01LN9W,TRUE,FALSE,FALSE,syntax_only,TRUE,2017,2017
doi:10.7910/DVN/03CDTK,FALSE,FALSE,TRUE,syntax_only,TRUE,2018,2018
doi:10.7910/DVN/03MTMJ,FALSE,FALSE,TRUE,syntax_only,TRUE,2015,2015
doi:10.7910/DVN/06ITCK,TRUE,FALSE,TRUE,syntax_only,TRUE,2020,2020
doi:10.7910/DVN/082VIU,FALSE,FALSE,TRUE,syntax_only,TRUE,2021,2021
doi:10.7910/DVN/0BSMHG,FALSE,FALSE,TRUE,syntax_only,TRUE,2024,2024
doi:10.7910/DVN/0DCWT7,TRUE,FALSE,TRUE,syntax_only,TRUE,2022,2022
doi:10.7910/DVN/0DLNBL,TRUE,FALSE,FALSE,syntax_only,TRUE,2018,2018
doi:10.7910/DVN/0E9KON,FALSE,FALSE,FALSE,syntax_only,FALSE,2016,2016
doi:10.7910/DVN/0EIQXL,FALSE,FALSE,TRUE,syntax_only,TRUE,2020,2020
doi:10.7910/DVN/0MOPI4,TRUE,FALSE,TRUE,syntax_only,TRUE,2020,2020
doi:10.7910/DVN/0MXT0H,TRUE,FALSE,TRUE,syntax_only,TRUE,2020,2020
doi:10.7910/DVN/0ONBF6,TRUE,FALSE,FALSE,syntax_only,TRUE,2021,2021
doi:10.7910/DVN/0PY9EA,FALSE,FALSE,FALSE,syntax_only,FALSE,2023,2023
doi:10.7910/DVN/0QOVCH,FALSE,FALSE,FALSE,syntax_only,FALSE,2020,2020
doi:10.7910/DVN/0UTWWV,TRUE,FALSE,TRUE,syntax_only,TRUE,2022,2022
doi:10.7910/DVN/0XEUCP,FALSE,FALSE,TRUE,syntax_only,TRUE,2017,2017
doi:10.7910/DVN/0XS5NX,TRUE,FALSE,TRUE,syntax_only,TRUE,2021,2021
doi:10.7910/DVN/0Y1E2B,FALSE,FALSE,TRUE,syntax_only,TRUE,2020,2020
doi:10.7910/DVN/0Y8IKW,TRUE,FALSE,TRUE,syntax_only,TRUE,2022,2022
doi:10.7910/DVN/0YHJRG,TRUE,FALSE,TRUE,syntax_only,TRUE,2023,2023
doi:10.7910/DVN/10VFQX,FALSE,FALSE,FALSE,syntax_only,FALSE,2022,2022
doi:10.7910/DVN/14RSGX,TRUE,FALSE,TRUE,syntax_only,TRUE,2016,2016
doi:10.7910/DVN/16VWOB,FALSE,FALSE,FALSE,syntax_only,FALSE,2024,2024
doi:10.7910/DVN/18EH2Y,TRUE,FALSE,FALSE,syntax_only,TRUE,2020,2020
doi:10.7910/DVN/18XSG8,FALSE,FALSE,FALSE,syntax_only,FALSE,2021,2021
doi:10.7910/DVN/193ZDD,FALSE,FALSE,TRUE,syntax_only,TRUE,2015,2015
doi:10.7910/DVN/19FLXV,TRUE,FALSE,TRUE,syntax_only,TRUE,2020,2020
doi:10.7910/DVN/19FSQZ,FALSE,FALSE,FALSE,syntax_only,FALSE,2019,2019
doi:10.7910/DVN/1CKNTW,FALSE,FALSE,TRUE,syntax_only,TRUE,2018,2018
doi:10.7910/DVN/1CNMHF,FALSE,FALSE,TRUE,syntax_only,TRUE,2021,2021
doi:10.7910/DVN/1E8HF3,TRUE,FALSE,TRUE,syntax_only,TRUE,2024,2024
doi:10.7910/DVN/1GLFE1,FALSE,FALSE,FALSE,syntax_only,FALSE,2017,2017
doi:10.7910/DVN/1HNIFT,TRUE,FALSE,TRUE,syntax_only,TRUE,2018,2018
doi:10.7910/DVN/1HOVTU,TRUE,FALSE,FALSE,syntax_only,TRUE,2016,2016
doi:10.7910/DVN/1L325J,TRUE,FALSE,FALSE,syntax_only,TRUE,2024,2024
doi:10.7910/DVN/1OPRYA,TRUE,FALSE,TRUE,syntax_only,TRUE,2023,2023
doi:10.7910/DVN/1QZ0JZ,FALSE,FALSE,TRUE,syntax_only,TRUE,2017,2017
doi:10.7910/DVN/1SQ68U,TRUE,FALSE,FALSE,syntax_only,TRUE,2021,2021
doi:10.7910/DVN/1SU7J4,TRUE,FALSE,TRUE,syntax_only,TRUE,2023,2023
doi:10.7910/DVN/1U5WZT,TRUE,FALSE,TRUE,syntax_only,TRUE,2017,2017
doi:10.7910/DVN/1UZGWL,FALSE,FALSE,TRUE,syntax_only,TRUE,2024,2024
doi:10.7910/DVN/1Y2DLT,TRUE,FALSE,TRUE,syntax_only,TRUE,2020,2020
doi:10.7910/DVN/1YK9ON,FALSE,FALSE,FALSE,syntax_only,FALSE,2013,2015
doi:10.7910/DVN/1ZOEEX,FALSE,FALSE,TRUE,syntax_only,TRUE,2018,2018
doi:10.7910/DVN/22976,FALSE,FALSE,TRUE,syntax_only,TRUE,2013,2015
doi:10.7910/DVN/23063,FALSE,FALSE,FALSE,syntax_only,FALSE,2013,2015
doi:10.7910/DVN/23302,FALSE,FALSE,FALSE,syntax_only,FALSE,2013,2015
doi:10.7910/DVN/23402,FALSE,FALSE,FALSE,syntax_only,FALSE,2013,2013
doi:10.7910/DVN/23818,TRUE,FALSE,TRUE,syntax_only,TRUE,2013,2015
doi:10.7910/DVN/23851,FALSE,FALSE,FALSE,syntax_only,FALSE,2013,2015
doi:10.7910/DVN/23958,FALSE,FALSE,FALSE,syntax_only,FALSE,2013,2015
doi:10.7910/DVN/23972,FALSE,FALSE,TRUE,syntax_only,TRUE,2013,2015
doi:10.7910/DVN/24128,FALSE,FALSE,FALSE,syntax_only,FALSE,2014,2015
doi:10.7910/DVN/24220,FALSE,FALSE,TRUE,syntax_only,TRUE,2014,2015
doi:10.7910/DVN/24387,FALSE,FALSE,FALSE,syntax_only,FALSE,2014,2015
doi:10.7910/DVN/24506,TRUE,FALSE,FALSE,syntax_only,TRUE,2014,2015
doi:10.7910/DVN/24591,FALSE,FALSE,FALSE,syntax_only,FALSE,2014,2015
doi:10.7910/DVN/24714,FALSE,FALSE,FALSE,syntax_only,FALSE,2014,2015
doi:10.7910/DVN/24789,FALSE,FALSE,TRUE,syntax_only,TRUE,2014,2015
doi:10.7910/DVN/24800,TRUE,FALSE,TRUE,syntax_only,TRUE,2014,2015
doi:10.7910/DVN/24827,FALSE,FALSE,FALSE,syntax_only,FALSE,2014,2015
doi:10.7910/DVN/24859,FALSE,FALSE,FALSE,syntax_only,FALSE,2014,2015
doi:10.7910/DVN/24937,FALSE,FALSE,TRUE,syntax_only,TRUE,2014,2015
doi:10.7910/DVN/24975,FALSE,FALSE,FALSE,syntax_only,FALSE,2014,2015
doi:10.7910/DVN/25302,FALSE,FALSE,TRUE,syntax_only,TRUE,2014,2015
doi:10.7910/DVN/25423,FALSE,FALSE,FALSE,syntax_only,FALSE,2014,2015
doi:10.7910/DVN/25505,FALSE,FALSE,FALSE,syntax_only,FALSE,2014,2015
doi:10.7910/DVN/25531,FALSE,FALSE,TRUE,syntax_only,TRUE,2014,2015
doi:10.7910/DVN/25540,FALSE,FALSE,FALSE,syntax_only,FALSE,2014,2015
doi:10.7910/DVN/25615,FALSE,FALSE,TRUE,syntax_only,TRUE,2014,2015
doi:10.7910/DVN/25707,FALSE,FALSE,FALSE,syntax_only,FALSE,2014,2015
doi:10.7910/DVN/26457,FALSE,FALSE,FALSE,syntax_only,FALSE,2014,2015
doi:10.7910/DVN/26461,FALSE,FALSE,FALSE,syntax_only,FALSE,2014,2015
doi:10.7910/DVN/26522,FALSE,FALSE,FALSE,syntax_only,FALSE,2014,2015
doi:10.7910/DVN/26544,FALSE,FALSE,TRUE,syntax_only,TRUE,2014,2015
doi:10.7910/DVN/26570,TRUE,FALSE,TRUE,syntax_only,TRUE,2014,2015
doi:10.7910/DVN/26584,FALSE,FALSE,TRUE,syntax_only,TRUE,2014,2016
doi:10.7910/DVN/26586,TRUE,FALSE,FALSE,syntax_only,TRUE,2014,2015
doi:10.7910/DVN/26612,FALSE,FALSE,TRUE,syntax_only,TRUE,2014,2022
doi:10.7910/DVN/26642,FALSE,FALSE,FALSE,syntax_only,FALSE,2014,2015
doi:10.7910/DVN/26714,TRUE,FALSE,TRUE,syntax_only,TRUE,2014,2015
doi:10.7910/DVN/26721,FALSE,FALSE,FALSE,syntax_only,FALSE,2014,2015
doi:10.7910/DVN/26936,FALSE,FALSE,FALSE,syntax_only,FALSE,2014,2015
doi:10.7910/DVN/26937,FALSE,FALSE,TRUE,syntax_only,TRUE,2014,2014
doi:10.7910/DVN/26P4MC,TRUE,FALSE,TRUE,syntax_only,TRUE,2024,2024
doi:10.7910/DVN/27113,FALSE,FALSE,FALSE,syntax_only,FALSE,2014,2015
doi:10.7910/DVN/27176,FALSE,FALSE,FALSE,syntax_only,FALSE,2014,2014
doi:10.7910/DVN/27192,TRUE,FALSE,TRUE,syntax_only,TRUE,2014,2014
doi:10.7910/DVN/27217,FALSE,FALSE,TRUE,syntax_only,TRUE,2014,2015
doi:10.7910/DVN/27293,FALSE,FALSE,FALSE,syntax_only,FALSE,2014,2015
doi:10.7910/DVN/27371,FALSE,FALSE,FALSE,syntax_only,FALSE,2014,2015
doi:10.7910/DVN/27512,FALSE,FALSE,TRUE,syntax_only,TRUE,2014,2015
doi:10.7910/DVN/27597,FALSE,FALSE,FALSE,syntax_only,FALSE,2014,2015
doi:10.7910/DVN/27624,FALSE,FALSE,FALSE,syntax_only,FALSE,2014,2015
doi:10.7910/DVN/27631,TRUE,FALSE,TRUE,syntax_only,TRUE,2014,2015
doi:10.7910/DVN/27662,TRUE,FALSE,FALSE,syntax_only,TRUE,2014,2015
doi:10.7910/DVN/27672,TRUE,FALSE,TRUE,syntax_only,TRUE,2014,2016
doi:10.7910/DVN/28158,TRUE,FALSE,TRUE,syntax_only,TRUE,2014,2014
doi:10.7910/DVN/28582,FALSE,FALSE,FALSE,syntax_only,FALSE,2015,2015
doi:10.7910/DVN/28640,FALSE,FALSE,TRUE,syntax_only,TRUE,2015,2015
doi:10.7910/DVN/28750,FALSE,FALSE,FALSE,syntax_only,FALSE,2015,2015
doi:10.7910/DVN/28856,FALSE,FALSE,TRUE,syntax_only,TRUE,2015,2015
doi:10.7910/DVN/28870,FALSE,FALSE,TRUE,syntax_only,TRUE,2015,2015
doi:10.7910/DVN/28929,FALSE,FALSE,FALSE,syntax_only,FALSE,2015,2015
doi:10.7910/DVN/28930,FALSE,FALSE,TRUE,syntax_only,TRUE,2015,2015
doi:10.7910/DVN/29026,FALSE,FALSE,FALSE,syntax_only,FALSE,2015,2015
doi:10.7910/DVN/29040,TRUE,FALSE,TRUE,syntax_only,TRUE,2015,2019
doi:10.7910/DVN/29076,FALSE,FALSE,FALSE,syntax_only,FALSE,2015,2015
doi:10.7910/DVN/29080,FALSE,FALSE,FALSE,syntax_only,FALSE,2015,2015
doi:10.7910/DVN/29095,FALSE,FALSE,TRUE,syntax_only,TRUE,2015,2018
doi:10.7910/DVN/29098,FALSE,FALSE,FALSE,syntax_only,FALSE,2015,2015
doi:10.7910/DVN/29101,FALSE,FALSE,TRUE,syntax_only,TRUE,2015,2015
doi:10.7910/DVN/29108,TRUE,FALSE,FALSE,syntax_only,TRUE,2015,2015
doi:10.7910/DVN/29117,FALSE,FALSE,FALSE,syntax_only,FALSE,2015,2015
doi:10.7910/DVN/29129,FALSE,FALSE,FALSE,syntax_only,FALSE,2015,2015
doi:10.7910/DVN/29179,FALSE,FALSE,FALSE,syntax_only,FALSE,2015,2015
doi:10.7910/DVN/29205,FALSE,FALSE,TRUE,syntax_only,TRUE,2015,2015
doi:10.7910/DVN/29242,TRUE,FALSE,FALSE,syntax_only,TRUE,2015,2015
doi:10.7910/DVN/29286,TRUE,FALSE,FALSE,syntax_only,TRUE,2015,2015
doi:10.7910/DVN/29314,FALSE,FALSE,TRUE,syntax_only,TRUE,2015,2015
doi:10.7910/DVN/29375,FALSE,FALSE,TRUE,syntax_only,TRUE,2015,2015
doi:10.7910/DVN/29379,TRUE,FALSE,TRUE,syntax_only,TRUE,2015,2015
doi:10.7910/DVN/29405,FALSE,FALSE,TRUE,syntax_only,TRUE,2015,2015
doi:10.7910/DVN/29427,FALSE,FALSE,TRUE,syntax_only,TRUE,2015,2015
doi:10.7910/DVN/29487,TRUE,FALSE,FALSE,syntax_only,TRUE,2015,2015
doi:10.7910/DVN/29566,TRUE,FALSE,TRUE,syntax_only,TRUE,2015,2015
doi:10.7910/DVN/29591,FALSE,FALSE,FALSE,syntax_only,FALSE,2015,2015
doi:10.7910/DVN/29743,FALSE,FALSE,FALSE,syntax_only,FALSE,2015,2015
doi:10.7910/DVN/29911,FALSE,FALSE,TRUE,syntax_only,TRUE,2015,2020
doi:10.7910/DVN/2CITBJ,TRUE,FALSE,TRUE,syntax_only,TRUE,2020,2020
doi:10.7910/DVN/2CLJPA,TRUE,FALSE,TRUE,syntax_only,TRUE,2019,2019
doi:10.7910/DVN/2CS1VF,FALSE,FALSE,TRUE,syntax_only,TRUE,2018,2018
doi:10.7910/DVN/2CVG5E,TRUE,FALSE,TRUE,syntax_only,TRUE,2024,2024
doi:10.7910/DVN/2DCQZV,TRUE,FALSE,FALSE,syntax_only,TRUE,2020,2020
doi:10.7910/DVN/2E2M9Z,TRUE,FALSE,TRUE,syntax_only,TRUE,2018,2018
doi:10.7910/DVN/2E4MOZ,TRUE,FALSE,TRUE,syntax_only,TRUE,2023,2023
doi:10.7910/DVN/2IFZR9,FALSE,FALSE,FALSE,syntax_only,FALSE,2022,2022
doi:10.7910/DVN/2IVKXD,FALSE,FALSE,FALSE,syntax_only,FALSE,2021,2021
doi:10.7910/DVN/2JKWNS,TRUE,FALSE,TRUE,syntax_only,TRUE,2021,2021
doi:10.7910/DVN/2JVEEE,FALSE,FALSE,FALSE,syntax_only,FALSE,2016,2016
doi:10.7910/DVN/2KAQO1,TRUE,FALSE,TRUE,syntax_only,TRUE,2024,2024
doi:10.7910/DVN/2LH0BZ,FALSE,FALSE,TRUE,syntax_only,TRUE,2021,2021
doi:10.7910/DVN/2O7CN0,FALSE,FALSE,TRUE,syntax_only,TRUE,2018,2018
doi:10.7910/DVN/2OFTAW,FALSE,FALSE,TRUE,syntax_only,TRUE,2017,2017
doi:10.7910/DVN/2THQJN,FALSE,FALSE,TRUE,syntax_only,TRUE,2022,2022
doi:10.7910/DVN/2UFPMP,FALSE,FALSE,FALSE,syntax_only,FALSE,2018,2018
doi:10.7910/DVN/2UUQ25,TRUE,FALSE,TRUE,syntax_only,TRUE,2018,2018
doi:10.7910/DVN/2VF2J0,TRUE,FALSE,TRUE,syntax_only,TRUE,2018,2018
doi:10.7910/DVN/2VHCON,TRUE,FALSE,FALSE,syntax_only,TRUE,2022,2022
doi:10.7910/DVN/2WRQWZ,FALSE,FALSE,TRUE,syntax_only,TRUE,2024,2024
doi:10.7910/DVN/2XO7HR,TRUE,FALSE,FALSE,syntax_only,TRUE,2020,2020
doi:10.7910/DVN/2XP8YF,FALSE,FALSE,TRUE,syntax_only,TRUE,2016,2016
doi:10.7910/DVN/2YA2VU,TRUE,FALSE,TRUE,syntax_only,TRUE,2024,2024
doi:10.7910/DVN/2YQX37,FALSE,FALSE,FALSE,syntax_only,FALSE,2016,2016
doi:10.7910/DVN/33K3EF,TRUE,FALSE,TRUE,syntax_only,TRUE,2020,2020
doi:10.7910/DVN/361LGD,TRUE,FALSE,TRUE,syntax_only,TRUE,2024,2024
doi:10.7910/DVN/383K6K,FALSE,FALSE,FALSE,syntax_only,FALSE,2020,2020
doi:10.7910/DVN/38BFML,TRUE,FALSE,TRUE,syntax_only,TRUE,2019,2019
doi:10.7910/DVN/3ADWK8,TRUE,FALSE,TRUE,syntax_only,TRUE,2020,2020
doi:10.7910/DVN/3AOBP2,TRUE,FALSE,TRUE,syntax_only,TRUE,2022,2022
doi:10.7910/DVN/3DK6JA,TRUE,FALSE,TRUE,syntax_only,TRUE,2018,2018
doi:10.7910/DVN/3DRQOB,TRUE,FALSE,TRUE,syntax_only,TRUE,2021,2021
doi:10.7910/DVN/3DVZYY,FALSE,FALSE,TRUE,syntax_only,TRUE,2020,2020
doi:10.7910/DVN/3E7JXB,TRUE,FALSE,FALSE,syntax_only,TRUE,2021,2021
doi:10.7910/DVN/3EKRSI,FALSE,TRUE,FALSE,syntax_only,TRUE,2022,2022
doi:10.7910/DVN/3EONKV,FALSE,FALSE,TRUE,syntax_only,TRUE,2018,2018
doi:10.7910/DVN/3FGLKN,FALSE,FALSE,FALSE,syntax_only,FALSE,2024,2024
doi:10.7910/DVN/3FNP7Q,FALSE,FALSE,TRUE,syntax_only,TRUE,2024,2024
doi:10.7910/DVN/3GZMQW,TRUE,FALSE,FALSE,syntax_only,TRUE,2021,2021
doi:10.7910/DVN/3KOQWQ,FALSE,FALSE,TRUE,syntax_only,TRUE,2018,2018
doi:10.7910/DVN/3M9OD8,FALSE,FALSE,FALSE,syntax_only,FALSE,2015,2015
doi:10.7910/DVN/3QNR8Q,FALSE,FALSE,FALSE,syntax_only,FALSE,2018,2018
doi:10.7910/DVN/3RA7YG,FALSE,FALSE,FALSE,syntax_only,FALSE,2016,2016
doi:10.7910/DVN/3RNFFH,FALSE,FALSE,FALSE,syntax_only,FALSE,2019,2019
doi:10.7910/DVN/3RR5RJ,FALSE,FALSE,TRUE,syntax_only,TRUE,2023,2023
doi:10.7910/DVN/3RWCPB,TRUE,FALSE,TRUE,syntax_only,TRUE,2022,2022
doi:10.7910/DVN/3TTQL2,FALSE,FALSE,TRUE,syntax_only,TRUE,2018,2018
doi:10.7910/DVN/3TZAEB,FALSE,FALSE,FALSE,syntax_only,FALSE,2024,2024
doi:10.7910/DVN/3VFVS7,FALSE,FALSE,TRUE,syntax_only,TRUE,2023,2023
doi:10.7910/DVN/4DUB7X,TRUE,FALSE,TRUE,syntax_only,TRUE,2023,2023
doi:10.7910/DVN/4EZPKF,TRUE,FALSE,TRUE,syntax_only,TRUE,2022,2022
doi:10.7910/DVN/4FCVUR,FALSE,FALSE,FALSE,syntax_only,FALSE,2015,2015
doi:10.7910/DVN/4G2DBT,FALSE,FALSE,TRUE,syntax_only,TRUE,2017,2017
doi:10.7910/DVN/4KFU8S,FALSE,FALSE,TRUE,syntax_only,TRUE,2019,2019
doi:10.7910/DVN/4LWC1R,FALSE,FALSE,FALSE,syntax_only,FALSE,2020,2020
doi:10.7910/DVN/4LZXTY,TRUE,FALSE,TRUE,syntax_only,TRUE,2015,2015
doi:10.7910/DVN/4M0HEN,TRUE,FALSE,TRUE,syntax_only,TRUE,2020,2020
doi:10.7910/DVN/4MOTFS,FALSE,FALSE,TRUE,syntax_only,TRUE,2024,2024
doi:10.7910/DVN/4MZQYH,FALSE,FALSE,FALSE,syntax_only,FALSE,2022,2022
doi:10.7910/DVN/4NEPI7,TRUE,FALSE,TRUE,syntax_only,TRUE,2020,2020
doi:10.7910/DVN/4P2JA3,FALSE,FALSE,FALSE,syntax_only,FALSE,2021,2021
doi:10.7910/DVN/4QQHW7,TRUE,FALSE,TRUE,syntax_only,TRUE,2024,2024
doi:10.7910/DVN/4QRUPR,FALSE,FALSE,TRUE,syntax_only,TRUE,2017,2017
doi:10.7910/DVN/4RQWXW,FALSE,FALSE,TRUE,syntax_only,TRUE,2020,2021
doi:10.7910/DVN/4T7Q6U,TRUE,FALSE,FALSE,syntax_only,TRUE,2024,2024
doi:10.7910/DVN/4UOQUR,TRUE,FALSE,TRUE,syntax_only,TRUE,2023,2023
doi:10.7910/DVN/4VCBQB,TRUE,FALSE,TRUE,syntax_only,TRUE,2020,2020
doi:10.7910/DVN/4VHZWW,TRUE,FALSE,TRUE,syntax_only,TRUE,2021,2021
doi:10.7910/DVN/4WNEE9,TRUE,FALSE,TRUE,syntax_only,TRUE,2020,2020
doi:10.7910/DVN/4XI0UG,FALSE,FALSE,FALSE,syntax_only,FALSE,2017,2017
doi:10.7910/DVN/4ZTDMU,FALSE,FALSE,TRUE,syntax_only,TRUE,2023,2023
doi:10.7910/DVN/56EZPS,FALSE,FALSE,FALSE,syntax_only,FALSE,2017,2017
doi:10.7910/DVN/57QESD,TRUE,FALSE,FALSE,syntax_only,TRUE,2020,2020
doi:10.7910/DVN/5AN3RU,TRUE,FALSE,FALSE,syntax_only,TRUE,2017,2017
doi:10.7910/DVN/5CNOTD,TRUE,FALSE,FALSE,syntax_only,TRUE,2023,2023
doi:10.7910/DVN/5CVUVU,FALSE,FALSE,FALSE,syntax_only,FALSE,2013,2015
doi:10.7910/DVN/5CYWWF,TRUE,FALSE,TRUE,syntax_only,TRUE,2019,2019
doi:10.7910/DVN/5DHMYI,FALSE,FALSE,FALSE,syntax_only,FALSE,2023,2024
doi:10.7910/DVN/5E3D0F,TRUE,FALSE,FALSE,syntax_only,TRUE,2023,2023
doi:10.7910/DVN/5GP5SI,TRUE,FALSE,FALSE,syntax_only,TRUE,2023,2023
doi:10.7910/DVN/5H1HFF,TRUE,FALSE,TRUE,syntax_only,TRUE,2018,2018
doi:10.7910/DVN/5HEB4I,FALSE,FALSE,TRUE,syntax_only,TRUE,2015,2015
doi:10.7910/DVN/5HXT8K,FALSE,FALSE,FALSE,syntax_only,FALSE,2021,2021
doi:10.7910/DVN/5JLGEL,TRUE,FALSE,TRUE,syntax_only,TRUE,2018,2018
doi:10.7910/DVN/5K89TG,TRUE,FALSE,TRUE,syntax_only,TRUE,2023,2023
doi:10.7910/DVN/5KC1FM,FALSE,FALSE,TRUE,syntax_only,TRUE,2024,2024
doi:10.7910/DVN/5M10KG,FALSE,FALSE,TRUE,syntax_only,TRUE,2022,2022
doi:10.7910/DVN/5MAQC2,TRUE,FALSE,FALSE,syntax_only,TRUE,2020,2020
doi:10.7910/DVN/5O3EOW,TRUE,FALSE,TRUE,syntax_only,TRUE,2022,2024
doi:10.7910/DVN/5OUHOW,TRUE,FALSE,TRUE,syntax_only,TRUE,2024,2024
doi:10.7910/DVN/5PEQSS,TRUE,FALSE,TRUE,syntax_only,TRUE,2022,2022
doi:10.7910/DVN/5QBS9A,TRUE,FALSE,TRUE,syntax_only,TRUE,2020,2020
doi:10.7910/DVN/5S1HRF,FALSE,FALSE,TRUE,syntax_only,TRUE,2020,2020
doi:10.7910/DVN/5TWA0G,FALSE,FALSE,FALSE,syntax_only,FALSE,2015,2015
doi:10.7910/DVN/5UEEU2,FALSE,FALSE,FALSE,syntax_only,FALSE,2020,2020
doi:10.7910/DVN/5UMCKK,TRUE,FALSE,TRUE,syntax_only,TRUE,2017,2017
doi:10.7910/DVN/5XG84N,TRUE,FALSE,TRUE,syntax_only,TRUE,2022,2022
doi:10.7910/DVN/61JJI3,FALSE,FALSE,TRUE,syntax_only,TRUE,2017,2017
doi:10.7910/DVN/61JSZQ,TRUE,FALSE,FALSE,syntax_only,TRUE,2017,2017
doi:10.7910/DVN/64HPWB,TRUE,FALSE,TRUE,syntax_only,TRUE,2022,2022
doi:10.7910/DVN/66XBA5,TRUE,FALSE,TRUE,syntax_only,TRUE,2020,2020
doi:10.7910/DVN/6A2J2T,FALSE,FALSE,FALSE,syntax_only,FALSE,2018,2018
doi:10.7910/DVN/6AAGM9,FALSE,FALSE,TRUE,syntax_only,TRUE,2020,2020
doi:10.7910/DVN/6EBCGA,FALSE,FALSE,FALSE,syntax_only,FALSE,2013,2015
doi:10.7910/DVN/6FHV5B,FALSE,FALSE,FALSE,syntax_only,FALSE,2024,2024
doi:10.7910/DVN/6IO5ET,FALSE,FALSE,FALSE,syntax_only,FALSE,2015,2015
doi:10.7910/DVN/6IOACK,FALSE,FALSE,FALSE,syntax_only,FALSE,2018,2018
doi:10.7910/DVN/6IRAEM,FALSE,FALSE,FALSE,syntax_only,FALSE,2021,2021
doi:10.7910/DVN/6KPFOK,TRUE,FALSE,TRUE,syntax_only,TRUE,2019,2019
doi:10.7910/DVN/6N2PN4,FALSE,FALSE,FALSE,syntax_only,FALSE,2016,2016
doi:10.7910/DVN/6NDYHC,FALSE,FALSE,TRUE,syntax_only,TRUE,2018,2018
doi:10.7910/DVN/6OKNOY,FALSE,FALSE,TRUE,syntax_only,TRUE,2023,2023
doi:10.7910/DVN/6RL6ID,TRUE,FALSE,TRUE,syntax_only,TRUE,2024,2024
doi:10.7910/DVN/6SRI9K,TRUE,FALSE,TRUE,syntax_only,TRUE,2020,2020
doi:10.7910/DVN/6TFUSP,FALSE,FALSE,FALSE,syntax_only,FALSE,2013,2015
doi:10.7910/DVN/6VJ2WK,FALSE,FALSE,FALSE,syntax_only,FALSE,2023,2023
doi:10.7910/DVN/6WBQ7U,FALSE,FALSE,TRUE,syntax_only,TRUE,2016,2016
doi:10.7910/DVN/6XGUWQ,TRUE,FALSE,FALSE,syntax_only,TRUE,2021,2021
doi:10.7910/DVN/6YNZTE,FALSE,FALSE,TRUE,syntax_only,TRUE,2019,2019
doi:10.7910/DVN/70UDEG,TRUE,FALSE,TRUE,syntax_only,TRUE,2023,2023
doi:10.7910/DVN/7190MT,TRUE,FALSE,TRUE,syntax_only,TRUE,2018,2018
doi:10.7910/DVN/74QEO9,TRUE,FALSE,TRUE,syntax_only,TRUE,2023,2023
doi:10.7910/DVN/78JPNJ,TRUE,FALSE,TRUE,syntax_only,TRUE,2018,2018
doi:10.7910/DVN/79RI4R,TRUE,FALSE,TRUE,syntax_only,TRUE,2020,2020
doi:10.7910/DVN/7C5RYJ,TRUE,FALSE,TRUE,syntax_only,TRUE,2023,2023
doi:10.7910/DVN/7D48YB,TRUE,FALSE,TRUE,syntax_only,TRUE,2015,2015
doi:10.7910/DVN/7EWDRF,FALSE,FALSE,FALSE,syntax_only,FALSE,2018,2018
doi:10.7910/DVN/7GPSCA,TRUE,FALSE,TRUE,syntax_only,TRUE,2020,2020
doi:10.7910/DVN/7JFVQI,TRUE,FALSE,TRUE,syntax_only,TRUE,2022,2022
doi:10.7910/DVN/7KSNCE,FALSE,FALSE,TRUE,syntax_only,TRUE,2015,2015
doi:10.7910/DVN/7M6NIP,FALSE,FALSE,TRUE,syntax_only,TRUE,2021,2021
doi:10.7910/DVN/7NP2XH,FALSE,FALSE,TRUE,syntax_only,TRUE,2020,2020
doi:10.7910/DVN/7PZHF6,TRUE,FALSE,TRUE,syntax_only,TRUE,2020,2020
doi:10.7910/DVN/7Q9ZSR,TRUE,FALSE,TRUE,syntax_only,TRUE,2017,2017
doi:10.7910/DVN/7SYM1H,TRUE,FALSE,TRUE,syntax_only,TRUE,2021,2021
doi:10.7910/DVN/7TEE2R,FALSE,FALSE,TRUE,syntax_only,TRUE,2023,2023
doi:10.7910/DVN/7UBRAC,FALSE,FALSE,TRUE,syntax_only,TRUE,2018,2018
doi:10.7910/DVN/7UOT14,TRUE,FALSE,FALSE,syntax_only,TRUE,2023,2023
doi:10.7910/DVN/7WUTWA,TRUE,FALSE,FALSE,syntax_only,TRUE,2021,2021
doi:10.7910/DVN/7YEK7H,FALSE,FALSE,FALSE,syntax_only,FALSE,2015,2015
doi:10.7910/DVN/7ZVSYO,TRUE,FALSE,TRUE,syntax_only,TRUE,2019,2019
doi:10.7910/DVN/85RL5E,FALSE,FALSE,FALSE,syntax_only,FALSE,2019,2019
doi:10.7910/DVN/87TSER,TRUE,FALSE,TRUE,syntax_only,TRUE,2024,2024
doi:10.7910/DVN/88FIAR,FALSE,FALSE,FALSE,syntax_only,FALSE,2016,2016
doi:10.7910/DVN/88XL3K,TRUE,FALSE,FALSE,syntax_only,TRUE,2023,2023
doi:10.7910/DVN/8B31FG,TRUE,FALSE,FALSE,syntax_only,TRUE,2020,2020
doi:10.7910/DVN/8GABL3,TRUE,FALSE,TRUE,syntax_only,TRUE,2019,2019
doi:10.7910/DVN/8GEYKS,FALSE,FALSE,TRUE,syntax_only,TRUE,2015,2015
doi:10.7910/DVN/8GNMUY,TRUE,FALSE,TRUE,syntax_only,TRUE,2023,2023
doi:10.7910/DVN/8HFVU8,TRUE,FALSE,TRUE,syntax_only,TRUE,2019,2019
doi:10.7910/DVN/8I6NOT,TRUE,FALSE,TRUE,syntax_only,TRUE,2021,2021
doi:10.7910/DVN/8JFNSN,FALSE,FALSE,TRUE,syntax_only,TRUE,2021,2021
doi:10.7910/DVN/8JHA2X,FALSE,FALSE,TRUE,syntax_only,TRUE,2019,2019
doi:10.7910/DVN/8JW4Q7,TRUE,FALSE,TRUE,syntax_only,TRUE,2018,2018
doi:10.7910/DVN/8KNF3I,TRUE,FALSE,TRUE,syntax_only,TRUE,2019,2019
doi:10.7910/DVN/8L1SHV,FALSE,FALSE,TRUE,syntax_only,TRUE,2020,2020
doi:10.7910/DVN/8LDZFF,FALSE,FALSE,FALSE,syntax_only,FALSE,2016,2016
doi:10.7910/DVN/8LKROK,FALSE,FALSE,FALSE,syntax_only,FALSE,2020,2020
doi:10.7910/DVN/8LQZW9,TRUE,FALSE,FALSE,syntax_only,TRUE,2022,2022
doi:10.7910/DVN/8LXNQK,FALSE,FALSE,TRUE,syntax_only,TRUE,2021,2021
doi:10.7910/DVN/8MV984,FALSE,FALSE,FALSE,syntax_only,FALSE,2020,2020
doi:10.7910/DVN/8OKVHY,TRUE,FALSE,TRUE,syntax_only,TRUE,2018,2018
doi:10.7910/DVN/8PIIAI,TRUE,FALSE,TRUE,syntax_only,TRUE,2019,2019
doi:10.7910/DVN/8PVW9D,FALSE,FALSE,FALSE,syntax_only,FALSE,2016,2016
doi:10.7910/DVN/8R3LTP,FALSE,FALSE,TRUE,syntax_only,TRUE,2018,2018
doi:10.7910/DVN/8SIOKU,TRUE,FALSE,TRUE,syntax_only,TRUE,2022,2022
doi:10.7910/DVN/8SR1GY,FALSE,FALSE,TRUE,syntax_only,TRUE,2017,2017
doi:10.7910/DVN/8VBGXO,FALSE,FALSE,TRUE,syntax_only,TRUE,2020,2020
doi:10.7910/DVN/8WGX9H,FALSE,FALSE,FALSE,syntax_only,FALSE,2024,2024
doi:10.7910/DVN/8WZ793,TRUE,FALSE,TRUE,syntax_only,TRUE,2020,2020
doi:10.7910/DVN/8X77JA,TRUE,FALSE,FALSE,syntax_only,TRUE,2024,2024
doi:10.7910/DVN/8XPBSA,TRUE,FALSE,TRUE,syntax_only,TRUE,2016,2016
doi:10.7910/DVN/8XT86F,TRUE,FALSE,FALSE,syntax_only,TRUE,2020,2020
doi:10.7910/DVN/8YPPLM,FALSE,FALSE,TRUE,syntax_only,TRUE,2018,2018
doi:10.7910/DVN/8ZJBLI,FALSE,FALSE,TRUE,syntax_only,TRUE,2018,2018
doi:10.7910/DVN/8ZT2ID,TRUE,FALSE,TRUE,syntax_only,TRUE,2020,2020
doi:10.7910/DVN/8ZTQNM,FALSE,FALSE,TRUE,syntax_only,TRUE,2020,2020
doi:10.7910/DVN/92SKA2,FALSE,FALSE,TRUE,syntax_only,TRUE,2017,2017
doi:10.7910/DVN/93GVWI,TRUE,FALSE,FALSE,syntax_only,TRUE,2020,2020
doi:10.7910/DVN/96H4DV,FALSE,FALSE,FALSE,syntax_only,FALSE,2017,2017
doi:10.7910/DVN/96KNLB,FALSE,FALSE,FALSE,syntax_only,FALSE,2013,2015
doi:10.7910/DVN/96WYRS,FALSE,FALSE,FALSE,syntax_only,FALSE,2015,2015
doi:10.7910/DVN/97KSIK,FALSE,FALSE,TRUE,syntax_only,TRUE,2023,2023
doi:10.7910/DVN/98WHCF,FALSE,FALSE,FALSE,syntax_only,FALSE,2023,2023
doi:10.7910/DVN/99NXTT,FALSE,FALSE,FALSE,syntax_only,FALSE,2016,2016
doi:10.7910/DVN/9AMKHL,FALSE,FALSE,TRUE,syntax_only,TRUE,2020,2020
doi:10.7910/DVN/9AWUYJ,FALSE,FALSE,TRUE,syntax_only,TRUE,2017,2017
doi:10.7910/DVN/9B8HQN,FALSE,FALSE,TRUE,syntax_only,TRUE,2019,2019
doi:10.7910/DVN/9CEQKX,FALSE,FALSE,FALSE,syntax_only,FALSE,2021,2021
doi:10.7910/DVN/9D1L1V,TRUE,FALSE,FALSE,syntax_only,TRUE,2022,2022
doi:10.7910/DVN/9ERCTY,TRUE,FALSE,FALSE,syntax_only,TRUE,2020,2020
doi:10.7910/DVN/9F0SMU,TRUE,FALSE,FALSE,syntax_only,TRUE,2019,2019
doi:10.7910/DVN/9FUPQQ,TRUE,FALSE,TRUE,syntax_only,TRUE,2024,2024
doi:10.7910/DVN/9GSJ6V,TRUE,FALSE,TRUE,syntax_only,TRUE,2022,2022
doi:10.7910/DVN/9H3DFP,FALSE,FALSE,TRUE,syntax_only,TRUE,2022,2022
doi:10.7910/DVN/9IKGYY,FALSE,FALSE,TRUE,syntax_only,TRUE,2018,2018
doi:10.7910/DVN/9JS5AJ,TRUE,FALSE,TRUE,syntax_only,TRUE,2022,2022
doi:10.7910/DVN/9JWDKK,TRUE,FALSE,TRUE,syntax_only,TRUE,2024,2024
doi:10.7910/DVN/9LWQKQ,FALSE,FALSE,TRUE,syntax_only,TRUE,2024,2024
doi:10.7910/DVN/9MQDK7,TRUE,FALSE,TRUE,syntax_only,TRUE,2021,2021
doi:10.7910/DVN/9NYAP7,FALSE,FALSE,FALSE,syntax_only,FALSE,2019,2019
doi:10.7910/DVN/9OK6RH,TRUE,FALSE,FALSE,syntax_only,TRUE,2020,2020
doi:10.7910/DVN/9OOLQ7,TRUE,FALSE,TRUE,syntax_only,TRUE,2015,2015
doi:10.7910/DVN/9PWJ3Y,FALSE,FALSE,TRUE,syntax_only,TRUE,2024,2024
doi:10.7910/DVN/9PXU5U,TRUE,FALSE,TRUE,syntax_only,TRUE,2024,2024
doi:10.7910/DVN/9QJVJ1,FALSE,FALSE,TRUE,syntax_only,TRUE,2024,2024
doi:10.7910/DVN/9QSQIW,TRUE,FALSE,TRUE,syntax_only,TRUE,2021,2021
doi:10.7910/DVN/9QUMY3,TRUE,FALSE,TRUE,syntax_only,TRUE,2020,2020
doi:10.7910/DVN/9RTI0V,FALSE,FALSE,TRUE,syntax_only,TRUE,2015,2015
doi:10.7910/DVN/9SF3TI,FALSE,FALSE,TRUE,syntax_only,TRUE,2019,2019
doi:10.7910/DVN/9TCK0G,FALSE,FALSE,FALSE,syntax_only,FALSE,2021,2021
doi:10.7910/DVN/9TPNOT,FALSE,FALSE,FALSE,syntax_only,FALSE,2015,2015
doi:10.7910/DVN/9U6QXP,TRUE,FALSE,FALSE,syntax_only,TRUE,2016,2016
doi:10.7910/DVN/9UXYCQ,TRUE,FALSE,TRUE,syntax_only,TRUE,2024,2024
doi:10.7910/DVN/9WNYEU,FALSE,FALSE,TRUE,syntax_only,TRUE,2018,2018
doi:10.7910/DVN/9XPV4I,FALSE,FALSE,TRUE,syntax_only,TRUE,2023,2023
doi:10.7910/DVN/9ZYFBX,FALSE,FALSE,TRUE,syntax_only,TRUE,2018,2025
doi:10.7910/DVN/9ZZOTW,FALSE,FALSE,TRUE,syntax_only,TRUE,2019,2019
doi:10.7910/DVN/A11CD5,TRUE,FALSE,TRUE,syntax_only,TRUE,2022,2022
doi:10.7910/DVN/A2EIZC,TRUE,FALSE,TRUE,syntax_only,TRUE,2016,2016
doi:10.7910/DVN/A2XDZP,FALSE,FALSE,FALSE,syntax_only,FALSE,2021,2022
doi:10.7910/DVN/A3M7PY,TRUE,FALSE,TRUE,syntax_only,TRUE,2019,2019
doi:10.7910/DVN/A81LPK,FALSE,FALSE,TRUE,syntax_only,TRUE,2021,2021
doi:10.7910/DVN/AARL5V,FALSE,FALSE,TRUE,syntax_only,TRUE,2012,2015
doi:10.7910/DVN/ABX2WA,TRUE,FALSE,TRUE,syntax_only,TRUE,2016,2016
doi:10.7910/DVN/ACRFJM,TRUE,FALSE,FALSE,syntax_only,TRUE,2023,2023
doi:10.7910/DVN/ACYZIC,TRUE,FALSE,TRUE,syntax_only,TRUE,2017,2017
doi:10.7910/DVN/ADE2SJ,TRUE,FALSE,FALSE,syntax_only,TRUE,2021,2021
doi:10.7910/DVN/AEDRXN,TRUE,FALSE,TRUE,syntax_only,TRUE,2023,2023
doi:10.7910/DVN/AFYKUH,TRUE,FALSE,TRUE,syntax_only,TRUE,2023,2023
doi:10.7910/DVN/AGIMGY,TRUE,FALSE,TRUE,syntax_only,TRUE,2019,2019
doi:10.7910/DVN/AH2PEI,TRUE,FALSE,FALSE,syntax_only,TRUE,2019,2019
doi:10.7910/DVN/AHMMUA,FALSE,FALSE,FALSE,syntax_only,FALSE,2013,2015
doi:10.7910/DVN/AHQRVR,TRUE,FALSE,TRUE,syntax_only,TRUE,2022,2022
doi:10.7910/DVN/AI3VM8,TRUE,FALSE,TRUE,syntax_only,TRUE,2018,2018
doi:10.7910/DVN/AIKUDN,TRUE,FALSE,TRUE,syntax_only,TRUE,2022,2022
doi:10.7910/DVN/AIRCBB,FALSE,FALSE,TRUE,syntax_only,TRUE,2015,2015
doi:10.7910/DVN/AJHFHU,FALSE,FALSE,TRUE,syntax_only,TRUE,2018,2018
doi:10.7910/DVN/AJLO8J,TRUE,FALSE,FALSE,syntax_only,TRUE,2024,2024
doi:10.7910/DVN/AJWTLI,TRUE,FALSE,TRUE,syntax_only,TRUE,2024,2024
doi:10.7910/DVN/AK10AT,FALSE,FALSE,TRUE,syntax_only,TRUE,2018,2018
doi:10.7910/DVN/AKGWBL,TRUE,FALSE,TRUE,syntax_only,TRUE,2020,2020
doi:10.7910/DVN/AKI6RS,TRUE,FALSE,TRUE,syntax_only,TRUE,2023,2024
doi:10.7910/DVN/AKMM0S,FALSE,FALSE,FALSE,syntax_only,FALSE,2016,2016
doi:10.7910/DVN/AL1A4Q,FALSE,FALSE,TRUE,syntax_only,TRUE,2018,2018
doi:10.7910/DVN/AL8I2B,FALSE,FALSE,TRUE,syntax_only,TRUE,2024,2024
doi:10.7910/DVN/ALZVAW,TRUE,FALSE,TRUE,syntax_only,TRUE,2015,2015
doi:10.7910/DVN/AM3LJF,TRUE,TRUE,TRUE,syntax_only,TRUE,2021,2021
doi:10.7910/DVN/AMJXCB,TRUE,FALSE,TRUE,syntax_only,TRUE,2018,2018
doi:10.7910/DVN/AMMFVZ,TRUE,FALSE,FALSE,syntax_only,TRUE,2018,2018
doi:10.7910/DVN/AMMI3S,FALSE,FALSE,FALSE,syntax_only,FALSE,2013,2015
doi:10.7910/DVN/AMWWZE,FALSE,FALSE,TRUE,syntax_only,TRUE,2024,2024
doi:10.7910/DVN/AO7IYJ,TRUE,FALSE,FALSE,syntax_only,TRUE,2023,2023
doi:10.7910/DVN/AOEUNN,FALSE,FALSE,TRUE,syntax_only,TRUE,2023,2023
doi:10.7910/DVN/AOL6XC,FALSE,FALSE,FALSE,syntax_only,FALSE,2015,2015
doi:10.7910/DVN/AOTVAU,FALSE,FALSE,TRUE,syntax_only,TRUE,2018,2018
doi:10.7910/DVN/AP0DHP,TRUE,FALSE,TRUE,syntax_only,TRUE,2020,2020
doi:10.7910/DVN/AQ2P12,TRUE,FALSE,TRUE,syntax_only,TRUE,2022,2022
doi:10.7910/DVN/AQFTHK,FALSE,FALSE,TRUE,syntax_only,TRUE,2024,2024
doi:10.7910/DVN/AQQ3GG,FALSE,FALSE,TRUE,syntax_only,TRUE,2022,2022
doi:10.7910/DVN/ARIQT2,FALSE,FALSE,FALSE,syntax_only,FALSE,2018,2018
doi:10.7910/DVN/ARMDLY,FALSE,FALSE,TRUE,syntax_only,TRUE,2018,2018
doi:10.7910/DVN/ASDLQX,TRUE,FALSE,FALSE,syntax_only,TRUE,2024,2025
doi:10.7910/DVN/ASLTVG,FALSE,FALSE,TRUE,syntax_only,TRUE,2017,2017
doi:10.7910/DVN/ASUFTY,FALSE,FALSE,TRUE,syntax_only,TRUE,2023,2023
doi:10.7910/DVN/AU1MVC,TRUE,FALSE,TRUE,syntax_only,TRUE,2024,2024
doi:10.7910/DVN/AV3OQM,FALSE,FALSE,TRUE,syntax_only,TRUE,2022,2022
doi:10.7910/DVN/AV8PLT,FALSE,FALSE,TRUE,syntax_only,TRUE,2020,2020
doi:10.7910/DVN/AW6L1P,FALSE,FALSE,TRUE,syntax_only,TRUE,2019,2019
doi:10.7910/DVN/AWSQTW,TRUE,FALSE,TRUE,syntax_only,TRUE,2021,2021
doi:10.7910/DVN/AXVEXM,TRUE,FALSE,TRUE,syntax_only,TRUE,2015,2015
doi:10.7910/DVN/AY32JZ,FALSE,FALSE,FALSE,syntax_only,FALSE,2018,2018
doi:10.7910/DVN/AYBXMJ,TRUE,FALSE,TRUE,syntax_only,TRUE,2021,2021
doi:10.7910/DVN/AYFAFF,FALSE,FALSE,TRUE,syntax_only,TRUE,2021,2021
doi:10.7910/DVN/AYSHR4,TRUE,FALSE,TRUE,syntax_only,TRUE,2023,2023
doi:10.7910/DVN/AZFHYN,TRUE,FALSE,TRUE,syntax_only,TRUE,2019,2019
doi:10.7910/DVN/AZTWDW,FALSE,FALSE,TRUE,syntax_only,TRUE,2013,2015
doi:10.7910/DVN/AZUWVA,FALSE,FALSE,FALSE,syntax_only,FALSE,2022,2022
doi:10.7910/DVN/B1HHGV,TRUE,FALSE,TRUE,syntax_only,TRUE,2019,2019
doi:10.7910/DVN/B3P41O,FALSE,FALSE,TRUE,syntax_only,TRUE,2024,2024
doi:10.7910/DVN/B3UBXR,TRUE,FALSE,TRUE,syntax_only,TRUE,2024,2024
doi:10.7910/DVN/B6ZNAI,FALSE,FALSE,TRUE,syntax_only,TRUE,2023,2023
doi:10.7910/DVN/B8TWK2,FALSE,FALSE,TRUE,syntax_only,TRUE,2020,2020
doi:10.7910/DVN/B8Y17J,FALSE,FALSE,TRUE,syntax_only,TRUE,2021,2021
doi:10.7910/DVN/B9JAV0,TRUE,FALSE,FALSE,syntax_only,TRUE,2020,2020
doi:10.7910/DVN/B9SCDJ,FALSE,FALSE,TRUE,syntax_only,TRUE,2018,2018
doi:10.7910/DVN/B9U5BH,FALSE,FALSE,FALSE,syntax_only,FALSE,2019,2019
doi:10.7910/DVN/BAFF8Q,TRUE,FALSE,TRUE,syntax_only,TRUE,2020,2020
doi:10.7910/DVN/BANJL7,FALSE,FALSE,FALSE,syntax_only,FALSE,2017,2017
doi:10.7910/DVN/BC2HEO,FALSE,FALSE,TRUE,syntax_only,TRUE,2020,2020
doi:10.7910/DVN/BDYVK7,TRUE,FALSE,FALSE,syntax_only,TRUE,2019,2019
doi:10.7910/DVN/BEW2ME,FALSE,FALSE,TRUE,syntax_only,TRUE,2023,2023
doi:10.7910/DVN/BFEBHQ,FALSE,FALSE,FALSE,syntax_only,FALSE,2020,2020
doi:10.7910/DVN/BFLPBK,FALSE,FALSE,TRUE,syntax_only,TRUE,2017,2017
doi:10.7910/DVN/BFRJDU,TRUE,FALSE,TRUE,syntax_only,TRUE,2023,2023
doi:10.7910/DVN/BGLGBZ,TRUE,FALSE,TRUE,syntax_only,TRUE,2024,2024
doi:10.7910/DVN/BGSCO4,TRUE,FALSE,TRUE,syntax_only,TRUE,2024,2024
doi:10.7910/DVN/BHKSZR,FALSE,FALSE,TRUE,syntax_only,TRUE,2019,2019
doi:10.7910/DVN/BHVEBZ,FALSE,FALSE,FALSE,syntax_only,FALSE,2020,2020
doi:10.7910/DVN/BIQZNT,FALSE,FALSE,TRUE,syntax_only,TRUE,2023,2023
doi:10.7910/DVN/BLGFDU,FALSE,FALSE,TRUE,syntax_only,TRUE,2024,2024
doi:10.7910/DVN/BLIVUP,TRUE,FALSE,TRUE,syntax_only,TRUE,2023,2023
doi:10.7910/DVN/BLVJJH,FALSE,FALSE,TRUE,syntax_only,TRUE,2020,2020
doi:10.7910/DVN/BLXMCY,TRUE,FALSE,FALSE,syntax_only,TRUE,2015,2015
doi:10.7910/DVN/BN1GVD,FALSE,FALSE,FALSE,syntax_only,FALSE,2021,2021
doi:10.7910/DVN/BNUCX4,FALSE,FALSE,TRUE,syntax_only,TRUE,2023,2023
doi:10.7910/DVN/BOGTNU,FALSE,FALSE,TRUE,syntax_only,TRUE,2023,2023
doi:10.7910/DVN/BOKBQQ,FALSE,FALSE,TRUE,syntax_only,TRUE,2023,2023
doi:10.7910/DVN/BOWEJG,TRUE,FALSE,TRUE,syntax_only,TRUE,2020,2020
doi:10.7910/DVN/BPON3K,TRUE,FALSE,TRUE,syntax_only,TRUE,2017,2017
doi:10.7910/DVN/BQ9M2U,FALSE,FALSE,TRUE,syntax_only,TRUE,2019,2019
doi:10.7910/DVN/BQGWYI,FALSE,FALSE,FALSE,syntax_only,FALSE,2019,2019
doi:10.7910/DVN/BRRZSK,TRUE,FALSE,FALSE,syntax_only,TRUE,2018,2018
doi:10.7910/DVN/BS3DF7,TRUE,FALSE,TRUE,syntax_only,TRUE,2024,2024
doi:10.7910/DVN/BTE2BK,TRUE,FALSE,TRUE,syntax_only,TRUE,2021,2021
doi:10.7910/DVN/BTJYHC,TRUE,FALSE,TRUE,syntax_only,TRUE,2020,2020
doi:10.7910/DVN/BTPZFF,FALSE,FALSE,TRUE,syntax_only,TRUE,2021,2021
doi:10.7910/DVN/BWYJKB,FALSE,FALSE,TRUE,syntax_only,TRUE,2017,2017
doi:10.7910/DVN/BWZ3N0,TRUE,FALSE,TRUE,syntax_only,TRUE,2024,2024
doi:10.7910/DVN/BXIRYE,FALSE,FALSE,TRUE,syntax_only,TRUE,2024,2024
doi:10.7910/DVN/BXPKHG,FALSE,FALSE,TRUE,syntax_only,TRUE,2023,2023
doi:10.7910/DVN/BXXWWW,FALSE,FALSE,FALSE,syntax_only,FALSE,2016,2016
doi:10.7910/DVN/BZ9Z2D,FALSE,FALSE,FALSE,syntax_only,FALSE,2019,2019
doi:10.7910/DVN/BZA22S,TRUE,FALSE,TRUE,syntax_only,TRUE,2024,2024
doi:10.7910/DVN/BZZ9VF,TRUE,FALSE,TRUE,syntax_only,TRUE,2020,2020
doi:10.7910/DVN/C139OP,TRUE,FALSE,FALSE,syntax_only,TRUE,2021,2021
doi:10.7910/DVN/C15VOD,TRUE,FALSE,TRUE,syntax_only,TRUE,2018,2018
doi:10.7910/DVN/C1SICS,TRUE,FALSE,TRUE,syntax_only,TRUE,2018,2018
doi:10.7910/DVN/C1SWYV,FALSE,FALSE,FALSE,syntax_only,FALSE,2022,2022
doi:10.7910/DVN/C2IATB,FALSE,FALSE,FALSE,syntax_only,FALSE,2024,2024
doi:10.7910/DVN/C2LWHA,FALSE,FALSE,FALSE,syntax_only,FALSE,2018,2018
doi:10.7910/DVN/C6XJAT,FALSE,FALSE,FALSE,syntax_only,FALSE,2017,2017
doi:10.7910/DVN/C7A5TN,TRUE,FALSE,TRUE,syntax_only,TRUE,2022,2022
doi:10.7910/DVN/CAEEG7,TRUE,FALSE,TRUE,syntax_only,TRUE,2016,2016
doi:10.7910/DVN/CCKENU,FALSE,FALSE,FALSE,syntax_only,FALSE,2020,2020
doi:10.7910/DVN/CCV1NN,TRUE,FALSE,TRUE,syntax_only,TRUE,2021,2021
doi:10.7910/DVN/CEJSVJ,FALSE,FALSE,TRUE,syntax_only,TRUE,2017,2017
doi:10.7910/DVN/CF44OW,FALSE,FALSE,FALSE,syntax_only,FALSE,2017,2017
doi:10.7910/DVN/CFASH6,TRUE,FALSE,FALSE,syntax_only,TRUE,2020,2020
doi:10.7910/DVN/CFT901,FALSE,FALSE,FALSE,syntax_only,FALSE,2016,2016
doi:10.7910/DVN/CFTMK2,FALSE,FALSE,TRUE,syntax_only,TRUE,2019,2019
doi:10.7910/DVN/CGHTPZ,FALSE,FALSE,FALSE,syntax_only,FALSE,2021,2023
doi:10.7910/DVN/CGINSA,FALSE,FALSE,FALSE,syntax_only,FALSE,2019,2019
doi:10.7910/DVN/CGXPF5,TRUE,FALSE,FALSE,syntax_only,TRUE,2021,2023
doi:10.7910/DVN/CJMKGX,FALSE,FALSE,TRUE,syntax_only,TRUE,2015,2015
doi:10.7910/DVN/CKLJL3,FALSE,FALSE,TRUE,syntax_only,TRUE,2020,2020
doi:10.7910/DVN/CKXW7L,TRUE,FALSE,TRUE,syntax_only,TRUE,2024,2024
doi:10.7910/DVN/CL0RU2,TRUE,FALSE,FALSE,syntax_only,TRUE,2020,2021
doi:10.7910/DVN/CLGI63,FALSE,FALSE,TRUE,syntax_only,TRUE,2024,2024
doi:10.7910/DVN/CLMQ8E,FALSE,FALSE,TRUE,syntax_only,TRUE,2017,2026
doi:10.7910/DVN/CLYDWU,TRUE,FALSE,TRUE,syntax_only,TRUE,2023,2023
doi:10.7910/DVN/CMOWUL,FALSE,FALSE,FALSE,syntax_only,FALSE,2020,2020
doi:10.7910/DVN/CMUHBU,FALSE,FALSE,TRUE,syntax_only,TRUE,2020,2020
doi:10.7910/DVN/CMUYCM,FALSE,FALSE,TRUE,syntax_only,TRUE,2016,2016
doi:10.7910/DVN/CNNXPB,FALSE,FALSE,FALSE,syntax_only,FALSE,2013,2015
doi:10.7910/DVN/COFHJL,FALSE,FALSE,FALSE,syntax_only,FALSE,2021,2021
doi:10.7910/DVN/COOVRP,TRUE,FALSE,TRUE,syntax_only,TRUE,2019,2019
doi:10.7910/DVN/COS3BS,FALSE,FALSE,TRUE,syntax_only,TRUE,2023,2023
doi:10.7910/DVN/CPVIOF,TRUE,FALSE,FALSE,syntax_only,TRUE,2019,2019
doi:10.7910/DVN/CQ4FZR,FALSE,FALSE,TRUE,syntax_only,TRUE,2024,2024
doi:10.7910/DVN/CQUVCV,TRUE,FALSE,TRUE,syntax_only,TRUE,2019,2019
doi:10.7910/DVN/CQXHTH,TRUE,FALSE,TRUE,syntax_only,TRUE,2018,2018
doi:10.7910/DVN/CRPAA8,FALSE,FALSE,TRUE,syntax_only,TRUE,2018,2018
doi:10.7910/DVN/CSHNIS,FALSE,FALSE,FALSE,syntax_only,FALSE,2016,2016
doi:10.7910/DVN/CSKA4Q,TRUE,FALSE,TRUE,syntax_only,TRUE,2021,2022
doi:10.7910/DVN/CSNTTG,FALSE,FALSE,TRUE,syntax_only,TRUE,2017,2017
doi:10.7910/DVN/CTGKEJ,FALSE,FALSE,TRUE,syntax_only,TRUE,2023,2023
doi:10.7910/DVN/CTQKJA,FALSE,FALSE,FALSE,syntax_only,FALSE,2012,2013
doi:10.7910/DVN/CTZNJV,TRUE,FALSE,TRUE,syntax_only,TRUE,2018,2018
doi:10.7910/DVN/CUR5RR,FALSE,FALSE,TRUE,syntax_only,TRUE,2024,2024
doi:10.7910/DVN/CUWUYR,FALSE,FALSE,FALSE,syntax_only,FALSE,2024,2024
doi:10.7910/DVN/CV8I6N,FALSE,FALSE,TRUE,syntax_only,TRUE,2024,2024
doi:10.7910/DVN/CV9AYE,FALSE,FALSE,TRUE,syntax_only,TRUE,2017,2017
doi:10.7910/DVN/CVBXQX,FALSE,FALSE,FALSE,syntax_only,FALSE,2015,2015
doi:10.7910/DVN/CWQYIB,FALSE,FALSE,TRUE,syntax_only,TRUE,2016,2016
doi:10.7910/DVN/CXJBEK,FALSE,FALSE,FALSE,syntax_only,FALSE,2022,2022
doi:10.7910/DVN/CYFIDH,TRUE,FALSE,FALSE,syntax_only,TRUE,2023,2023
doi:10.7910/DVN/CZDGR2,TRUE,FALSE,TRUE,syntax_only,TRUE,2022,2022
doi:10.7910/DVN/D0LEX4,FALSE,FALSE,TRUE,syntax_only,TRUE,2017,2017
doi:10.7910/DVN/D3VZX3,TRUE,FALSE,TRUE,syntax_only,TRUE,2023,2023
doi:10.7910/DVN/D4IDA9,TRUE,FALSE,TRUE,syntax_only,TRUE,2018,2018
doi:10.7910/DVN/D5DEHM,FALSE,FALSE,FALSE,syntax_only,FALSE,2017,2017
doi:10.7910/DVN/D5VRDE,TRUE,FALSE,FALSE,syntax_only,TRUE,2019,2019
doi:10.7910/DVN/D6CH6C,TRUE,FALSE,TRUE,syntax_only,TRUE,2023,2023
doi:10.7910/DVN/D73LV3,FALSE,FALSE,FALSE,syntax_only,FALSE,2018,2018
doi:10.7910/DVN/D7ZXZI,TRUE,FALSE,TRUE,syntax_only,TRUE,2019,2019
doi:10.7910/DVN/DAGL4S,FALSE,FALSE,FALSE,syntax_only,FALSE,2015,2015
doi:10.7910/DVN/DAR56O,TRUE,FALSE,FALSE,syntax_only,TRUE,2018,2018
doi:10.7910/DVN/DAYSCX,TRUE,FALSE,TRUE,syntax_only,TRUE,2022,2022
doi:10.7910/DVN/DBMJQZ,FALSE,FALSE,FALSE,syntax_only,FALSE,2022,2022
doi:10.7910/DVN/DBNBEU,FALSE,FALSE,TRUE,syntax_only,TRUE,2020,2023
doi:10.7910/DVN/DCOT4D,TRUE,FALSE,TRUE,syntax_only,TRUE,2024,2024
doi:10.7910/DVN/DCTPJI,FALSE,FALSE,FALSE,syntax_only,FALSE,2017,2017
doi:10.7910/DVN/DEDZRZ,FALSE,FALSE,TRUE,syntax_only,TRUE,2024,2024
doi:10.7910/DVN/DESLIU,FALSE,FALSE,TRUE,syntax_only,TRUE,2024,2024
doi:10.7910/DVN/DEX6EW,TRUE,FALSE,TRUE,syntax_only,TRUE,2024,2024
doi:10.7910/DVN/DF4DFH,FALSE,FALSE,FALSE,syntax_only,FALSE,2017,2017
doi:10.7910/DVN/DFGQVW,FALSE,FALSE,TRUE,syntax_only,TRUE,2021,2021
doi:10.7910/DVN/DG2J0F,TRUE,FALSE,TRUE,syntax_only,TRUE,2021,2021
doi:10.7910/DVN/DG6BS4,FALSE,FALSE,FALSE,syntax_only,FALSE,2013,2015
doi:10.7910/DVN/DGHX1E,FALSE,FALSE,TRUE,syntax_only,TRUE,2015,2015
doi:10.7910/DVN/DGXXH9,FALSE,FALSE,TRUE,syntax_only,TRUE,2015,2015
doi:10.7910/DVN/DHMCRC,FALSE,FALSE,TRUE,syntax_only,TRUE,2023,2023
doi:10.7910/DVN/DIU0M1,FALSE,FALSE,TRUE,syntax_only,TRUE,2021,2021
doi:10.7910/DVN/DJ2DPZ,FALSE,FALSE,FALSE,syntax_only,FALSE,2016,2016
doi:10.7910/DVN/DJKH4H,TRUE,FALSE,TRUE,syntax_only,TRUE,2018,2018
doi:10.7910/DVN/DJVNZF,FALSE,FALSE,TRUE,syntax_only,TRUE,2018,2018
doi:10.7910/DVN/DKKP4I,FALSE,FALSE,TRUE,syntax_only,TRUE,2018,2018
doi:10.7910/DVN/DKXD2X,FALSE,FALSE,FALSE,syntax_only,FALSE,2020,2020
doi:10.7910/DVN/DL8SZL,TRUE,FALSE,TRUE,syntax_only,TRUE,2021,2021
doi:10.7910/DVN/DMG0XD,FALSE,FALSE,TRUE,syntax_only,TRUE,2023,2023
doi:10.7910/DVN/DMIDY8,FALSE,FALSE,TRUE,syntax_only,TRUE,2013,2015
doi:10.7910/DVN/DMWWS5,TRUE,FALSE,TRUE,syntax_only,TRUE,2019,2019
doi:10.7910/DVN/DNCHBF,TRUE,FALSE,TRUE,syntax_only,TRUE,2024,2024
doi:10.7910/DVN/DNDSPS,FALSE,FALSE,FALSE,syntax_only,FALSE,2020,2020
doi:10.7910/DVN/DO43V5,FALSE,FALSE,TRUE,syntax_only,TRUE,2018,2018
doi:10.7910/DVN/DPVRA5,FALSE,FALSE,TRUE,syntax_only,TRUE,2013,2015
doi:10.7910/DVN/DQ1WFB,FALSE,FALSE,TRUE,syntax_only,TRUE,2022,2022
doi:10.7910/DVN/DQCFUN,FALSE,FALSE,TRUE,syntax_only,TRUE,2019,2019
doi:10.7910/DVN/DQTIR4,TRUE,FALSE,TRUE,syntax_only,TRUE,2021,2021
doi:10.7910/DVN/DR0YF2,FALSE,FALSE,FALSE,syntax_only,FALSE,2022,2022
doi:10.7910/DVN/DSCREK,FALSE,FALSE,FALSE,syntax_only,FALSE,2022,2022
doi:10.7910/DVN/DSDNX6,FALSE,FALSE,FALSE,syntax_only,FALSE,2016,2016
doi:10.7910/DVN/DTFR60,TRUE,FALSE,FALSE,syntax_only,TRUE,2016,2016
doi:10.7910/DVN/DUB0MU,FALSE,FALSE,TRUE,syntax_only,TRUE,2016,2016
doi:10.7910/DVN/DUW1QY,FALSE,FALSE,TRUE,syntax_only,TRUE,2019,2019
doi:10.7910/DVN/DVP0UW,FALSE,FALSE,FALSE,syntax_only,FALSE,2013,2015
doi:10.7910/DVN/DVRNMH,TRUE,FALSE,TRUE,syntax_only,TRUE,2024,2024
doi:10.7910/DVN/DWOBT4,FALSE,FALSE,TRUE,syntax_only,TRUE,2019,2019
doi:10.7910/DVN/DX5T9G,FALSE,FALSE,TRUE,syntax_only,TRUE,2023,2023
doi:10.7910/DVN/DXGVAW,TRUE,FALSE,TRUE,syntax_only,TRUE,2019,2019
doi:10.7910/DVN/DYCUSZ,FALSE,FALSE,FALSE,syntax_only,FALSE,2021,2021
doi:10.7910/DVN/DZ1NFG,TRUE,FALSE,TRUE,syntax_only,TRUE,2019,2019
doi:10.7910/DVN/DZWOCK,TRUE,FALSE,FALSE,syntax_only,TRUE,2021,2021
doi:10.7910/DVN/E2187A,FALSE,FALSE,TRUE,syntax_only,TRUE,2015,2015
doi:10.7910/DVN/E2OS8R,TRUE,FALSE,FALSE,syntax_only,TRUE,2018,2018
doi:10.7910/DVN/E3BAO5,FALSE,FALSE,FALSE,syntax_only,FALSE,2020,2020
doi:10.7910/DVN/E3FDAV,FALSE,FALSE,TRUE,syntax_only,TRUE,2018,2018
doi:10.7910/DVN/E40AFU,TRUE,FALSE,TRUE,syntax_only,TRUE,2017,2017
doi:10.7910/DVN/E43MOQ,TRUE,FALSE,FALSE,syntax_only,TRUE,2019,2019
doi:10.7910/DVN/E5ZSZR,FALSE,FALSE,FALSE,syntax_only,FALSE,2012,2015
doi:10.7910/DVN/E7OQEY,TRUE,FALSE,TRUE,syntax_only,TRUE,2018,2018
doi:10.7910/DVN/E852VT,FALSE,FALSE,FALSE,syntax_only,FALSE,2018,2018
doi:10.7910/DVN/E9S0VN,FALSE,FALSE,FALSE,syntax_only,FALSE,2013,2015
doi:10.7910/DVN/E9UQ0S,FALSE,FALSE,TRUE,syntax_only,TRUE,2015,2015
doi:10.7910/DVN/EAHO3I,TRUE,FALSE,TRUE,syntax_only,TRUE,2023,2023
doi:10.7910/DVN/EARLA4,TRUE,FALSE,FALSE,syntax_only,TRUE,2022,2022
doi:10.7910/DVN/EAYHSN,FALSE,FALSE,TRUE,syntax_only,TRUE,2020,2020
doi:10.7910/DVN/EBF7XW,FALSE,FALSE,TRUE,syntax_only,TRUE,2016,2016
doi:10.7910/DVN/EBIHBT,FALSE,FALSE,FALSE,syntax_only,FALSE,2021,2021
doi:10.7910/DVN/ECBF7Y,TRUE,FALSE,TRUE,syntax_only,TRUE,2018,2018
doi:10.7910/DVN/ECIZHV,FALSE,FALSE,FALSE,syntax_only,FALSE,2015,2015
doi:10.7910/DVN/ECPIYP,FALSE,FALSE,TRUE,syntax_only,TRUE,2020,2020
doi:10.7910/DVN/ED5O5U,TRUE,FALSE,FALSE,syntax_only,TRUE,2021,2021
doi:10.7910/DVN/EDGRDC,TRUE,FALSE,TRUE,syntax_only,TRUE,2016,2016
doi:10.7910/DVN/EEMRS9,TRUE,FALSE,TRUE,syntax_only,TRUE,2018,2018
doi:10.7910/DVN/EF7R0Z,TRUE,FALSE,TRUE,syntax_only,TRUE,2021,2021
doi:10.7910/DVN/EGUVG0,FALSE,FALSE,TRUE,syntax_only,TRUE,2023,2023
doi:10.7910/DVN/EGXUBU,TRUE,FALSE,TRUE,syntax_only,TRUE,2022,2022
doi:10.7910/DVN/EHH9XT,TRUE,FALSE,TRUE,syntax_only,TRUE,2022,2022
doi:10.7910/DVN/EHWM14,FALSE,FALSE,TRUE,syntax_only,TRUE,2019,2019
doi:10.7910/DVN/EIINMP,TRUE,FALSE,TRUE,syntax_only,TRUE,2023,2023
doi:10.7910/DVN/EKNEIH,FALSE,FALSE,FALSE,syntax_only,FALSE,2017,2017
doi:10.7910/DVN/EKZQSZ,TRUE,FALSE,TRUE,syntax_only,TRUE,2019,2019
doi:10.7910/DVN/ELG3DE,TRUE,FALSE,FALSE,syntax_only,TRUE,2019,2019
doi:10.7910/DVN/ELWP8V,TRUE,FALSE,TRUE,syntax_only,TRUE,2017,2017
doi:10.7910/DVN/EMAJMQ,TRUE,FALSE,FALSE,syntax_only,TRUE,2024,2024
doi:10.7910/DVN/EMIDOA,TRUE,FALSE,TRUE,syntax_only,TRUE,2022,2022
doi:10.7910/DVN/ENVKCB,TRUE,FALSE,FALSE,syntax_only,TRUE,2020,2020
doi:10.7910/DVN/EOIIEV,TRUE,FALSE,TRUE,syntax_only,TRUE,2023,2023
doi:10.7910/DVN/EORLRJ,TRUE,FALSE,TRUE,syntax_only,TRUE,2023,2023
doi:10.7910/DVN/EP7DXB,FALSE,FALSE,FALSE,syntax_only,FALSE,2015,2015
doi:10.7910/DVN/EPDD6F,TRUE,FALSE,TRUE,syntax_only,TRUE,2020,2020
doi:10.7910/DVN/EPEDIE,TRUE,FALSE,FALSE,syntax_only,TRUE,2015,2015
doi:10.7910/DVN/EPT8OF,TRUE,FALSE,TRUE,syntax_only,TRUE,2024,2024
doi:10.7910/DVN/EQQAT3,TRUE,FALSE,FALSE,syntax_only,TRUE,2021,2021
doi:10.7910/DVN/ER3D0H,TRUE,FALSE,FALSE,syntax_only,TRUE,2015,2015
doi:10.7910/DVN/ERXBAB,FALSE,FALSE,TRUE,syntax_only,TRUE,2024,2024
doi:10.7910/DVN/ESR7YG,FALSE,FALSE,TRUE,syntax_only,TRUE,2023,2023
doi:10.7910/DVN/ESRIBE,TRUE,FALSE,TRUE,syntax_only,TRUE,2022,2022
doi:10.7910/DVN/EUISZU,FALSE,FALSE,TRUE,syntax_only,TRUE,2021,2021
doi:10.7910/DVN/EV5BGV,TRUE,FALSE,TRUE,syntax_only,TRUE,2021,2021
doi:10.7910/DVN/EVYI2H,TRUE,FALSE,TRUE,syntax_only,TRUE,2017,2017
doi:10.7910/DVN/EW2GV5,TRUE,FALSE,FALSE,syntax_only,TRUE,2024,2024
doi:10.7910/DVN/EWRXPU,TRUE,FALSE,FALSE,syntax_only,TRUE,2018,2018
doi:10.7910/DVN/EWSQPJ,TRUE,FALSE,TRUE,syntax_only,TRUE,2024,2024
doi:10.7910/DVN/EWW2GX,FALSE,FALSE,FALSE,syntax_only,FALSE,2015,2015
doi:10.7910/DVN/EWXQQH,FALSE,FALSE,TRUE,syntax_only,TRUE,2024,2024
doi:10.7910/DVN/EXKA90,TRUE,FALSE,TRUE,syntax_only,TRUE,2024,2024
doi:10.7910/DVN/EY2I6M,FALSE,FALSE,TRUE,syntax_only,TRUE,2017,2017
doi:10.7910/DVN/EYAWES,FALSE,FALSE,TRUE,syntax_only,TRUE,2021,2021
doi:10.7910/DVN/EZ8XCG,TRUE,FALSE,TRUE,syntax_only,TRUE,2024,2024
doi:10.7910/DVN/EZNXW1,TRUE,FALSE,TRUE,syntax_only,TRUE,2021,2021
doi:10.7910/DVN/EZSJ1S,FALSE,FALSE,TRUE,syntax_only,TRUE,2018,2018
doi:10.7910/DVN/F1VLBI,FALSE,FALSE,TRUE,syntax_only,TRUE,2017,2017
doi:10.7910/DVN/F2JF6G,TRUE,FALSE,TRUE,syntax_only,TRUE,2018,2018
doi:10.7910/DVN/F2LQWC,FALSE,FALSE,TRUE,syntax_only,TRUE,2023,2023
doi:10.7910/DVN/F2OX6O,FALSE,FALSE,TRUE,syntax_only,TRUE,2021,2021
doi:10.7910/DVN/F2RDCJ,TRUE,FALSE,TRUE,syntax_only,TRUE,2023,2023
doi:10.7910/DVN/F3K3MA,TRUE,FALSE,TRUE,syntax_only,TRUE,2024,2024
doi:10.7910/DVN/F4LSCN,FALSE,FALSE,FALSE,syntax_only,FALSE,2020,2020
doi:10.7910/DVN/F6LJP8,FALSE,FALSE,TRUE,syntax_only,TRUE,2015,2015
doi:10.7910/DVN/F6UCQT,TRUE,FALSE,FALSE,syntax_only,TRUE,2023,2023
doi:10.7910/DVN/F8JXHR,TRUE,FALSE,TRUE,syntax_only,TRUE,2021,2021
doi:10.7910/DVN/F8SRTA,TRUE,FALSE,TRUE,syntax_only,TRUE,2023,2023
doi:10.7910/DVN/F9L41L,TRUE,FALSE,TRUE,syntax_only,TRUE,2021,2021
doi:10.7910/DVN/FA8FVF,TRUE,FALSE,FALSE,syntax_only,TRUE,2021,2021
doi:10.7910/DVN/FAA9EA,TRUE,FALSE,FALSE,syntax_only,TRUE,2022,2022
doi:10.7910/DVN/FB3O9W,FALSE,FALSE,FALSE,syntax_only,FALSE,2019,2019
doi:10.7910/DVN/FCZDKD,TRUE,FALSE,FALSE,syntax_only,TRUE,2020,2020
doi:10.7910/DVN/FDLG0X,FALSE,FALSE,FALSE,syntax_only,FALSE,2016,2016
doi:10.7910/DVN/FDML2N,TRUE,FALSE,FALSE,syntax_only,TRUE,2020,2020
doi:10.7910/DVN/FDNWME,FALSE,FALSE,FALSE,syntax_only,FALSE,2015,2015
doi:10.7910/DVN/FDW6CU,TRUE,FALSE,FALSE,syntax_only,TRUE,2024,2024
doi:10.7910/DVN/FECIO3,FALSE,FALSE,TRUE,syntax_only,TRUE,2019,2019
doi:10.7910/DVN/FEOKT6,FALSE,FALSE,FALSE,syntax_only,FALSE,2023,2023
doi:10.7910/DVN/FEP8O2,FALSE,FALSE,TRUE,syntax_only,TRUE,2016,2016
doi:10.7910/DVN/FERDAN,FALSE,FALSE,TRUE,syntax_only,TRUE,2013,2015
doi:10.7910/DVN/FF3DQM,FALSE,FALSE,TRUE,syntax_only,TRUE,2019,2019
doi:10.7910/DVN/FH74D9,FALSE,FALSE,TRUE,syntax_only,TRUE,2024,2024
doi:10.7910/DVN/FHOJ3L,FALSE,FALSE,FALSE,syntax_only,FALSE,2013,2015
doi:10.7910/DVN/FIKXKD,FALSE,FALSE,FALSE,syntax_only,FALSE,2016,2016
doi:10.7910/DVN/FIL6J1,TRUE,FALSE,FALSE,syntax_only,TRUE,2019,2019
doi:10.7910/DVN/FITPUI,TRUE,FALSE,TRUE,syntax_only,TRUE,2020,2020
doi:10.7910/DVN/FL08PZ,FALSE,FALSE,TRUE,syntax_only,TRUE,2016,2016
doi:10.7910/DVN/FLDXM9,TRUE,FALSE,FALSE,syntax_only,TRUE,2024,2024
doi:10.7910/DVN/FLGPW8,TRUE,FALSE,TRUE,syntax_only,TRUE,2024,2024
doi:10.7910/DVN/FLV8GQ,TRUE,FALSE,FALSE,syntax_only,TRUE,2021,2021
doi:10.7910/DVN/FMJDCD,FALSE,FALSE,TRUE,syntax_only,TRUE,2016,2016
doi:10.7910/DVN/FMOR6K,FALSE,FALSE,TRUE,syntax_only,TRUE,2020,2021
doi:10.7910/DVN/FMX62W,TRUE,FALSE,TRUE,syntax_only,TRUE,2019,2019
doi:10.7910/DVN/FO6OXL,FALSE,FALSE,FALSE,syntax_only,FALSE,2023,2023
doi:10.7910/DVN/FOSH90,FALSE,FALSE,TRUE,syntax_only,TRUE,2023,2023
doi:10.7910/DVN/FPYKTP,FALSE,FALSE,TRUE,syntax_only,TRUE,2019,2019
doi:10.7910/DVN/FREK34,FALSE,FALSE,TRUE,syntax_only,TRUE,2013,2015
doi:10.7910/DVN/FS90RJ,TRUE,FALSE,TRUE,syntax_only,TRUE,2016,2016
doi:10.7910/DVN/FSOVA7,TRUE,FALSE,TRUE,syntax_only,TRUE,2021,2021
doi:10.7910/DVN/FTFJTV,TRUE,FALSE,FALSE,syntax_only,TRUE,2019,2019
doi:10.7910/DVN/FTYHPJ,FALSE,FALSE,FALSE,syntax_only,FALSE,2019,2019
doi:10.7910/DVN/FUAARK,TRUE,FALSE,TRUE,syntax_only,TRUE,2023,2023
doi:10.7910/DVN/FUCDTT,TRUE,FALSE,TRUE,syntax_only,TRUE,2021,2024
doi:10.7910/DVN/FUFDYH,FALSE,FALSE,TRUE,syntax_only,TRUE,2022,2022
doi:10.7910/DVN/FUSIWA,FALSE,FALSE,TRUE,syntax_only,TRUE,2021,2021
doi:10.7910/DVN/FUSY37,TRUE,FALSE,TRUE,syntax_only,TRUE,2024,2024
doi:10.7910/DVN/FVCGHC,TRUE,FALSE,TRUE,syntax_only,TRUE,2018,2019
doi:10.7910/DVN/FVCGN8,TRUE,FALSE,TRUE,syntax_only,TRUE,2024,2024
doi:10.7910/DVN/FVRZYU,TRUE,FALSE,TRUE,syntax_only,TRUE,2022,2022
doi:10.7910/DVN/FW87Y1,TRUE,FALSE,TRUE,syntax_only,TRUE,2024,2024
doi:10.7910/DVN/FXI5ZO,FALSE,FALSE,TRUE,syntax_only,TRUE,2020,2020
doi:10.7910/DVN/FXRIOS,FALSE,FALSE,TRUE,syntax_only,TRUE,2015,2015
doi:10.7910/DVN/FXVIUR,TRUE,FALSE,TRUE,syntax_only,TRUE,2023,2023
doi:10.7910/DVN/FYVP3W,TRUE,FALSE,TRUE,syntax_only,TRUE,2023,2023
doi:10.7910/DVN/FZI6NO,FALSE,FALSE,FALSE,syntax_only,FALSE,2016,2016
doi:10.7910/DVN/G126SC,TRUE,FALSE,TRUE,syntax_only,TRUE,2024,2024
doi:10.7910/DVN/G1BZ23,TRUE,FALSE,TRUE,syntax_only,TRUE,2022,2022
doi:10.7910/DVN/G4XAGY,TRUE,FALSE,FALSE,syntax_only,TRUE,2018,2018
doi:10.7910/DVN/G7J6QJ,FALSE,FALSE,TRUE,syntax_only,TRUE,2022,2022
doi:10.7910/DVN/G8F3SN,FALSE,FALSE,TRUE,syntax_only,TRUE,2022,2022
doi:10.7910/DVN/G8JVZY,FALSE,FALSE,FALSE,syntax_only,FALSE,2019,2019
doi:10.7910/DVN/G9ITHD,FALSE,FALSE,FALSE,syntax_only,FALSE,2020,2020
doi:10.7910/DVN/G9OKGB,FALSE,FALSE,TRUE,syntax_only,TRUE,2023,2023
doi:10.7910/DVN/GA0X38,FALSE,FALSE,TRUE,syntax_only,TRUE,2017,2017
doi:10.7910/DVN/GB5BFN,FALSE,FALSE,FALSE,syntax_only,FALSE,2017,2017
doi:10.7910/DVN/GBZZXL,FALSE,FALSE,FALSE,syntax_only,FALSE,2019,2019
doi:10.7910/DVN/GCDJ25,TRUE,FALSE,TRUE,syntax_only,TRUE,2021,2021
doi:10.7910/DVN/GCTLYJ,FALSE,FALSE,TRUE,syntax_only,TRUE,2020,2020
doi:10.7910/DVN/GDFJ4N,FALSE,FALSE,FALSE,syntax_only,FALSE,2017,2017
doi:10.7910/DVN/GDZTK8,TRUE,FALSE,TRUE,syntax_only,TRUE,2018,2018
doi:10.7910/DVN/GHHZO4,FALSE,FALSE,TRUE,syntax_only,TRUE,2021,2021
doi:10.7910/DVN/GHJ8JL,TRUE,FALSE,TRUE,syntax_only,TRUE,2022,2022
doi:10.7910/DVN/GHRHU7,TRUE,FALSE,TRUE,syntax_only,TRUE,2021,2021
doi:10.7910/DVN/GHVQGB,TRUE,FALSE,FALSE,syntax_only,TRUE,2020,2020
doi:10.7910/DVN/GHZFJM,TRUE,TRUE,TRUE,syntax_only,TRUE,2022,2022
doi:10.7910/DVN/GIJBUU,FALSE,FALSE,FALSE,syntax_only,FALSE,2019,2019
doi:10.7910/DVN/GIWOOO,TRUE,FALSE,FALSE,syntax_only,TRUE,2024,2024
doi:10.7910/DVN/GJIRV0,TRUE,FALSE,FALSE,syntax_only,TRUE,2018,2018
doi:10.7910/DVN/GK3TMY,TRUE,FALSE,TRUE,syntax_only,TRUE,2024,2024
doi:10.7910/DVN/GKASQ5,FALSE,FALSE,TRUE,syntax_only,TRUE,2015,2015
doi:10.7910/DVN/GKWF0N,TRUE,FALSE,FALSE,syntax_only,TRUE,2015,2015
doi:10.7910/DVN/GL2WN8,TRUE,FALSE,FALSE,syntax_only,TRUE,2020,2020
doi:10.7910/DVN/GLT4FX,FALSE,FALSE,TRUE,syntax_only,TRUE,2020,2020
doi:10.7910/DVN/GM1VRQ,FALSE,FALSE,TRUE,syntax_only,TRUE,2023,2023
doi:10.7910/DVN/GMFAUC,FALSE,FALSE,FALSE,syntax_only,FALSE,2022,2022
doi:10.7910/DVN/GMWOY6,FALSE,FALSE,TRUE,syntax_only,TRUE,2016,2016
doi:10.7910/DVN/GMZM4D,FALSE,FALSE,FALSE,syntax_only,FALSE,2012,2015
doi:10.7910/DVN/GO75QE,FALSE,FALSE,TRUE,syntax_only,TRUE,2024,2024
doi:10.7910/DVN/GODCXP,FALSE,FALSE,TRUE,syntax_only,TRUE,2024,2024
doi:10.7910/DVN/GOLMTC,FALSE,FALSE,TRUE,syntax_only,TRUE,2016,2016
doi:10.7910/DVN/GPRVC6,TRUE,FALSE,TRUE,syntax_only,TRUE,2018,2018
doi:10.7910/DVN/GQ01SY,TRUE,FALSE,TRUE,syntax_only,TRUE,2024,2024
doi:10.7910/DVN/GQOYSS,FALSE,FALSE,TRUE,syntax_only,TRUE,2022,2022
doi:10.7910/DVN/GRHQ3W,TRUE,FALSE,FALSE,syntax_only,TRUE,2024,2024
doi:10.7910/DVN/GRVR99,FALSE,FALSE,FALSE,syntax_only,FALSE,2023,2023
doi:10.7910/DVN/GS838F,FALSE,FALSE,TRUE,syntax_only,TRUE,2023,2023
doi:10.7910/DVN/GS8IFM,TRUE,FALSE,FALSE,syntax_only,TRUE,2018,2018
doi:10.7910/DVN/GSMBFX,FALSE,TRUE,TRUE,syntax_only,TRUE,2019,2019
doi:10.7910/DVN/GSNXV7,FALSE,FALSE,FALSE,syntax_only,FALSE,2018,2018
doi:10.7910/DVN/GSQG1K,FALSE,FALSE,TRUE,syntax_only,TRUE,2018,2018
doi:10.7910/DVN/GT15SC,TRUE,FALSE,TRUE,syntax_only,TRUE,2023,2023
doi:10.7910/DVN/GT8NDD,TRUE,FALSE,TRUE,syntax_only,TRUE,2021,2021
doi:10.7910/DVN/GTEBJA,TRUE,FALSE,TRUE,syntax_only,TRUE,2024,2024
doi:10.7910/DVN/GTSYTZ,TRUE,FALSE,TRUE,syntax_only,TRUE,2022,2022
doi:10.7910/DVN/GTXZ4J,FALSE,FALSE,TRUE,syntax_only,TRUE,2017,2017
doi:10.7910/DVN/GWD4HA,FALSE,FALSE,FALSE,syntax_only,FALSE,2019,2019
doi:10.7910/DVN/GXWHFG,TRUE,FALSE,TRUE,syntax_only,TRUE,2023,2023
doi:10.7910/DVN/GXXUHV,TRUE,FALSE,TRUE,syntax_only,TRUE,2023,2023
doi:10.7910/DVN/GYEAIG,TRUE,FALSE,TRUE,syntax_only,TRUE,2019,2019
doi:10.7910/DVN/GYEGW4,TRUE,FALSE,FALSE,syntax_only,TRUE,2021,2021
doi:10.7910/DVN/GYX7GC,TRUE,FALSE,TRUE,syntax_only,TRUE,2023,2023
doi:10.7910/DVN/H13U6G,FALSE,FALSE,FALSE,syntax_only,FALSE,2018,2018
doi:10.7910/DVN/H1CCWM,TRUE,FALSE,FALSE,syntax_only,TRUE,2019,2019
doi:10.7910/DVN/H1HRYV,FALSE,FALSE,FALSE,syntax_only,FALSE,2021,2021
doi:10.7910/DVN/H2JL7A,TRUE,FALSE,TRUE,syntax_only,TRUE,2023,2023
doi:10.7910/DVN/H2JWXV,TRUE,FALSE,TRUE,syntax_only,TRUE,2023,2023
doi:10.7910/DVN/H6CUHY,TRUE,FALSE,TRUE,syntax_only,TRUE,2013,2015
doi:10.7910/DVN/H7NFJZ,FALSE,FALSE,FALSE,syntax_only,FALSE,2024,2024
doi:10.7910/DVN/H8HM6P,TRUE,FALSE,FALSE,syntax_only,TRUE,2021,2021
doi:10.7910/DVN/H8SIXG,FALSE,FALSE,TRUE,syntax_only,TRUE,2022,2022
doi:10.7910/DVN/H90IVD,TRUE,FALSE,TRUE,syntax_only,TRUE,2022,2022
doi:10.7910/DVN/HAKD7W,TRUE,FALSE,TRUE,syntax_only,TRUE,2021,2021
doi:10.7910/DVN/HAU0EX,FALSE,FALSE,FALSE,syntax_only,FALSE,2016,2016
doi:10.7910/DVN/HBSARA,TRUE,FALSE,TRUE,syntax_only,TRUE,2024,2024
doi:10.7910/DVN/HD7UUU,FALSE,FALSE,TRUE,syntax_only,TRUE,2020,2020
doi:10.7910/DVN/HDDPTB,FALSE,FALSE,TRUE,syntax_only,TRUE,2020,2020
doi:10.7910/DVN/HDGUDZ,TRUE,FALSE,FALSE,syntax_only,TRUE,2020,2020
doi:10.7910/DVN/HDOEPP,TRUE,FALSE,TRUE,syntax_only,TRUE,2024,2024
doi:10.7910/DVN/HFVIYA,TRUE,FALSE,TRUE,syntax_only,TRUE,2021,2021
doi:10.7910/DVN/HFXXEF,FALSE,FALSE,TRUE,syntax_only,TRUE,2021,2021
doi:10.7910/DVN/HGD6CG,TRUE,FALSE,TRUE,syntax_only,TRUE,2021,2021
doi:10.7910/DVN/HGFLGK,FALSE,FALSE,TRUE,syntax_only,TRUE,2023,2023
doi:10.7910/DVN/HHMXU3,FALSE,FALSE,FALSE,syntax_only,FALSE,2018,2018
doi:10.7910/DVN/HHNZGT,TRUE,FALSE,FALSE,syntax_only,TRUE,2022,2022
doi:10.7910/DVN/HI1CUP,TRUE,FALSE,FALSE,syntax_only,TRUE,2019,2019
doi:10.7910/DVN/HI1X4O,TRUE,FALSE,TRUE,syntax_only,TRUE,2018,2018
doi:10.7910/DVN/HIQ4BV,FALSE,FALSE,FALSE,syntax_only,FALSE,2017,2017
doi:10.7910/DVN/HJSQNL,TRUE,FALSE,TRUE,syntax_only,TRUE,2019,2019
doi:10.7910/DVN/HJYBA5,TRUE,FALSE,FALSE,syntax_only,TRUE,2023,2023
doi:10.7910/DVN/HK213D,FALSE,FALSE,TRUE,syntax_only,TRUE,2018,2018
doi:10.7910/DVN/HKOBWC,TRUE,FALSE,TRUE,syntax_only,TRUE,2016,2016
doi:10.7910/DVN/HL0OUD,TRUE,FALSE,TRUE,syntax_only,TRUE,2015,2015
doi:10.7910/DVN/HMI4WY,TRUE,FALSE,TRUE,syntax_only,TRUE,2019,2019
doi:10.7910/DVN/HNH7BX,TRUE,FALSE,TRUE,syntax_only,TRUE,2022,2022
doi:10.7910/DVN/HNVBZG,TRUE,FALSE,TRUE,syntax_only,TRUE,2022,2022
doi:10.7910/DVN/HOLUME,FALSE,FALSE,TRUE,syntax_only,TRUE,2020,2020
doi:10.7910/DVN/HOMED8,TRUE,FALSE,FALSE,syntax_only,TRUE,2023,2023
doi:10.7910/DVN/HPB1CA,TRUE,FALSE,FALSE,syntax_only,TRUE,2015,2015
doi:10.7910/DVN/HPZWJR,TRUE,FALSE,TRUE,syntax_only,TRUE,2020,2020
doi:10.7910/DVN/HQ1N6A,FALSE,FALSE,FALSE,syntax_only,FALSE,2016,2016
doi:10.7910/DVN/HQKQCQ,TRUE,FALSE,FALSE,syntax_only,TRUE,2015,2016
doi:10.7910/DVN/HQQJUK,FALSE,FALSE,TRUE,syntax_only,TRUE,2024,2024
doi:10.7910/DVN/HRUQZJ,FALSE,FALSE,TRUE,syntax_only,TRUE,2022,2022
doi:10.7910/DVN/HRUXYI,FALSE,FALSE,TRUE,syntax_only,TRUE,2024,2024
doi:10.7910/DVN/HS9HW3,FALSE,FALSE,TRUE,syntax_only,TRUE,2019,2019
doi:10.7910/DVN/HTMX3K,TRUE,FALSE,TRUE,syntax_only,TRUE,2020,2020
doi:10.7910/DVN/HUKSID,TRUE,FALSE,TRUE,syntax_only,TRUE,2018,2018
doi:10.7910/DVN/HULLNG,TRUE,FALSE,TRUE,syntax_only,TRUE,2020,2020
doi:10.7910/DVN/HUYOHI,FALSE,FALSE,TRUE,syntax_only,TRUE,2021,2021
doi:10.7910/DVN/HUZGPJ,TRUE,FALSE,TRUE,syntax_only,TRUE,2019,2019
doi:10.7910/DVN/HVHUIP,TRUE,FALSE,FALSE,syntax_only,TRUE,2018,2018
doi:10.7910/DVN/HWLW0J,TRUE,FALSE,TRUE,syntax_only,TRUE,2019,2023
doi:10.7910/DVN/HWW8DP,FALSE,FALSE,FALSE,syntax_only,FALSE,2013,2015
doi:10.7910/DVN/HX6YRD,FALSE,FALSE,FALSE,syntax_only,FALSE,2022,2022
doi:10.7910/DVN/HXQOCI,TRUE,FALSE,TRUE,syntax_only,TRUE,2023,2023
doi:10.7910/DVN/I0VEMG,FALSE,FALSE,TRUE,syntax_only,TRUE,2017,2017
doi:10.7910/DVN/I1HVCJ,TRUE,FALSE,TRUE,syntax_only,TRUE,2018,2018
doi:10.7910/DVN/I2HEVQ,FALSE,FALSE,TRUE,syntax_only,TRUE,2023,2023
doi:10.7910/DVN/I32PHE,FALSE,FALSE,FALSE,syntax_only,FALSE,2019,2019
doi:10.7910/DVN/I3VHZK,TRUE,FALSE,TRUE,syntax_only,TRUE,2024,2024
doi:10.7910/DVN/I4KVD1,TRUE,FALSE,FALSE,syntax_only,TRUE,2018,2018
doi:10.7910/DVN/I72HB0,TRUE,FALSE,TRUE,syntax_only,TRUE,2018,2018
doi:10.7910/DVN/I8B3VS,FALSE,FALSE,TRUE,syntax_only,TRUE,2024,2024
doi:10.7910/DVN/I9E6EX,FALSE,FALSE,TRUE,syntax_only,TRUE,2023,2023
doi:10.7910/DVN/IANHOG,TRUE,FALSE,FALSE,syntax_only,TRUE,2019,2019
doi:10.7910/DVN/IAPQ3X,TRUE,FALSE,TRUE,syntax_only,TRUE,2019,2019
doi:10.7910/DVN/IBILHS,TRUE,FALSE,TRUE,syntax_only,TRUE,2023,2023
doi:10.7910/DVN/ICBCM2,FALSE,FALSE,TRUE,syntax_only,TRUE,2018,2018
doi:10.7910/DVN/IDI93S,TRUE,FALSE,FALSE,syntax_only,TRUE,2021,2021
doi:10.7910/DVN/IDXWKA,FALSE,FALSE,FALSE,syntax_only,FALSE,2021,2021
doi:10.7910/DVN/IEQVC7,FALSE,FALSE,TRUE,syntax_only,TRUE,2020,2020
doi:10.7910/DVN/IESQYC,TRUE,FALSE,FALSE,syntax_only,TRUE,2024,2024
doi:10.7910/DVN/IFZXQX,FALSE,FALSE,FALSE,syntax_only,FALSE,2020,2020
doi:10.7910/DVN/IG6ICN,TRUE,FALSE,TRUE,syntax_only,TRUE,2022,2022
doi:10.7910/DVN/IHMU6B,TRUE,FALSE,TRUE,syntax_only,TRUE,2023,2023
doi:10.7910/DVN/IIE50D,TRUE,FALSE,TRUE,syntax_only,TRUE,2019,2019
doi:10.7910/DVN/IIYGGX,TRUE,FALSE,FALSE,syntax_only,TRUE,2016,2016
doi:10.7910/DVN/IJ2DW4,FALSE,FALSE,TRUE,syntax_only,TRUE,2024,2024
doi:10.7910/DVN/IK4NUZ,TRUE,FALSE,FALSE,syntax_only,TRUE,2021,2021
doi:10.7910/DVN/IKM2A4,TRUE,FALSE,TRUE,syntax_only,TRUE,2020,2020
doi:10.7910/DVN/IM0FZN,TRUE,FALSE,TRUE,syntax_only,TRUE,2021,2021
doi:10.7910/DVN/IMBQJB,TRUE,FALSE,TRUE,syntax_only,TRUE,2021,2021
doi:10.7910/DVN/IN2E8O,TRUE,FALSE,TRUE,syntax_only,TRUE,2021,2021
doi:10.7910/DVN/INOLBS,TRUE,FALSE,FALSE,syntax_only,TRUE,2013,2015
doi:10.7910/DVN/INVDWM,TRUE,FALSE,FALSE,syntax_only,TRUE,2017,2017
doi:10.7910/DVN/INXGMT,FALSE,FALSE,TRUE,syntax_only,TRUE,2015,2015
doi:10.7910/DVN/IO89OI,TRUE,FALSE,FALSE,syntax_only,TRUE,2017,2017
doi:10.7910/DVN/IOAMVW,FALSE,FALSE,TRUE,syntax_only,TRUE,2023,2023
doi:10.7910/DVN/IOVCO4,FALSE,FALSE,TRUE,syntax_only,TRUE,2022,2022
doi:10.7910/DVN/IPFOXC,FALSE,FALSE,FALSE,syntax_only,FALSE,2024,2024
doi:10.7910/DVN/IPGCTN,TRUE,FALSE,FALSE,syntax_only,TRUE,2024,2024
doi:10.7910/DVN/IPWGL3,TRUE,FALSE,TRUE,syntax_only,TRUE,2021,2021
doi:10.7910/DVN/IPXFX7,TRUE,FALSE,TRUE,syntax_only,TRUE,2023,2023
doi:10.7910/DVN/IQW9LQ,TRUE,FALSE,TRUE,syntax_only,TRUE,2013,2013
doi:10.7910/DVN/IROJ12,TRUE,FALSE,TRUE,syntax_only,TRUE,2021,2021
doi:10.7910/DVN/ISBPIH,FALSE,FALSE,FALSE,syntax_only,FALSE,2022,2022
doi:10.7910/DVN/ITKNX5,TRUE,FALSE,TRUE,syntax_only,TRUE,2021,2021
doi:10.7910/DVN/IUB62M,TRUE,FALSE,FALSE,syntax_only,TRUE,2018,2018
doi:10.7910/DVN/IUG2C4,FALSE,FALSE,TRUE,syntax_only,TRUE,2015,2015
doi:10.7910/DVN/IUJPYK,FALSE,FALSE,TRUE,syntax_only,TRUE,2017,2017
doi:10.7910/DVN/IUXG2I,FALSE,FALSE,FALSE,syntax_only,FALSE,2019,2019
doi:10.7910/DVN/IUZDQI,TRUE,FALSE,FALSE,syntax_only,TRUE,2020,2020
doi:10.7910/DVN/IVILML,TRUE,FALSE,TRUE,syntax_only,TRUE,2023,2023
doi:10.7910/DVN/IVPUQT,FALSE,FALSE,FALSE,syntax_only,FALSE,2016,2016
doi:10.7910/DVN/IWTPVO,FALSE,FALSE,FALSE,syntax_only,FALSE,2017,2017
doi:10.7910/DVN/IX1JQG,FALSE,FALSE,TRUE,syntax_only,TRUE,2024,2024
doi:10.7910/DVN/IXTLRP,FALSE,FALSE,TRUE,syntax_only,TRUE,2022,2022
doi:10.7910/DVN/IXWZZO,FALSE,FALSE,TRUE,syntax_only,TRUE,2016,2016
doi:10.7910/DVN/IYC3GR,TRUE,FALSE,TRUE,syntax_only,TRUE,2021,2021
doi:10.7910/DVN/IYN1YN,FALSE,FALSE,FALSE,syntax_only,FALSE,2024,2024
doi:10.7910/DVN/IYZWUD,FALSE,FALSE,FALSE,syntax_only,FALSE,2015,2015
doi:10.7910/DVN/IZC5P1,FALSE,FALSE,FALSE,syntax_only,FALSE,2017,2017
doi:10.7910/DVN/IZWS10,FALSE,FALSE,TRUE,syntax_only,TRUE,2023,2023
doi:10.7910/DVN/J0GBTX,TRUE,FALSE,TRUE,syntax_only,TRUE,2020,2020
doi:10.7910/DVN/J2FA5R,FALSE,FALSE,TRUE,syntax_only,TRUE,2017,2017
doi:10.7910/DVN/J2MNEU,FALSE,FALSE,FALSE,syntax_only,FALSE,2023,2023
doi:10.7910/DVN/J4KRBG,FALSE,FALSE,TRUE,syntax_only,TRUE,2017,2017
doi:10.7910/DVN/J7RTIW,TRUE,FALSE,FALSE,syntax_only,TRUE,2023,2023
doi:10.7910/DVN/J7WOKC,TRUE,FALSE,TRUE,syntax_only,TRUE,2019,2019
doi:10.7910/DVN/J9RCVH,TRUE,FALSE,TRUE,syntax_only,TRUE,2024,2024
doi:10.7910/DVN/JADOZL,TRUE,FALSE,TRUE,syntax_only,TRUE,2024,2024
doi:10.7910/DVN/JBXFCE,FALSE,FALSE,FALSE,syntax_only,FALSE,2022,2022
doi:10.7910/DVN/JCGCT5,FALSE,FALSE,FALSE,syntax_only,FALSE,2013,2015
doi:10.7910/DVN/JCSOB8,FALSE,FALSE,TRUE,syntax_only,TRUE,2022,2022
doi:10.7910/DVN/JCT3F7,TRUE,FALSE,TRUE,syntax_only,TRUE,2022,2022
doi:10.7910/DVN/JDPNNU,FALSE,FALSE,TRUE,syntax_only,TRUE,2015,2015
doi:10.7910/DVN/JFQV7S,FALSE,FALSE,FALSE,syntax_only,FALSE,2019,2019
doi:10.7910/DVN/JGN8KR,TRUE,FALSE,FALSE,syntax_only,TRUE,2024,2024
doi:10.7910/DVN/JHJJW0,TRUE,FALSE,TRUE,syntax_only,TRUE,2021,2021
doi:10.7910/DVN/JIFKOU,TRUE,FALSE,FALSE,syntax_only,TRUE,2020,2020
doi:10.7910/DVN/JIIICD,FALSE,FALSE,TRUE,syntax_only,TRUE,2016,2016
doi:10.7910/DVN/JIVKHE,TRUE,FALSE,TRUE,syntax_only,TRUE,2024,2024
doi:10.7910/DVN/JK4FMH,TRUE,FALSE,TRUE,syntax_only,TRUE,2023,2023
doi:10.7910/DVN/JM7LGF,TRUE,FALSE,FALSE,syntax_only,TRUE,2023,2023
doi:10.7910/DVN/JMNFLR,FALSE,FALSE,FALSE,syntax_only,FALSE,2020,2020
doi:10.7910/DVN/JNEQYJ,FALSE,FALSE,FALSE,syntax_only,FALSE,2018,2018
doi:10.7910/DVN/JNFMNQ,FALSE,FALSE,FALSE,syntax_only,FALSE,2017,2017
doi:10.7910/DVN/JNV3XO,TRUE,FALSE,TRUE,syntax_only,TRUE,2022,2024
doi:10.7910/DVN/JO8C7A,FALSE,FALSE,FALSE,syntax_only,FALSE,2021,2021
doi:10.7910/DVN/JORLQM,TRUE,FALSE,TRUE,syntax_only,TRUE,2020,2020
doi:10.7910/DVN/JOXCZY,FALSE,FALSE,FALSE,syntax_only,FALSE,2016,2016
doi:10.7910/DVN/JOZR5H,TRUE,FALSE,TRUE,syntax_only,TRUE,2023,2023
doi:10.7910/DVN/JPHHJV,TRUE,FALSE,TRUE,syntax_only,TRUE,2023,2023
doi:10.7910/DVN/JPKJSJ,TRUE,FALSE,TRUE,syntax_only,TRUE,2024,2024
doi:10.7910/DVN/JPVEX5,TRUE,FALSE,TRUE,syntax_only,TRUE,2022,2022
doi:10.7910/DVN/JQGLHX,TRUE,FALSE,TRUE,syntax_only,TRUE,2021,2021
doi:10.7910/DVN/JSDUTQ,TRUE,FALSE,FALSE,syntax_only,TRUE,2017,2017
doi:10.7910/DVN/JSQQSR,TRUE,FALSE,TRUE,syntax_only,TRUE,2024,2024
doi:10.7910/DVN/JSR0OE,FALSE,FALSE,TRUE,syntax_only,TRUE,2018,2018
doi:10.7910/DVN/JTGHQD,TRUE,FALSE,TRUE,syntax_only,TRUE,2023,2023
doi:10.7910/DVN/JTKVX2,FALSE,FALSE,TRUE,syntax_only,TRUE,2021,2021
doi:10.7910/DVN/JTV6W6,TRUE,FALSE,FALSE,syntax_only,TRUE,2017,2017
doi:10.7910/DVN/JW5B3P,FALSE,FALSE,TRUE,syntax_only,TRUE,2023,2023
doi:10.7910/DVN/JWCN9A,TRUE,FALSE,TRUE,syntax_only,TRUE,2024,2024
doi:10.7910/DVN/JWJRME,FALSE,FALSE,FALSE,syntax_only,FALSE,2019,2019
doi:10.7910/DVN/JYJLUB,TRUE,FALSE,TRUE,syntax_only,TRUE,2024,2024
doi:10.7910/DVN/JYKL9M,TRUE,FALSE,TRUE,syntax_only,TRUE,2019,2019
doi:10.7910/DVN/K0BFAG,TRUE,FALSE,TRUE,syntax_only,TRUE,2022,2022
doi:10.7910/DVN/K1XN7Q,FALSE,FALSE,TRUE,syntax_only,TRUE,2017,2017
doi:10.7910/DVN/K2CGSN,FALSE,FALSE,FALSE,syntax_only,FALSE,2023,2023
doi:10.7910/DVN/K3P78R,TRUE,FALSE,FALSE,syntax_only,TRUE,2017,2017
doi:10.7910/DVN/K3QWZW,TRUE,FALSE,TRUE,syntax_only,TRUE,2017,2018
doi:10.7910/DVN/K4L5YI,FALSE,FALSE,TRUE,syntax_only,TRUE,2021,2021
doi:10.7910/DVN/K7292I,FALSE,FALSE,FALSE,syntax_only,FALSE,2015,2015
doi:10.7910/DVN/K7OCDX,TRUE,FALSE,FALSE,syntax_only,TRUE,2018,2018
doi:10.7910/DVN/K8SC39,TRUE,FALSE,FALSE,syntax_only,TRUE,2016,2016
doi:10.7910/DVN/KAHHWQ,FALSE,FALSE,FALSE,syntax_only,FALSE,2022,2022
doi:10.7910/DVN/KAQVNP,FALSE,FALSE,FALSE,syntax_only,FALSE,2015,2015
doi:10.7910/DVN/KBRXOR,FALSE,FALSE,FALSE,syntax_only,FALSE,2017,2017
doi:10.7910/DVN/KC73TR,FALSE,FALSE,FALSE,syntax_only,FALSE,2016,2016
doi:10.7910/DVN/KDOM7E,TRUE,FALSE,FALSE,syntax_only,TRUE,2021,2021
doi:10.7910/DVN/KDSF60,FALSE,FALSE,FALSE,syntax_only,FALSE,2017,2017
doi:10.7910/DVN/KDUMRM,TRUE,FALSE,TRUE,syntax_only,TRUE,2021,2021
doi:10.7910/DVN/KEWQJS,TRUE,FALSE,FALSE,syntax_only,TRUE,2023,2023
doi:10.7910/DVN/KEWY2U,FALSE,FALSE,TRUE,syntax_only,TRUE,2024,2024
doi:10.7910/DVN/KFQOCV,FALSE,FALSE,TRUE,syntax_only,TRUE,2019,2019
doi:10.7910/DVN/KFSNWU,FALSE,FALSE,TRUE,syntax_only,TRUE,2022,2022
doi:10.7910/DVN/KG2APR,FALSE,FALSE,TRUE,syntax_only,TRUE,2019,2019
doi:10.7910/DVN/KGHEU4,TRUE,FALSE,FALSE,syntax_only,TRUE,2018,2018
doi:10.7910/DVN/KGK9QO,TRUE,FALSE,TRUE,syntax_only,TRUE,2018,2018
doi:10.7910/DVN/KGOUYI,TRUE,FALSE,TRUE,syntax_only,TRUE,2017,2019
doi:10.7910/DVN/KGRITG,FALSE,FALSE,TRUE,syntax_only,TRUE,2023,2023
doi:10.7910/DVN/KGVBNC,FALSE,FALSE,TRUE,syntax_only,TRUE,2018,2018
doi:10.7910/DVN/KGZGLT,FALSE,FALSE,TRUE,syntax_only,TRUE,2018,2018
doi:10.7910/DVN/KH9N7W,FALSE,FALSE,TRUE,syntax_only,TRUE,2020,2020
doi:10.7910/DVN/KJ6X76,FALSE,FALSE,TRUE,syntax_only,TRUE,2018,2018
doi:10.7910/DVN/KJWKLR,TRUE,FALSE,TRUE,syntax_only,TRUE,2023,2023
doi:10.7910/DVN/KKEVEA,TRUE,FALSE,TRUE,syntax_only,TRUE,2024,2024
doi:10.7910/DVN/KKQFKA,FALSE,FALSE,FALSE,syntax_only,FALSE,2019,2019
doi:10.7910/DVN/KKS1R0,TRUE,FALSE,FALSE,syntax_only,TRUE,2016,2016
doi:10.7910/DVN/KKTXVB,FALSE,FALSE,TRUE,syntax_only,TRUE,2013,2015
doi:10.7910/DVN/KL36TP,FALSE,FALSE,TRUE,syntax_only,TRUE,2021,2021
doi:10.7910/DVN/KL7J6Z,TRUE,FALSE,FALSE,syntax_only,TRUE,2016,2016
doi:10.7910/DVN/KNFPV6,FALSE,FALSE,FALSE,syntax_only,FALSE,2020,2020
doi:10.7910/DVN/KPCLFQ,TRUE,FALSE,TRUE,syntax_only,TRUE,2019,2019
doi:10.7910/DVN/KPJUFL,FALSE,FALSE,TRUE,syntax_only,TRUE,2018,2018
doi:10.7910/DVN/KPS1KY,TRUE,FALSE,TRUE,syntax_only,TRUE,2019,2019
doi:10.7910/DVN/KQJKY0,FALSE,FALSE,FALSE,syntax_only,FALSE,2020,2020
doi:10.7910/DVN/KQU3RR,TRUE,FALSE,TRUE,syntax_only,TRUE,2019,2019
doi:10.7910/DVN/KRIR6G,FALSE,FALSE,TRUE,syntax_only,TRUE,2020,2020
doi:10.7910/DVN/KRN6TB,TRUE,FALSE,TRUE,syntax_only,TRUE,2023,2023
doi:10.7910/DVN/KRNGAS,FALSE,FALSE,FALSE,syntax_only,FALSE,2022,2022
doi:10.7910/DVN/KSWI03,TRUE,FALSE,TRUE,syntax_only,TRUE,2018,2018
doi:10.7910/DVN/KTCXTE,FALSE,FALSE,FALSE,syntax_only,FALSE,2018,2018
doi:10.7910/DVN/KU4OCK,FALSE,FALSE,FALSE,syntax_only,FALSE,2021,2021
doi:10.7910/DVN/KUWA5X,FALSE,FALSE,TRUE,syntax_only,TRUE,2016,2016
doi:10.7910/DVN/KVIJSY,TRUE,FALSE,TRUE,syntax_only,TRUE,2019,2019
doi:10.7910/DVN/KVPF3F,TRUE,FALSE,TRUE,syntax_only,TRUE,2021,2021
doi:10.7910/DVN/KWPEKK,TRUE,FALSE,FALSE,syntax_only,TRUE,2018,2018
doi:10.7910/DVN/KXDRXB,TRUE,FALSE,TRUE,syntax_only,TRUE,2022,2022
doi:10.7910/DVN/KXIN0A,TRUE,FALSE,TRUE,syntax_only,TRUE,2019,2019
doi:10.7910/DVN/KYI9AR,FALSE,FALSE,TRUE,syntax_only,TRUE,2017,2017
doi:10.7910/DVN/L17KS1,FALSE,FALSE,FALSE,syntax_only,FALSE,2016,2016
doi:10.7910/DVN/L4IOHC,TRUE,FALSE,FALSE,syntax_only,TRUE,2018,2018
doi:10.7910/DVN/L6WBON,TRUE,FALSE,TRUE,syntax_only,TRUE,2023,2023
doi:10.7910/DVN/L8YLCJ,FALSE,FALSE,TRUE,syntax_only,TRUE,2016,2016
doi:10.7910/DVN/LAKKDP,FALSE,FALSE,TRUE,syntax_only,TRUE,2024,2024
doi:10.7910/DVN/LAVHXW,FALSE,FALSE,TRUE,syntax_only,TRUE,2022,2022
doi:10.7910/DVN/LBAV1Q,FALSE,FALSE,FALSE,syntax_only,FALSE,2021,2021
doi:10.7910/DVN/LBMRFX,FALSE,FALSE,FALSE,syntax_only,FALSE,2017,2017
doi:10.7910/DVN/LCCOH6,FALSE,FALSE,TRUE,syntax_only,TRUE,2021,2021
doi:10.7910/DVN/LCDBRU,FALSE,FALSE,FALSE,syntax_only,FALSE,2016,2017
doi:10.7910/DVN/LCWR7G,TRUE,FALSE,FALSE,syntax_only,TRUE,2020,2020
doi:10.7910/DVN/LD6NL8,FALSE,FALSE,TRUE,syntax_only,TRUE,2017,2017
doi:10.7910/DVN/LDRTZI,TRUE,FALSE,TRUE,syntax_only,TRUE,2017,2017
doi:10.7910/DVN/LEKKGT,TRUE,FALSE,TRUE,syntax_only,TRUE,2019,2019
doi:10.7910/DVN/LEV1RR,TRUE,FALSE,FALSE,syntax_only,TRUE,2021,2021
doi:10.7910/DVN/LFLCMA,TRUE,FALSE,TRUE,syntax_only,TRUE,2021,2021
doi:10.7910/DVN/LFQZVU,TRUE,FALSE,FALSE,syntax_only,TRUE,2018,2018
doi:10.7910/DVN/LGDIZD,FALSE,FALSE,TRUE,syntax_only,TRUE,2016,2016
doi:10.7910/DVN/LHOTOK,FALSE,FALSE,TRUE,syntax_only,TRUE,2020,2020
doi:10.7910/DVN/LHTRWM,TRUE,FALSE,TRUE,syntax_only,TRUE,2021,2021
doi:10.7910/DVN/LHWSBT,FALSE,FALSE,TRUE,syntax_only,TRUE,2021,2021
doi:10.7910/DVN/LIIUJK,FALSE,FALSE,TRUE,syntax_only,TRUE,2024,2024
doi:10.7910/DVN/LIJSWE,TRUE,FALSE,TRUE,syntax_only,TRUE,2021,2021
doi:10.7910/DVN/LIXQUW,FALSE,FALSE,TRUE,syntax_only,TRUE,2021,2021
doi:10.7910/DVN/LJPHFR,FALSE,FALSE,TRUE,syntax_only,TRUE,2023,2023
doi:10.7910/DVN/LJVBT6,TRUE,FALSE,TRUE,syntax_only,TRUE,2017,2017
doi:10.7910/DVN/LKE1WQ,TRUE,FALSE,TRUE,syntax_only,TRUE,2022,2022
doi:10.7910/DVN/LKRKQJ,FALSE,FALSE,TRUE,syntax_only,TRUE,2023,2023
doi:10.7910/DVN/LLPKNG,FALSE,FALSE,TRUE,syntax_only,TRUE,2022,2022
doi:10.7910/DVN/LLQ5ZL,TRUE,FALSE,FALSE,syntax_only,TRUE,2024,2024
doi:10.7910/DVN/LNPAOC,TRUE,FALSE,TRUE,syntax_only,TRUE,2017,2017
doi:10.7910/DVN/LNUYXZ,FALSE,FALSE,TRUE,syntax_only,TRUE,2018,2018
doi:10.7910/DVN/LOBXKJ,FALSE,FALSE,TRUE,syntax_only,TRUE,2018,2018
doi:10.7910/DVN/LP1SQY,FALSE,FALSE,TRUE,syntax_only,TRUE,2018,2018
doi:10.7910/DVN/LTPPVH,TRUE,FALSE,FALSE,syntax_only,TRUE,2017,2017
doi:10.7910/DVN/LUBZFJ,TRUE,FALSE,FALSE,syntax_only,TRUE,2013,2015
doi:10.7910/DVN/LUXWMV,TRUE,FALSE,TRUE,syntax_only,TRUE,2024,2024
doi:10.7910/DVN/LVHIYG,TRUE,FALSE,FALSE,syntax_only,TRUE,2016,2016
doi:10.7910/DVN/LVOSAF,FALSE,FALSE,FALSE,syntax_only,FALSE,2013,2015
doi:10.7910/DVN/LXFYVH,TRUE,FALSE,TRUE,syntax_only,TRUE,2024,2024
doi:10.7910/DVN/LXIBYP,TRUE,FALSE,TRUE,syntax_only,TRUE,2018,2018
doi:10.7910/DVN/LXYVSA,TRUE,FALSE,TRUE,syntax_only,TRUE,2024,2024
doi:10.7910/DVN/LZGQOH,TRUE,FALSE,TRUE,syntax_only,TRUE,2016,2016
doi:10.7910/DVN/LZV8LU,FALSE,FALSE,TRUE,syntax_only,TRUE,2022,2022
doi:10.7910/DVN/M046SB,TRUE,FALSE,FALSE,syntax_only,TRUE,2019,2019
doi:10.7910/DVN/M06IRS,FALSE,FALSE,TRUE,syntax_only,TRUE,2023,2023
doi:10.7910/DVN/M0LB5V,TRUE,FALSE,TRUE,syntax_only,TRUE,2023,2023
doi:10.7910/DVN/M2E5OI,TRUE,FALSE,FALSE,syntax_only,TRUE,2020,2020
doi:10.7910/DVN/M2QGOZ,TRUE,FALSE,TRUE,syntax_only,TRUE,2023,2023
doi:10.7910/DVN/M3O9O6,TRUE,FALSE,FALSE,syntax_only,TRUE,2019,2019
doi:10.7910/DVN/M402TU,TRUE,FALSE,TRUE,syntax_only,TRUE,2019,2019
doi:10.7910/DVN/M89XMZ,TRUE,FALSE,FALSE,syntax_only,TRUE,2019,2019
doi:10.7910/DVN/M9LGXX,TRUE,FALSE,TRUE,syntax_only,TRUE,2022,2022
doi:10.7910/DVN/M9VJAV,TRUE,FALSE,FALSE,syntax_only,TRUE,2017,2017
doi:10.7910/DVN/MB2UKU,FALSE,FALSE,FALSE,syntax_only,FALSE,2019,2019
doi:10.7910/DVN/MB8FGY,FALSE,FALSE,TRUE,syntax_only,TRUE,2022,2022
doi:10.7910/DVN/MBMU7F,FALSE,FALSE,TRUE,syntax_only,TRUE,2024,2024
doi:10.7910/DVN/MCEFXL,TRUE,FALSE,FALSE,syntax_only,TRUE,2020,2020
doi:10.7910/DVN/MDDS0T,TRUE,FALSE,TRUE,syntax_only,TRUE,2022,2022
doi:10.7910/DVN/MDUHGS,FALSE,FALSE,FALSE,syntax_only,FALSE,2023,2023
doi:10.7910/DVN/MEIMWN,FALSE,FALSE,TRUE,syntax_only,TRUE,2022,2022
doi:10.7910/DVN/MFFV3C,FALSE,FALSE,TRUE,syntax_only,TRUE,2022,2022
doi:10.7910/DVN/MGQMTX,FALSE,FALSE,TRUE,syntax_only,TRUE,2024,2024
doi:10.7910/DVN/MIOVA9,TRUE,FALSE,TRUE,syntax_only,TRUE,2021,2021
doi:10.7910/DVN/MIXK94,FALSE,FALSE,FALSE,syntax_only,FALSE,2015,2015
doi:10.7910/DVN/MJSMJB,FALSE,FALSE,TRUE,syntax_only,TRUE,2015,2015
doi:10.7910/DVN/MK5PXM,FALSE,FALSE,TRUE,syntax_only,TRUE,2024,2024
doi:10.7910/DVN/MKW8CS,FALSE,FALSE,TRUE,syntax_only,TRUE,2019,2019
doi:10.7910/DVN/MKWIHN,FALSE,FALSE,TRUE,syntax_only,TRUE,2023,2023
doi:10.7910/DVN/MLH2FY,TRUE,FALSE,TRUE,syntax_only,TRUE,2017,2017
doi:10.7910/DVN/MLJQQN,TRUE,FALSE,TRUE,syntax_only,TRUE,2024,2024
doi:10.7910/DVN/MLTZIE,FALSE,FALSE,TRUE,syntax_only,TRUE,2019,2019
doi:10.7910/DVN/MLZ39X,TRUE,FALSE,TRUE,syntax_only,TRUE,2024,2024
doi:10.7910/DVN/MM2VWC,FALSE,FALSE,TRUE,syntax_only,TRUE,2019,2019
doi:10.7910/DVN/MME5SS,FALSE,FALSE,FALSE,syntax_only,FALSE,2021,2021
doi:10.7910/DVN/MMYAOY,TRUE,FALSE,TRUE,syntax_only,TRUE,2021,2021
doi:10.7910/DVN/MO3KOQ,TRUE,FALSE,TRUE,syntax_only,TRUE,2018,2020
doi:10.7910/DVN/MOL5B3,FALSE,FALSE,TRUE,syntax_only,TRUE,2020,2020
doi:10.7910/DVN/MOTRM2,TRUE,FALSE,TRUE,syntax_only,TRUE,2017,2017
doi:10.7910/DVN/MP1NSJ,TRUE,FALSE,FALSE,syntax_only,TRUE,2017,2017
doi:10.7910/DVN/MPBGXL,TRUE,FALSE,FALSE,syntax_only,TRUE,2019,2019
doi:10.7910/DVN/MPJ50I,TRUE,FALSE,TRUE,syntax_only,TRUE,2022,2022
doi:10.7910/DVN/MPQQC0,FALSE,FALSE,TRUE,syntax_only,TRUE,2017,2017
doi:10.7910/DVN/MPTSQR,TRUE,FALSE,FALSE,syntax_only,TRUE,2023,2024
doi:10.7910/DVN/MQRHUZ,FALSE,FALSE,TRUE,syntax_only,TRUE,2020,2020
doi:10.7910/DVN/MQVUUD,FALSE,FALSE,TRUE,syntax_only,TRUE,2021,2021
doi:10.7910/DVN/MRCC5Z,FALSE,FALSE,FALSE,syntax_only,FALSE,2024,2024
doi:10.7910/DVN/MS6ZTZ,TRUE,FALSE,FALSE,syntax_only,TRUE,2019,2019
doi:10.7910/DVN/MSTR3F,FALSE,FALSE,TRUE,syntax_only,TRUE,2016,2016
doi:10.7910/DVN/MTQEE1,TRUE,FALSE,TRUE,syntax_only,TRUE,2019,2019
doi:10.7910/DVN/MURIT2,TRUE,FALSE,TRUE,syntax_only,TRUE,2021,2021
doi:10.7910/DVN/MUSFYH,TRUE,FALSE,FALSE,syntax_only,TRUE,2021,2021
doi:10.7910/DVN/MVD5VP,TRUE,FALSE,FALSE,syntax_only,TRUE,2018,2018
doi:10.7910/DVN/MVDWCS,TRUE,FALSE,FALSE,syntax_only,TRUE,2021,2021
doi:10.7910/DVN/MVN4DP,TRUE,FALSE,TRUE,syntax_only,TRUE,2016,2016
doi:10.7910/DVN/MWBXDN,FALSE,FALSE,TRUE,syntax_only,TRUE,2020,2020
doi:10.7910/DVN/MWNBXO,FALSE,FALSE,FALSE,syntax_only,FALSE,2015,2015
doi:10.7910/DVN/MWS8QF,FALSE,FALSE,TRUE,syntax_only,TRUE,2022,2025
doi:10.7910/DVN/MYDZNF,FALSE,FALSE,FALSE,syntax_only,FALSE,2018,2018
doi:10.7910/DVN/MYF97D,FALSE,FALSE,TRUE,syntax_only,TRUE,2020,2020
doi:10.7910/DVN/MYM5OB,TRUE,FALSE,TRUE,syntax_only,TRUE,2021,2021
doi:10.7910/DVN/MZIKCS,FALSE,FALSE,TRUE,syntax_only,TRUE,2018,2018
doi:10.7910/DVN/MZKJDR,FALSE,FALSE,FALSE,syntax_only,FALSE,2018,2018
doi:10.7910/DVN/N01LDH,TRUE,FALSE,TRUE,syntax_only,TRUE,2020,2020
doi:10.7910/DVN/N1JX6Y,FALSE,FALSE,TRUE,syntax_only,TRUE,2020,2020
doi:10.7910/DVN/N2XICI,TRUE,FALSE,TRUE,syntax_only,TRUE,2024,2024
doi:10.7910/DVN/N4RK1D,FALSE,FALSE,TRUE,syntax_only,TRUE,2019,2019
doi:10.7910/DVN/N6LIMH,FALSE,FALSE,TRUE,syntax_only,TRUE,2021,2021
doi:10.7910/DVN/N71MOK,TRUE,FALSE,TRUE,syntax_only,TRUE,2021,2021
doi:10.7910/DVN/NAMZXJ,TRUE,FALSE,FALSE,syntax_only,TRUE,2019,2019
doi:10.7910/DVN/NBIKED,TRUE,FALSE,TRUE,syntax_only,TRUE,2023,2023
doi:10.7910/DVN/NBMH7M,FALSE,FALSE,TRUE,syntax_only,TRUE,2020,2020
doi:10.7910/DVN/NC06GQ,TRUE,FALSE,FALSE,syntax_only,TRUE,2015,2015
doi:10.7910/DVN/NC28F3,TRUE,FALSE,FALSE,syntax_only,TRUE,2020,2020
doi:10.7910/DVN/NCUSPZ,TRUE,FALSE,TRUE,syntax_only,TRUE,2019,2019
doi:10.7910/DVN/NDHKSG,TRUE,FALSE,TRUE,syntax_only,TRUE,2019,2020
doi:10.7910/DVN/NDHWX0,FALSE,FALSE,TRUE,syntax_only,TRUE,2021,2021
doi:10.7910/DVN/NDPXND,FALSE,FALSE,TRUE,syntax_only,TRUE,2020,2020
doi:10.7910/DVN/NE0Y2I,TRUE,FALSE,TRUE,syntax_only,TRUE,2023,2023
doi:10.7910/DVN/NEIYVD,FALSE,FALSE,TRUE,syntax_only,TRUE,2017,2017
doi:10.7910/DVN/NFZLI3,TRUE,FALSE,TRUE,syntax_only,TRUE,2019,2019
doi:10.7910/DVN/NGFLRO,TRUE,FALSE,TRUE,syntax_only,TRUE,2022,2022
doi:10.7910/DVN/NGMCDS,FALSE,FALSE,TRUE,syntax_only,TRUE,2023,2023
doi:10.7910/DVN/NGTWWJ,FALSE,FALSE,TRUE,syntax_only,TRUE,2019,2019
doi:10.7910/DVN/NIGQBX,TRUE,FALSE,TRUE,syntax_only,TRUE,2016,2016
doi:10.7910/DVN/NIMLAR,TRUE,FALSE,TRUE,syntax_only,TRUE,2020,2020
doi:10.7910/DVN/NIWSMI,FALSE,FALSE,FALSE,syntax_only,FALSE,2019,2019
doi:10.7910/DVN/NJIIPR,FALSE,FALSE,FALSE,syntax_only,FALSE,2023,2023
doi:10.7910/DVN/NJIXYY,FALSE,FALSE,FALSE,syntax_only,FALSE,2022,2022
doi:10.7910/DVN/NJRZXP,FALSE,FALSE,TRUE,syntax_only,TRUE,2015,2015
doi:10.7910/DVN/NJWJ0D,FALSE,FALSE,TRUE,syntax_only,TRUE,2024,2024
doi:10.7910/DVN/NK4SQT,TRUE,FALSE,TRUE,syntax_only,TRUE,2018,2018
doi:10.7910/DVN/NKCDCO,FALSE,FALSE,TRUE,syntax_only,TRUE,2022,2022
doi:10.7910/DVN/NKETXF,FALSE,FALSE,TRUE,syntax_only,TRUE,2023,2023
doi:10.7910/DVN/NKJR7Z,FALSE,FALSE,FALSE,syntax_only,FALSE,2020,2020
doi:10.7910/DVN/NKN0E8,FALSE,FALSE,FALSE,syntax_only,FALSE,2015,2015
doi:10.7910/DVN/NM0XLV,FALSE,FALSE,TRUE,syntax_only,TRUE,2023,2023
doi:10.7910/DVN/NMA2WY,FALSE,FALSE,TRUE,syntax_only,TRUE,2013,2015
doi:10.7910/DVN/NMCOBF,TRUE,FALSE,TRUE,syntax_only,TRUE,2018,2018
doi:10.7910/DVN/NMJ4W9,TRUE,FALSE,FALSE,syntax_only,TRUE,2017,2017
doi:10.7910/DVN/NN0OXE,TRUE,FALSE,FALSE,syntax_only,TRUE,2022,2022
doi:10.7910/DVN/NNAFVA,FALSE,FALSE,FALSE,syntax_only,FALSE,2024,2024
doi:10.7910/DVN/NNBZP7,FALSE,FALSE,FALSE,syntax_only,FALSE,2016,2016
doi:10.7910/DVN/NNNPOU,TRUE,FALSE,TRUE,syntax_only,TRUE,2019,2019
doi:10.7910/DVN/NOMC0H,TRUE,FALSE,TRUE,syntax_only,TRUE,2020,2020
doi:10.7910/DVN/NOMRHB,TRUE,FALSE,TRUE,syntax_only,TRUE,2022,2022
doi:10.7910/DVN/NOWHWG,FALSE,FALSE,FALSE,syntax_only,FALSE,2019,2019
doi:10.7910/DVN/NOYBCQ,TRUE,FALSE,TRUE,syntax_only,TRUE,2019,2019
doi:10.7910/DVN/NRAQRH,FALSE,FALSE,TRUE,syntax_only,TRUE,2018,2018
doi:10.7910/DVN/NRRVJ3,FALSE,FALSE,FALSE,syntax_only,FALSE,2020,2020
doi:10.7910/DVN/NS3NMH,FALSE,FALSE,TRUE,syntax_only,TRUE,2016,2016
doi:10.7910/DVN/NSC8TJ,FALSE,FALSE,TRUE,syntax_only,TRUE,2023,2023
doi:10.7910/DVN/NT7H5O,TRUE,FALSE,TRUE,syntax_only,TRUE,2024,2024
doi:10.7910/DVN/NUACCP,TRUE,FALSE,TRUE,syntax_only,TRUE,2013,2015
doi:10.7910/DVN/NVMD6X,TRUE,FALSE,TRUE,syntax_only,TRUE,2022,2022
doi:10.7910/DVN/NVVVUV,TRUE,FALSE,TRUE,syntax_only,TRUE,2021,2021
doi:10.7910/DVN/NVXQ0G,TRUE,FALSE,FALSE,syntax_only,TRUE,2023,2023
doi:10.7910/DVN/NWDZJB,TRUE,FALSE,TRUE,syntax_only,TRUE,2024,2024
doi:10.7910/DVN/NX0QGA,TRUE,FALSE,FALSE,syntax_only,TRUE,2023,2023
doi:10.7910/DVN/NXDEGT,TRUE,FALSE,TRUE,syntax_only,TRUE,2021,2021
doi:10.7910/DVN/NY6NSO,FALSE,FALSE,FALSE,syntax_only,FALSE,2012,2015
doi:10.7910/DVN/NYONTD,FALSE,FALSE,TRUE,syntax_only,TRUE,2020,2020
doi:10.7910/DVN/NYOXTE,TRUE,FALSE,TRUE,syntax_only,TRUE,2023,2023
doi:10.7910/DVN/NYPOQD,TRUE,FALSE,TRUE,syntax_only,TRUE,2021,2021
doi:10.7910/DVN/O059HN,TRUE,FALSE,TRUE,syntax_only,TRUE,2020,2020
doi:10.7910/DVN/O0JVDU,TRUE,FALSE,TRUE,syntax_only,TRUE,2019,2019
doi:10.7910/DVN/O3A06T,TRUE,FALSE,TRUE,syntax_only,TRUE,2015,2015
doi:10.7910/DVN/O3DTSF,TRUE,FALSE,TRUE,syntax_only,TRUE,2021,2021
doi:10.7910/DVN/O4P8J1,FALSE,FALSE,TRUE,syntax_only,TRUE,2018,2018
doi:10.7910/DVN/O6VHZZ,FALSE,FALSE,FALSE,syntax_only,FALSE,2019,2019
doi:10.7910/DVN/O7DDIN,FALSE,FALSE,FALSE,syntax_only,FALSE,2012,2015
doi:10.7910/DVN/OA8D7L,TRUE,FALSE,TRUE,syntax_only,TRUE,2023,2023
doi:10.7910/DVN/OAGZZD,TRUE,FALSE,TRUE,syntax_only,TRUE,2017,2017
doi:10.7910/DVN/OAOJQZ,FALSE,FALSE,FALSE,syntax_only,FALSE,2024,2024
doi:10.7910/DVN/OAPCH9,FALSE,FALSE,FALSE,syntax_only,FALSE,2018,2018
doi:10.7910/DVN/OASXGA,FALSE,FALSE,FALSE,syntax_only,FALSE,2012,2015
doi:10.7910/DVN/OB00VG,FALSE,FALSE,TRUE,syntax_only,TRUE,2015,2015
doi:10.7910/DVN/OCUJ2F,TRUE,FALSE,FALSE,syntax_only,TRUE,2015,2015
doi:10.7910/DVN/OEHBYH,TRUE,FALSE,TRUE,syntax_only,TRUE,2024,2024
doi:10.7910/DVN/OENR84,TRUE,FALSE,TRUE,syntax_only,TRUE,2021,2021
doi:10.7910/DVN/OF1JOF,TRUE,FALSE,FALSE,syntax_only,TRUE,2022,2022
doi:10.7910/DVN/OFCAAE,TRUE,FALSE,FALSE,syntax_only,TRUE,2021,2021
doi:10.7910/DVN/OGVWDE,TRUE,FALSE,FALSE,syntax_only,TRUE,2018,2018
doi:10.7910/DVN/OHHVPY,TRUE,FALSE,FALSE,syntax_only,TRUE,2020,2020
doi:10.7910/DVN/OIJ5ZD,TRUE,FALSE,TRUE,syntax_only,TRUE,2023,2023
doi:10.7910/DVN/OILORM,FALSE,FALSE,TRUE,syntax_only,TRUE,2023,2023
doi:10.7910/DVN/OJA7YS,TRUE,FALSE,TRUE,syntax_only,TRUE,2019,2019
doi:10.7910/DVN/OJCQ5O,FALSE,FALSE,TRUE,syntax_only,TRUE,2015,2015
doi:10.7910/DVN/OJQJRM,FALSE,FALSE,FALSE,syntax_only,FALSE,2017,2017
doi:10.7910/DVN/OJUCRU,TRUE,FALSE,TRUE,syntax_only,TRUE,2020,2020
doi:10.7910/DVN/OKYC0B,TRUE,FALSE,FALSE,syntax_only,TRUE,2020,2020
doi:10.7910/DVN/OKZMIY,TRUE,FALSE,FALSE,syntax_only,TRUE,2019,2019
doi:10.7910/DVN/OL16K3,FALSE,FALSE,TRUE,syntax_only,TRUE,2021,2021
doi:10.7910/DVN/OLTXFC,TRUE,FALSE,TRUE,syntax_only,TRUE,2019,2019
doi:10.7910/DVN/OM2N3X,FALSE,FALSE,TRUE,syntax_only,TRUE,2024,2024
doi:10.7910/DVN/OM6ZUR,TRUE,FALSE,TRUE,syntax_only,TRUE,2023,2023
doi:10.7910/DVN/OMABN4,FALSE,FALSE,FALSE,syntax_only,FALSE,2021,2022
doi:10.7910/DVN/OMESOW,FALSE,FALSE,FALSE,syntax_only,FALSE,2012,2015
doi:10.7910/DVN/OMPDH0,FALSE,FALSE,TRUE,syntax_only,TRUE,2022,2022
doi:10.7910/DVN/ON8RBD,TRUE,FALSE,TRUE,syntax_only,TRUE,2019,2019
doi:10.7910/DVN/OO6RB0,TRUE,FALSE,TRUE,syntax_only,TRUE,2024,2024
doi:10.7910/DVN/OO8ZCC,FALSE,FALSE,FALSE,syntax_only,FALSE,2012,2015
doi:10.7910/DVN/OOIEAO,TRUE,FALSE,TRUE,syntax_only,TRUE,2018,2018
doi:10.7910/DVN/OOLBO9,TRUE,FALSE,TRUE,syntax_only,TRUE,2019,2019
doi:10.7910/DVN/OOLFGP,FALSE,FALSE,FALSE,syntax_only,FALSE,2017,2017
doi:10.7910/DVN/ORRRTW,TRUE,FALSE,TRUE,syntax_only,TRUE,2023,2023
doi:10.7910/DVN/OSJD7T,FALSE,FALSE,TRUE,syntax_only,TRUE,2023,2023
doi:10.7910/DVN/OWVXUD,TRUE,FALSE,TRUE,syntax_only,TRUE,2021,2021
doi:10.7910/DVN/OX5CZF,FALSE,FALSE,FALSE,syntax_only,FALSE,2015,2015
doi:10.7910/DVN/OXGMLI,FALSE,FALSE,TRUE,syntax_only,TRUE,2022,2022
doi:10.7910/DVN/OXSQMU,TRUE,FALSE,FALSE,syntax_only,TRUE,2022,2022
doi:10.7910/DVN/OYIAYK,FALSE,FALSE,TRUE,syntax_only,TRUE,2020,2020
doi:10.7910/DVN/P1PEGO,FALSE,FALSE,FALSE,syntax_only,FALSE,2018,2018
doi:10.7910/DVN/P1TL97,FALSE,FALSE,TRUE,syntax_only,TRUE,2024,2024
doi:10.7910/DVN/P2U84B,TRUE,FALSE,TRUE,syntax_only,TRUE,2024,2024
doi:10.7910/DVN/P3RXDM,TRUE,FALSE,TRUE,syntax_only,TRUE,2020,2020
doi:10.7910/DVN/P3XVFO,FALSE,FALSE,TRUE,syntax_only,TRUE,2021,2021
doi:10.7910/DVN/P5TAFD,TRUE,FALSE,TRUE,syntax_only,TRUE,2020,2020
doi:10.7910/DVN/P6N636,FALSE,FALSE,FALSE,syntax_only,FALSE,2021,2021
doi:10.7910/DVN/P7NAJW,TRUE,FALSE,TRUE,syntax_only,TRUE,2020,2020
doi:10.7910/DVN/PATI3W,TRUE,FALSE,TRUE,syntax_only,TRUE,2022,2022
doi:10.7910/DVN/PB8X8P,TRUE,FALSE,TRUE,syntax_only,TRUE,2018,2018
doi:10.7910/DVN/PBHNHR,TRUE,FALSE,TRUE,syntax_only,TRUE,2020,2020
doi:10.7910/DVN/PBQRGQ,FALSE,FALSE,TRUE,syntax_only,TRUE,2019,2019
doi:10.7910/DVN/PEHPBY,TRUE,FALSE,TRUE,syntax_only,TRUE,2020,2020
doi:10.7910/DVN/PENDX4,TRUE,FALSE,TRUE,syntax_only,TRUE,2017,2017
doi:10.7910/DVN/PGCVDP,FALSE,FALSE,TRUE,syntax_only,TRUE,2017,2017
doi:10.7910/DVN/PGFOXW,FALSE,FALSE,TRUE,syntax_only,TRUE,2019,2019
doi:10.7910/DVN/PGGBB4,TRUE,FALSE,TRUE,syntax_only,TRUE,2019,2021
doi:10.7910/DVN/PGGT4N,TRUE,FALSE,TRUE,syntax_only,TRUE,2024,2024
doi:10.7910/DVN/PGNYUJ,TRUE,FALSE,FALSE,syntax_only,TRUE,2021,2021
doi:10.7910/DVN/PIBK5I,TRUE,FALSE,TRUE,syntax_only,TRUE,2024,2024
doi:10.7910/DVN/PIMURE,FALSE,FALSE,FALSE,syntax_only,FALSE,2020,2020
doi:10.7910/DVN/PKI60Z,FALSE,FALSE,TRUE,syntax_only,TRUE,2022,2022
doi:10.7910/DVN/PL2XFD,TRUE,FALSE,TRUE,syntax_only,TRUE,2017,2017
doi:10.7910/DVN/PLKWUL,FALSE,FALSE,TRUE,syntax_only,TRUE,2024,2024
doi:10.7910/DVN/PLLBQJ,FALSE,FALSE,TRUE,syntax_only,TRUE,2016,2016
doi:10.7910/DVN/PLZ9LJ,FALSE,FALSE,TRUE,syntax_only,TRUE,2022,2022
doi:10.7910/DVN/PMYBBM,TRUE,FALSE,FALSE,syntax_only,TRUE,2020,2020
doi:10.7910/DVN/PNYG29,FALSE,FALSE,TRUE,syntax_only,TRUE,2021,2021
doi:10.7910/DVN/PNYLIY,FALSE,FALSE,FALSE,syntax_only,FALSE,2018,2018
doi:10.7910/DVN/POMIFD,FALSE,FALSE,TRUE,syntax_only,TRUE,2022,2022
doi:10.7910/DVN/PORBIU,FALSE,FALSE,FALSE,syntax_only,FALSE,2022,2022
doi:10.7910/DVN/PPVWIG,TRUE,FALSE,TRUE,syntax_only,TRUE,2024,2024
doi:10.7910/DVN/PRYYZ5,FALSE,FALSE,TRUE,syntax_only,TRUE,2023,2023
doi:10.7910/DVN/PSSLAC,TRUE,FALSE,TRUE,syntax_only,TRUE,2021,2021
doi:10.7910/DVN/PTHMQU,TRUE,FALSE,TRUE,syntax_only,TRUE,2021,2021
doi:10.7910/DVN/PTIERC,FALSE,FALSE,FALSE,syntax_only,FALSE,2016,2016
doi:10.7910/DVN/PTOYUX,TRUE,FALSE,FALSE,syntax_only,TRUE,2016,2016
doi:10.7910/DVN/PUIJIU,FALSE,FALSE,TRUE,syntax_only,TRUE,2019,2019
doi:10.7910/DVN/PUIROM,FALSE,FALSE,FALSE,syntax_only,FALSE,2019,2019
doi:10.7910/DVN/PWRN9K,FALSE,FALSE,FALSE,syntax_only,FALSE,2012,2015
doi:10.7910/DVN/PXIMVL,FALSE,FALSE,TRUE,syntax_only,TRUE,2020,2020
doi:10.7910/DVN/PXXUCO,TRUE,FALSE,TRUE,syntax_only,TRUE,2022,2022
doi:10.7910/DVN/PY0NKM,TRUE,FALSE,TRUE,syntax_only,TRUE,2024,2024
doi:10.7910/DVN/PYKLCA,FALSE,FALSE,TRUE,syntax_only,TRUE,2012,2015
doi:10.7910/DVN/PYWNTB,TRUE,FALSE,FALSE,syntax_only,TRUE,2015,2015
doi:10.7910/DVN/PZAOO6,FALSE,FALSE,TRUE,syntax_only,TRUE,2012,2015
doi:10.7910/DVN/PZHUFO,TRUE,FALSE,FALSE,syntax_only,TRUE,2023,2023
doi:10.7910/DVN/PZZB1Z,FALSE,FALSE,FALSE,syntax_only,FALSE,2023,2023
doi:10.7910/DVN/Q0CNZA,TRUE,FALSE,TRUE,syntax_only,TRUE,2020,2020
doi:10.7910/DVN/Q0XAPV,FALSE,FALSE,TRUE,syntax_only,TRUE,2015,2015
doi:10.7910/DVN/Q1WIDV,FALSE,FALSE,TRUE,syntax_only,TRUE,2022,2022
doi:10.7910/DVN/Q4VN7A,TRUE,FALSE,FALSE,syntax_only,TRUE,2021,2021
doi:10.7910/DVN/Q5M4UQ,FALSE,FALSE,TRUE,syntax_only,TRUE,2017,2017
doi:10.7910/DVN/Q5PRNX,FALSE,FALSE,TRUE,syntax_only,TRUE,2020,2020
doi:10.7910/DVN/Q5PV4U,TRUE,FALSE,TRUE,syntax_only,TRUE,2020,2020
doi:10.7910/DVN/Q7EXX4,TRUE,FALSE,FALSE,syntax_only,TRUE,2020,2020
doi:10.7910/DVN/Q7UV5W,TRUE,FALSE,TRUE,syntax_only,TRUE,2023,2023
doi:10.7910/DVN/Q8CSU8,FALSE,FALSE,FALSE,syntax_only,FALSE,2016,2016
doi:10.7910/DVN/Q8NRTS,FALSE,FALSE,TRUE,syntax_only,TRUE,2018,2018
doi:10.7910/DVN/Q92PMT,FALSE,FALSE,FALSE,syntax_only,FALSE,2016,2016
doi:10.7910/DVN/QAJQXP,TRUE,FALSE,FALSE,syntax_only,TRUE,2020,2020
doi:10.7910/DVN/QB1TUJ,TRUE,FALSE,FALSE,syntax_only,TRUE,2020,2020
doi:10.7910/DVN/QBHGRC,FALSE,FALSE,FALSE,syntax_only,FALSE,2018,2018
doi:10.7910/DVN/QBKXT3,TRUE,FALSE,TRUE,syntax_only,TRUE,2023,2023
doi:10.7910/DVN/QBNFFR,TRUE,FALSE,FALSE,syntax_only,TRUE,2020,2020
doi:10.7910/DVN/QBTECH,TRUE,FALSE,FALSE,syntax_only,TRUE,2019,2019
doi:10.7910/DVN/QC0RSU,FALSE,FALSE,FALSE,syntax_only,FALSE,2018,2018
doi:10.7910/DVN/QDPQUD,FALSE,FALSE,FALSE,syntax_only,FALSE,2016,2016
doi:10.7910/DVN/QDTLYV,FALSE,FALSE,TRUE,syntax_only,TRUE,2021,2021
doi:10.7910/DVN/QEMNP1,FALSE,FALSE,TRUE,syntax_only,TRUE,2020,2020
doi:10.7910/DVN/QEUF67,FALSE,FALSE,TRUE,syntax_only,TRUE,2022,2022
doi:10.7910/DVN/QG7FMX,TRUE,FALSE,TRUE,syntax_only,TRUE,2017,2017
doi:10.7910/DVN/QIA26P,FALSE,FALSE,TRUE,syntax_only,TRUE,2024,2024
doi:10.7910/DVN/QIH3D7,FALSE,FALSE,FALSE,syntax_only,FALSE,2023,2023
doi:10.7910/DVN/QINQ6H,TRUE,FALSE,TRUE,syntax_only,TRUE,2024,2024
doi:10.7910/DVN/QIWQWL,FALSE,FALSE,FALSE,syntax_only,FALSE,2020,2020
doi:10.7910/DVN/QJ9E9M,TRUE,FALSE,FALSE,syntax_only,TRUE,2018,2018
doi:10.7910/DVN/QKJHCI,FALSE,FALSE,TRUE,syntax_only,TRUE,2017,2017
doi:10.7910/DVN/QLTFXN,FALSE,FALSE,TRUE,syntax_only,TRUE,2024,2024
doi:10.7910/DVN/QM15HX,FALSE,FALSE,TRUE,syntax_only,TRUE,2020,2020
doi:10.7910/DVN/QNCRWS,FALSE,FALSE,FALSE,syntax_only,FALSE,2019,2019
doi:10.7910/DVN/QNG2V0,FALSE,FALSE,FALSE,syntax_only,FALSE,2021,2021
doi:10.7910/DVN/QNMUA1,FALSE,FALSE,TRUE,syntax_only,TRUE,2018,2018
doi:10.7910/DVN/QO6EMT,FALSE,FALSE,TRUE,syntax_only,TRUE,2017,2017
doi:10.7910/DVN/QOVWMM,TRUE,FALSE,TRUE,syntax_only,TRUE,2021,2021
doi:10.7910/DVN/QOVXPR,FALSE,FALSE,TRUE,syntax_only,TRUE,2023,2023
doi:10.7910/DVN/QQ2FV9,TRUE,FALSE,TRUE,syntax_only,TRUE,2020,2020
doi:10.7910/DVN/QQ69RH,TRUE,FALSE,TRUE,syntax_only,TRUE,2012,2015
doi:10.7910/DVN/QQBARG,TRUE,FALSE,TRUE,syntax_only,TRUE,2017,2017
doi:10.7910/DVN/QQENMZ,FALSE,FALSE,FALSE,syntax_only,FALSE,2016,2016
doi:10.7910/DVN/QQKR3F,TRUE,FALSE,TRUE,syntax_only,TRUE,2023,2023
doi:10.7910/DVN/QR1EIR,TRUE,FALSE,FALSE,syntax_only,TRUE,2022,2022
doi:10.7910/DVN/QR73H6,FALSE,FALSE,TRUE,syntax_only,TRUE,2016,2016
doi:10.7910/DVN/QRAUDJ,TRUE,FALSE,TRUE,syntax_only,TRUE,2024,2024
doi:10.7910/DVN/QSXDUN,TRUE,FALSE,TRUE,syntax_only,TRUE,2017,2017
doi:10.7910/DVN/QTCNQD,FALSE,FALSE,FALSE,syntax_only,FALSE,2024,2024
doi:10.7910/DVN/QTG6FQ,FALSE,FALSE,TRUE,syntax_only,TRUE,2016,2016
doi:10.7910/DVN/QTJGR5,TRUE,FALSE,FALSE,syntax_only,TRUE,2021,2021
doi:10.7910/DVN/QTMOVG,FALSE,FALSE,FALSE,syntax_only,FALSE,2020,2020
doi:10.7910/DVN/QTOIQF,FALSE,FALSE,TRUE,syntax_only,TRUE,2019,2019
doi:10.7910/DVN/QTUF6D,FALSE,FALSE,TRUE,syntax_only,TRUE,2021,2021
doi:10.7910/DVN/QU3YES,FALSE,FALSE,TRUE,syntax_only,TRUE,2023,2023
doi:10.7910/DVN/QUHIIE,TRUE,FALSE,TRUE,syntax_only,TRUE,2015,2015
doi:10.7910/DVN/QUZ2BN,FALSE,FALSE,TRUE,syntax_only,TRUE,2020,2020
doi:10.7910/DVN/QV7AJH,TRUE,FALSE,FALSE,syntax_only,TRUE,2017,2017
doi:10.7910/DVN/QVLR1C,TRUE,FALSE,FALSE,syntax_only,TRUE,2020,2020
doi:10.7910/DVN/QWLGGN,FALSE,FALSE,TRUE,syntax_only,TRUE,2019,2019
doi:10.7910/DVN/QWSLYN,FALSE,FALSE,TRUE,syntax_only,TRUE,2023,2023
doi:10.7910/DVN/QXJDJ5,FALSE,FALSE,TRUE,syntax_only,TRUE,2020,2020
doi:10.7910/DVN/QYG8ZI,TRUE,FALSE,TRUE,syntax_only,TRUE,2019,2019
doi:10.7910/DVN/QYZGEI,TRUE,FALSE,TRUE,syntax_only,TRUE,2021,2021
doi:10.7910/DVN/QZNGVJ,FALSE,FALSE,TRUE,syntax_only,TRUE,2019,2019
doi:10.7910/DVN/R0FXPH,TRUE,FALSE,FALSE,syntax_only,TRUE,2020,2020
doi:10.7910/DVN/R163AN,TRUE,FALSE,TRUE,syntax_only,TRUE,2017,2017
doi:10.7910/DVN/R1S5RP,TRUE,FALSE,TRUE,syntax_only,TRUE,2024,2024
doi:10.7910/DVN/R27ULT,FALSE,FALSE,FALSE,syntax_only,FALSE,2020,2020
doi:10.7910/DVN/R2NKL3,TRUE,FALSE,TRUE,syntax_only,TRUE,2024,2024
doi:10.7910/DVN/R3GZZW,TRUE,FALSE,TRUE,syntax_only,TRUE,2017,2020
doi:10.7910/DVN/R3XPEJ,TRUE,FALSE,TRUE,syntax_only,TRUE,2022,2022
doi:10.7910/DVN/R4USRU,TRUE,FALSE,TRUE,syntax_only,TRUE,2023,2023
doi:10.7910/DVN/R677HD,FALSE,FALSE,FALSE,syntax_only,FALSE,2017,2017
doi:10.7910/DVN/R8TUOQ,TRUE,FALSE,FALSE,syntax_only,TRUE,2021,2021
doi:10.7910/DVN/RAMHWP,TRUE,FALSE,TRUE,syntax_only,TRUE,2017,2017
doi:10.7910/DVN/RCINPF,FALSE,FALSE,FALSE,syntax_only,FALSE,2016,2016
doi:10.7910/DVN/RCT2YX,FALSE,FALSE,TRUE,syntax_only,TRUE,2022,2022
doi:10.7910/DVN/RDIJQC,FALSE,FALSE,TRUE,syntax_only,TRUE,2020,2020
doi:10.7910/DVN/RDU9JR,TRUE,FALSE,TRUE,syntax_only,TRUE,2022,2022
doi:10.7910/DVN/REXZ8H,TRUE,FALSE,TRUE,syntax_only,TRUE,2020,2020
doi:10.7910/DVN/RFECVH,TRUE,FALSE,TRUE,syntax_only,TRUE,2019,2019
doi:10.7910/DVN/RFYOH6,FALSE,FALSE,TRUE,syntax_only,TRUE,2019,2019
doi:10.7910/DVN/RHM7HX,FALSE,FALSE,TRUE,syntax_only,TRUE,2023,2023
doi:10.7910/DVN/RHPSZD,FALSE,FALSE,TRUE,syntax_only,TRUE,2021,2021
doi:10.7910/DVN/RIOEAY,TRUE,FALSE,FALSE,syntax_only,TRUE,2015,2015
doi:10.7910/DVN/RIXENU,FALSE,FALSE,TRUE,syntax_only,TRUE,2021,2021
doi:10.7910/DVN/RJ97IG,FALSE,FALSE,TRUE,syntax_only,TRUE,2023,2023
doi:10.7910/DVN/RJAUNW,FALSE,FALSE,TRUE,syntax_only,TRUE,2016,2016
doi:10.7910/DVN/RJKIUP,FALSE,FALSE,TRUE,syntax_only,TRUE,2020,2020
doi:10.7910/DVN/RJL2DK,TRUE,FALSE,FALSE,syntax_only,TRUE,2019,2019
doi:10.7910/DVN/RJY34I,TRUE,FALSE,TRUE,syntax_only,TRUE,2022,2022
doi:10.7910/DVN/RK5GOH,TRUE,FALSE,TRUE,syntax_only,TRUE,2023,2023
doi:10.7910/DVN/RK66RN,FALSE,FALSE,TRUE,syntax_only,TRUE,2022,2022
doi:10.7910/DVN/RKMKXU,FALSE,FALSE,TRUE,syntax_only,TRUE,2022,2022
doi:10.7910/DVN/RKNNVL,FALSE,FALSE,TRUE,syntax_only,TRUE,2023,2023
doi:10.7910/DVN/RKQEJD,FALSE,FALSE,FALSE,syntax_only,FALSE,2017,2017
doi:10.7910/DVN/RKUZT3,TRUE,FALSE,FALSE,syntax_only,TRUE,2022,2022
doi:10.7910/DVN/RKV5ZI,TRUE,FALSE,TRUE,syntax_only,TRUE,2024,2024
doi:10.7910/DVN/RL5N9Y,FALSE,TRUE,TRUE,syntax_only,TRUE,2024,2024
doi:10.7910/DVN/RLLL1V,FALSE,FALSE,TRUE,syntax_only,TRUE,2019,2019
doi:10.7910/DVN/RM7VAL,TRUE,FALSE,FALSE,syntax_only,TRUE,2021,2021
doi:10.7910/DVN/RMFLKR,FALSE,FALSE,TRUE,syntax_only,TRUE,2022,2022
doi:10.7910/DVN/RMHOHL,TRUE,FALSE,TRUE,syntax_only,TRUE,2016,2016
doi:10.7910/DVN/RO1YK7,FALSE,FALSE,FALSE,syntax_only,FALSE,2021,2021
doi:10.7910/DVN/ROFNV2,FALSE,FALSE,FALSE,syntax_only,FALSE,2015,2018
doi:10.7910/DVN/ROLEY5,FALSE,FALSE,FALSE,syntax_only,FALSE,2018,2018
doi:10.7910/DVN/ROUWNS,FALSE,FALSE,TRUE,syntax_only,TRUE,2018,2018
doi:10.7910/DVN/RP8Z94,TRUE,FALSE,FALSE,syntax_only,TRUE,2019,2019
doi:10.7910/DVN/RPD7KA,FALSE,FALSE,TRUE,syntax_only,TRUE,2015,2015
doi:10.7910/DVN/RQE9SO,TRUE,FALSE,FALSE,syntax_only,TRUE,2021,2021
doi:10.7910/DVN/RQNVFW,FALSE,FALSE,FALSE,syntax_only,FALSE,2022,2022
doi:10.7910/DVN/RQZWE6,TRUE,FALSE,TRUE,syntax_only,TRUE,2019,2019
doi:10.7910/DVN/RRBPUD,TRUE,FALSE,TRUE,syntax_only,TRUE,2019,2019
doi:10.7910/DVN/RRV0JZ,FALSE,FALSE,TRUE,syntax_only,TRUE,2021,2021
doi:10.7910/DVN/RSD5BV,FALSE,FALSE,FALSE,syntax_only,FALSE,2017,2017
doi:10.7910/DVN/RSSRRV,TRUE,FALSE,FALSE,syntax_only,TRUE,2020,2020
doi:10.7910/DVN/RTGDFW,TRUE,FALSE,TRUE,syntax_only,TRUE,2022,2022
doi:10.7910/DVN/RTJ38N,TRUE,FALSE,FALSE,syntax_only,TRUE,2016,2016
doi:10.7910/DVN/RUQ2KP,TRUE,FALSE,FALSE,syntax_only,TRUE,2018,2018
doi:10.7910/DVN/RVV8SD,FALSE,FALSE,TRUE,syntax_only,TRUE,2022,2022
doi:10.7910/DVN/RW10GZ,TRUE,FALSE,TRUE,syntax_only,TRUE,2017,2017
doi:10.7910/DVN/RWPSHO,TRUE,FALSE,TRUE,syntax_only,TRUE,2022,2022
doi:10.7910/DVN/RXA4JB,TRUE,FALSE,FALSE,syntax_only,TRUE,2021,2021
doi:10.7910/DVN/RXOZEZ,TRUE,FALSE,TRUE,syntax_only,TRUE,2024,2024
doi:10.7910/DVN/RXXQSQ,TRUE,FALSE,TRUE,syntax_only,TRUE,2019,2019
doi:10.7910/DVN/RYKJKS,FALSE,FALSE,FALSE,syntax_only,FALSE,2018,2018
doi:10.7910/DVN/RYNSDG,FALSE,FALSE,TRUE,syntax_only,TRUE,2018,2018
doi:10.7910/DVN/RZVMJW,TRUE,TRUE,TRUE,syntax_only,TRUE,2022,2022
doi:10.7910/DVN/S1EUAF,TRUE,FALSE,TRUE,syntax_only,TRUE,2020,2020
doi:10.7910/DVN/S2Y1PA,TRUE,FALSE,TRUE,syntax_only,TRUE,2018,2018
doi:10.7910/DVN/S3CGUV,TRUE,FALSE,FALSE,syntax_only,TRUE,2022,2022
doi:10.7910/DVN/S3HACJ,TRUE,FALSE,TRUE,syntax_only,TRUE,2020,2020
doi:10.7910/DVN/S3M5AX,FALSE,FALSE,FALSE,syntax_only,FALSE,2021,2021
doi:10.7910/DVN/S5YMS7,TRUE,FALSE,TRUE,syntax_only,TRUE,2021,2021
doi:10.7910/DVN/S61MIY,TRUE,FALSE,FALSE,syntax_only,TRUE,2023,2023
doi:10.7910/DVN/S8LSKA,TRUE,FALSE,TRUE,syntax_only,TRUE,2021,2021
doi:10.7910/DVN/S9MIJU,TRUE,FALSE,FALSE,syntax_only,TRUE,2016,2016
doi:10.7910/DVN/SBOMZD,TRUE,FALSE,TRUE,syntax_only,TRUE,2018,2018
doi:10.7910/DVN/SDSUQG,TRUE,FALSE,TRUE,syntax_only,TRUE,2024,2024
doi:10.7910/DVN/SDUGCC,FALSE,FALSE,TRUE,syntax_only,TRUE,2015,2015
doi:10.7910/DVN/SDXJUV,TRUE,FALSE,TRUE,syntax_only,TRUE,2018,2018
doi:10.7910/DVN/SEHMGR,TRUE,FALSE,FALSE,syntax_only,TRUE,2018,2018
doi:10.7910/DVN/SEOCQ0,TRUE,FALSE,TRUE,syntax_only,TRUE,2019,2019
doi:10.7910/DVN/SEXLPX,FALSE,FALSE,FALSE,syntax_only,FALSE,2017,2017
doi:10.7910/DVN/SFBX6Z,FALSE,FALSE,FALSE,syntax_only,FALSE,2018,2018
doi:10.7910/DVN/SFTMNO,TRUE,FALSE,TRUE,syntax_only,TRUE,2018,2018
doi:10.7910/DVN/SG55BJ,FALSE,FALSE,FALSE,syntax_only,FALSE,2022,2022
doi:10.7910/DVN/SHYPDU,FALSE,FALSE,FALSE,syntax_only,FALSE,2023,2023
doi:10.7910/DVN/SI0NQF,FALSE,FALSE,TRUE,syntax_only,TRUE,2022,2022
doi:10.7910/DVN/SIHBRN,FALSE,FALSE,FALSE,syntax_only,FALSE,2021,2021
doi:10.7910/DVN/SIUR6A,TRUE,FALSE,TRUE,syntax_only,TRUE,2017,2017
doi:10.7910/DVN/SJ8ER9,FALSE,FALSE,TRUE,syntax_only,TRUE,2017,2018
doi:10.7910/DVN/SJBWC3,TRUE,FALSE,TRUE,syntax_only,TRUE,2017,2017
doi:10.7910/DVN/SJI4IA,TRUE,FALSE,TRUE,syntax_only,TRUE,2018,2018
doi:10.7910/DVN/SJJ158,FALSE,FALSE,TRUE,syntax_only,TRUE,2016,2016
doi:10.7910/DVN/SK8AGA,FALSE,FALSE,TRUE,syntax_only,TRUE,2015,2015
doi:10.7910/DVN/SKKYFB,FALSE,FALSE,FALSE,syntax_only,FALSE,2024,2024
doi:10.7910/DVN/SKPPLH,FALSE,FALSE,TRUE,syntax_only,TRUE,2019,2019
doi:10.7910/DVN/SLNPAB,FALSE,FALSE,TRUE,syntax_only,TRUE,2023,2023
doi:10.7910/DVN/SLWCLZ,TRUE,FALSE,TRUE,syntax_only,TRUE,2021,2021
doi:10.7910/DVN/SLXRVJ,FALSE,FALSE,TRUE,syntax_only,TRUE,2020,2020
doi:10.7910/DVN/SMLV5D,FALSE,FALSE,TRUE,syntax_only,TRUE,2018,2018
doi:10.7910/DVN/SNG5BW,FALSE,FALSE,FALSE,syntax_only,FALSE,2024,2024
doi:10.7910/DVN/SNQG8P,TRUE,FALSE,TRUE,syntax_only,TRUE,2017,2017
doi:10.7910/DVN/SNW8PV,FALSE,FALSE,FALSE,syntax_only,FALSE,2018,2018
doi:10.7910/DVN/SOQH9L,FALSE,FALSE,TRUE,syntax_only,TRUE,2018,2018
doi:10.7910/DVN/SPXP04,TRUE,FALSE,FALSE,syntax_only,TRUE,2015,2015
doi:10.7910/DVN/SQH6IF,FALSE,FALSE,TRUE,syntax_only,TRUE,2018,2018
doi:10.7910/DVN/SQSTSC,TRUE,FALSE,TRUE,syntax_only,TRUE,2024,2024
doi:10.7910/DVN/SQTQBA,FALSE,FALSE,FALSE,syntax_only,FALSE,2022,2022
doi:10.7910/DVN/SR0NMB,FALSE,FALSE,TRUE,syntax_only,TRUE,2016,2016
doi:10.7910/DVN/SRLERE,FALSE,FALSE,FALSE,syntax_only,FALSE,2013,2015
doi:10.7910/DVN/SRPTCV,FALSE,FALSE,TRUE,syntax_only,TRUE,2017,2017
doi:10.7910/DVN/SS0UEI,TRUE,FALSE,TRUE,syntax_only,TRUE,2021,2021
doi:10.7910/DVN/SSEN5A,FALSE,FALSE,TRUE,syntax_only,TRUE,2019,2019
doi:10.7910/DVN/SSVE5E,FALSE,FALSE,FALSE,syntax_only,FALSE,2024,2024
doi:10.7910/DVN/STOQ1Q,TRUE,FALSE,TRUE,syntax_only,TRUE,2016,2016
doi:10.7910/DVN/STXADQ,TRUE,FALSE,TRUE,syntax_only,TRUE,2019,2019
doi:10.7910/DVN/SU3R6Y,TRUE,FALSE,FALSE,syntax_only,TRUE,2024,2024
doi:10.7910/DVN/SUCNTD,TRUE,FALSE,TRUE,syntax_only,TRUE,2024,2024
doi:10.7910/DVN/SUKHMB,TRUE,FALSE,TRUE,syntax_only,TRUE,2021,2021
doi:10.7910/DVN/SUPM3R,TRUE,FALSE,TRUE,syntax_only,TRUE,2016,2016
doi:10.7910/DVN/SUQC9N,TRUE,FALSE,TRUE,syntax_only,TRUE,2018,2018
doi:10.7910/DVN/SURSEO,FALSE,FALSE,FALSE,syntax_only,FALSE,2016,2016
doi:10.7910/DVN/SWHIKY,TRUE,TRUE,FALSE,syntax_only,TRUE,2022,2022
doi:10.7910/DVN/SXFB9E,FALSE,FALSE,FALSE,syntax_only,FALSE,2019,2019
doi:10.7910/DVN/SXG7BF,FALSE,FALSE,FALSE,syntax_only,FALSE,2018,2018
doi:10.7910/DVN/SYFWXB,FALSE,FALSE,TRUE,syntax_only,TRUE,2024,2024
doi:10.7910/DVN/SYSOPW,FALSE,FALSE,FALSE,syntax_only,FALSE,2016,2016
doi:10.7910/DVN/SYYMJ0,TRUE,FALSE,FALSE,syntax_only,TRUE,2019,2019
doi:10.7910/DVN/SZ3K77,TRUE,FALSE,TRUE,syntax_only,TRUE,2022,2022
doi:10.7910/DVN/SZ9YXZ,FALSE,FALSE,TRUE,syntax_only,TRUE,2019,2021
doi:10.7910/DVN/SZFCUJ,TRUE,FALSE,TRUE,syntax_only,TRUE,2024,2024
doi:10.7910/DVN/SZK4NF,FALSE,FALSE,TRUE,syntax_only,TRUE,2013,2015
doi:10.7910/DVN/T0R1GE,FALSE,FALSE,TRUE,syntax_only,TRUE,2021,2021
doi:10.7910/DVN/T0UKCN,FALSE,FALSE,TRUE,syntax_only,TRUE,2024,2024
doi:10.7910/DVN/T17S0X,FALSE,FALSE,FALSE,syntax_only,FALSE,2017,2017
doi:10.7910/DVN/T1NXVQ,FALSE,FALSE,TRUE,syntax_only,TRUE,2023,2023
doi:10.7910/DVN/T1TELH,TRUE,FALSE,TRUE,syntax_only,TRUE,2018,2018
doi:10.7910/DVN/T1WGWG,FALSE,FALSE,TRUE,syntax_only,TRUE,2012,2015
doi:10.7910/DVN/T21M2M,FALSE,FALSE,TRUE,syntax_only,TRUE,2019,2019
doi:10.7910/DVN/T5DKRO,TRUE,FALSE,FALSE,syntax_only,TRUE,2017,2017
doi:10.7910/DVN/T5LYWS,FALSE,FALSE,FALSE,syntax_only,FALSE,2022,2022
doi:10.7910/DVN/T8OYHT,TRUE,FALSE,TRUE,syntax_only,TRUE,2019,2019
doi:10.7910/DVN/T8VCOF,FALSE,FALSE,FALSE,syntax_only,FALSE,2018,2018
doi:10.7910/DVN/T9AEBN,TRUE,FALSE,FALSE,syntax_only,TRUE,2021,2021
doi:10.7910/DVN/T9WESH,TRUE,FALSE,TRUE,syntax_only,TRUE,2017,2017
doi:10.7910/DVN/TA1T4V,FALSE,FALSE,FALSE,syntax_only,FALSE,2022,2022
doi:10.7910/DVN/TBMFDA,TRUE,FALSE,TRUE,syntax_only,TRUE,2023,2023
doi:10.7910/DVN/TE1YA6,FALSE,FALSE,TRUE,syntax_only,TRUE,2021,2021
doi:10.7910/DVN/TE9U5S,FALSE,FALSE,FALSE,syntax_only,FALSE,2022,2022
doi:10.7910/DVN/TEPAK4,FALSE,FALSE,TRUE,syntax_only,TRUE,2021,2021
doi:10.7910/DVN/TEPRY2,TRUE,FALSE,TRUE,syntax_only,TRUE,2023,2023
doi:10.7910/DVN/TEQYCH,FALSE,FALSE,TRUE,syntax_only,TRUE,2023,2023
doi:10.7910/DVN/TFCBSD,FALSE,FALSE,TRUE,syntax_only,TRUE,2021,2021
doi:10.7910/DVN/TFQ2UK,TRUE,FALSE,FALSE,syntax_only,TRUE,2021,2021
doi:10.7910/DVN/TGJQUL,TRUE,FALSE,TRUE,syntax_only,TRUE,2021,2021
doi:10.7910/DVN/THBT8N,TRUE,FALSE,FALSE,syntax_only,TRUE,2024,2024
doi:10.7910/DVN/THU75A,TRUE,FALSE,TRUE,syntax_only,TRUE,2022,2022
doi:10.7910/DVN/THYJ8J,FALSE,FALSE,TRUE,syntax_only,TRUE,2023,2023
doi:10.7910/DVN/TIXGF8,TRUE,FALSE,FALSE,syntax_only,TRUE,2016,2016
doi:10.7910/DVN/TJ1ZXX,TRUE,FALSE,FALSE,syntax_only,TRUE,2018,2018
doi:10.7910/DVN/TJAISA,TRUE,FALSE,TRUE,syntax_only,TRUE,2023,2023
doi:10.7910/DVN/TJK8QV,FALSE,FALSE,FALSE,syntax_only,FALSE,2022,2022
doi:10.7910/DVN/TJKIWN,TRUE,FALSE,FALSE,syntax_only,TRUE,2017,2017
doi:10.7910/DVN/TKLSNE,TRUE,FALSE,TRUE,syntax_only,TRUE,2023,2023
doi:10.7910/DVN/TKU9WH,TRUE,FALSE,TRUE,syntax_only,TRUE,2017,2017
doi:10.7910/DVN/TL0PZD,FALSE,FALSE,TRUE,syntax_only,TRUE,2020,2020
doi:10.7910/DVN/TLBBUX,FALSE,FALSE,TRUE,syntax_only,TRUE,2017,2017
doi:10.7910/DVN/TLT65Z,FALSE,FALSE,FALSE,syntax_only,FALSE,2013,2015
doi:10.7910/DVN/TM8ZDB,TRUE,FALSE,TRUE,syntax_only,TRUE,2024,2024
doi:10.7910/DVN/TMJWIA,TRUE,FALSE,TRUE,syntax_only,TRUE,2022,2022
doi:10.7910/DVN/TMTCZD,FALSE,FALSE,TRUE,syntax_only,TRUE,2015,2015
doi:10.7910/DVN/TNFDDX,TRUE,FALSE,TRUE,syntax_only,TRUE,2020,2020
doi:10.7910/DVN/TNQ7EI,TRUE,FALSE,FALSE,syntax_only,TRUE,2022,2022
doi:10.7910/DVN/TNWENH,TRUE,FALSE,TRUE,syntax_only,TRUE,2017,2017
doi:10.7910/DVN/TNXRNM,FALSE,FALSE,FALSE,syntax_only,FALSE,2021,2021
doi:10.7910/DVN/TOP7OV,FALSE,FALSE,FALSE,syntax_only,FALSE,2020,2020
doi:10.7910/DVN/TPGPCR,FALSE,FALSE,FALSE,syntax_only,FALSE,2018,2018
doi:10.7910/DVN/TPZPIO,FALSE,FALSE,TRUE,syntax_only,TRUE,2020,2020
doi:10.7910/DVN/TQ9TK1,TRUE,FALSE,TRUE,syntax_only,TRUE,2019,2019
doi:10.7910/DVN/TR4OUK,TRUE,FALSE,FALSE,syntax_only,TRUE,2017,2017
doi:10.7910/DVN/TR9NAB,TRUE,FALSE,TRUE,syntax_only,TRUE,2020,2020
doi:10.7910/DVN/TRIEF2,TRUE,FALSE,TRUE,syntax_only,TRUE,2019,2019
doi:10.7910/DVN/TRLSJA,FALSE,FALSE,TRUE,syntax_only,TRUE,2020,2020
doi:10.7910/DVN/TS4XRA,TRUE,FALSE,TRUE,syntax_only,TRUE,2021,2021
doi:10.7910/DVN/TTE3SQ,FALSE,FALSE,FALSE,syntax_only,FALSE,2018,2018
doi:10.7910/DVN/TTK06U,TRUE,FALSE,FALSE,syntax_only,TRUE,2018,2018
doi:10.7910/DVN/TTPEOE,TRUE,FALSE,TRUE,syntax_only,TRUE,2022,2022
doi:10.7910/DVN/TUSXIG,TRUE,FALSE,TRUE,syntax_only,TRUE,2020,2020
doi:10.7910/DVN/TVI1AR,FALSE,FALSE,TRUE,syntax_only,TRUE,2022,2022
doi:10.7910/DVN/TVZQG6,TRUE,FALSE,TRUE,syntax_only,TRUE,2018,2018
doi:10.7910/DVN/TW5FHR,TRUE,FALSE,TRUE,syntax_only,TRUE,2013,2015
doi:10.7910/DVN/TWDSBW,FALSE,FALSE,TRUE,syntax_only,TRUE,2017,2017
doi:10.7910/DVN/TWVXKZ,TRUE,FALSE,TRUE,syntax_only,TRUE,2019,2019
doi:10.7910/DVN/TXFTKV,FALSE,FALSE,TRUE,syntax_only,TRUE,2019,2019
doi:10.7910/DVN/TYIVYZ,FALSE,FALSE,FALSE,syntax_only,FALSE,2016,2016
doi:10.7910/DVN/TYJFQD,TRUE,FALSE,TRUE,syntax_only,TRUE,2021,2021
doi:10.7910/DVN/TYNEDE,FALSE,FALSE,TRUE,syntax_only,TRUE,2021,2021
doi:10.7910/DVN/TZ9PSJ,TRUE,FALSE,TRUE,syntax_only,TRUE,2023,2023
doi:10.7910/DVN/TZVDUQ,FALSE,FALSE,TRUE,syntax_only,TRUE,2022,2022
doi:10.7910/DVN/U07SDB,TRUE,FALSE,FALSE,syntax_only,TRUE,2019,2019
doi:10.7910/DVN/U090WG,TRUE,FALSE,FALSE,syntax_only,TRUE,2024,2024
doi:10.7910/DVN/U1CB0K,TRUE,FALSE,FALSE,syntax_only,TRUE,2017,2017
doi:10.7910/DVN/U2591T,FALSE,FALSE,TRUE,syntax_only,TRUE,2024,2024
doi:10.7910/DVN/U4ND12,TRUE,FALSE,TRUE,syntax_only,TRUE,2023,2023
doi:10.7910/DVN/U56Z43,FALSE,FALSE,TRUE,syntax_only,TRUE,2022,2022
doi:10.7910/DVN/U5IESG,FALSE,FALSE,TRUE,syntax_only,TRUE,2022,2022
doi:10.7910/DVN/U6EC8N,FALSE,FALSE,TRUE,syntax_only,TRUE,2020,2020
doi:10.7910/DVN/UA9G8U,FALSE,FALSE,TRUE,syntax_only,TRUE,2013,2015
doi:10.7910/DVN/UAWGPU,FALSE,FALSE,TRUE,syntax_only,TRUE,2016,2016
doi:10.7910/DVN/UBU601,TRUE,FALSE,TRUE,syntax_only,TRUE,2024,2024
doi:10.7910/DVN/UCRHWN,FALSE,FALSE,FALSE,syntax_only,FALSE,2016,2016
doi:10.7910/DVN/UDUJEI,FALSE,FALSE,TRUE,syntax_only,TRUE,2013,2015
doi:10.7910/DVN/UDVEXN,TRUE,FALSE,TRUE,syntax_only,TRUE,2016,2016
doi:10.7910/DVN/UE1JXM,FALSE,FALSE,FALSE,syntax_only,FALSE,2015,2015
doi:10.7910/DVN/UEARI0,FALSE,FALSE,TRUE,syntax_only,TRUE,2020,2020
doi:10.7910/DVN/UECUBY,FALSE,FALSE,TRUE,syntax_only,TRUE,2022,2022
doi:10.7910/DVN/UEOK3H,TRUE,FALSE,FALSE,syntax_only,TRUE,2019,2021
doi:10.7910/DVN/UEYVO1,TRUE,FALSE,TRUE,syntax_only,TRUE,2024,2024
doi:10.7910/DVN/UFNXMK,FALSE,FALSE,FALSE,syntax_only,FALSE,2016,2016
doi:10.7910/DVN/UFZTYU,FALSE,FALSE,TRUE,syntax_only,TRUE,2019,2019
doi:10.7910/DVN/UGI0MH,TRUE,FALSE,FALSE,syntax_only,TRUE,2021,2021
doi:10.7910/DVN/UHUK4P,TRUE,FALSE,FALSE,syntax_only,TRUE,2019,2019
doi:10.7910/DVN/UI3NTB,FALSE,FALSE,TRUE,syntax_only,TRUE,2023,2023
doi:10.7910/DVN/UIFXGX,TRUE,FALSE,TRUE,syntax_only,TRUE,2020,2020
doi:10.7910/DVN/UJN9C3,FALSE,FALSE,FALSE,syntax_only,FALSE,2015,2015
doi:10.7910/DVN/UJYEAD,TRUE,FALSE,TRUE,syntax_only,TRUE,2018,2018
doi:10.7910/DVN/ULTUUC,TRUE,FALSE,FALSE,syntax_only,TRUE,2017,2017
doi:10.7910/DVN/UM0ZOF,TRUE,FALSE,FALSE,syntax_only,TRUE,2020,2020
doi:10.7910/DVN/UMFJRG,TRUE,FALSE,FALSE,syntax_only,TRUE,2022,2022
doi:10.7910/DVN/UMIBSL,TRUE,FALSE,FALSE,syntax_only,TRUE,2015,2015
doi:10.7910/DVN/UMP7YP,FALSE,FALSE,TRUE,syntax_only,TRUE,2020,2020
doi:10.7910/DVN/UMSSKG,FALSE,FALSE,TRUE,syntax_only,TRUE,2019,2019
doi:10.7910/DVN/UN3KML,FALSE,FALSE,FALSE,syntax_only,FALSE,2020,2020
doi:10.7910/DVN/UNEBPY,TRUE,FALSE,TRUE,syntax_only,TRUE,2023,2023
doi:10.7910/DVN/UNWIHE,TRUE,FALSE,TRUE,syntax_only,TRUE,2018,2018
doi:10.7910/DVN/UOABFB,TRUE,FALSE,FALSE,syntax_only,TRUE,2017,2017
doi:10.7910/DVN/UPHCUE,FALSE,FALSE,TRUE,syntax_only,TRUE,2022,2022
doi:10.7910/DVN/UPSRNO,FALSE,FALSE,FALSE,syntax_only,FALSE,2015,2015
doi:10.7910/DVN/UQAIZI,TRUE,FALSE,TRUE,syntax_only,TRUE,2017,2017
doi:10.7910/DVN/UQDLUB,FALSE,FALSE,TRUE,syntax_only,TRUE,2023,2023
doi:10.7910/DVN/UQPIKX,FALSE,FALSE,TRUE,syntax_only,TRUE,2021,2021
doi:10.7910/DVN/UQVN70,FALSE,FALSE,FALSE,syntax_only,FALSE,2019,2019
doi:10.7910/DVN/URHLUO,FALSE,FALSE,FALSE,syntax_only,FALSE,2017,2017
doi:10.7910/DVN/USWU3O,TRUE,FALSE,TRUE,syntax_only,TRUE,2024,2024
doi:10.7910/DVN/USYADS,TRUE,FALSE,FALSE,syntax_only,TRUE,2023,2023
doi:10.7910/DVN/UTAP1V,FALSE,FALSE,FALSE,syntax_only,FALSE,2017,2017
doi:10.7910/DVN/UTHBDT,FALSE,FALSE,TRUE,syntax_only,TRUE,2022,2022
doi:10.7910/DVN/UTJGTF,TRUE,FALSE,TRUE,syntax_only,TRUE,2017,2017
doi:10.7910/DVN/UTPOTW,TRUE,FALSE,FALSE,syntax_only,TRUE,2020,2020
doi:10.7910/DVN/UTRXT7,TRUE,FALSE,FALSE,syntax_only,TRUE,2021,2021
doi:10.7910/DVN/UUDOS0,FALSE,FALSE,FALSE,syntax_only,FALSE,2022,2022
doi:10.7910/DVN/UV7ZPZ,FALSE,FALSE,FALSE,syntax_only,FALSE,2017,2017
doi:10.7910/DVN/UVANPR,FALSE,FALSE,TRUE,syntax_only,TRUE,2018,2018
doi:10.7910/DVN/UVFOWU,FALSE,FALSE,FALSE,syntax_only,FALSE,2021,2021
doi:10.7910/DVN/UW9NBY,FALSE,FALSE,TRUE,syntax_only,TRUE,2024,2024
doi:10.7910/DVN/UXB857,TRUE,FALSE,FALSE,syntax_only,TRUE,2023,2023
doi:10.7910/DVN/UY2GRM,TRUE,FALSE,TRUE,syntax_only,TRUE,2024,2024
doi:10.7910/DVN/UYWQ7U,FALSE,FALSE,FALSE,syntax_only,FALSE,2020,2020
doi:10.7910/DVN/UYXRI8,FALSE,FALSE,FALSE,syntax_only,FALSE,2019,2019
doi:10.7910/DVN/UZFWT7,FALSE,FALSE,FALSE,syntax_only,FALSE,2024,2024
doi:10.7910/DVN/UZSKZJ,FALSE,FALSE,TRUE,syntax_only,TRUE,2023,2023
doi:10.7910/DVN/V2HIVR,FALSE,FALSE,FALSE,syntax_only,FALSE,2015,2015
doi:10.7910/DVN/V3DHAS,TRUE,FALSE,TRUE,syntax_only,TRUE,2018,2018
doi:10.7910/DVN/V7SQRW,FALSE,FALSE,FALSE,syntax_only,FALSE,2017,2017
doi:10.7910/DVN/V83FXD,TRUE,FALSE,FALSE,syntax_only,TRUE,2019,2019
doi:10.7910/DVN/V8C2HB,TRUE,FALSE,TRUE,syntax_only,TRUE,2020,2020
doi:10.7910/DVN/V8U06V,TRUE,FALSE,TRUE,syntax_only,TRUE,2020,2020
doi:10.7910/DVN/V9QSWK,TRUE,FALSE,FALSE,syntax_only,TRUE,2017,2017
doi:10.7910/DVN/VA00ZI,FALSE,FALSE,TRUE,syntax_only,TRUE,2022,2022
doi:10.7910/DVN/VAY7ZQ,TRUE,FALSE,FALSE,syntax_only,TRUE,2017,2017
doi:10.7910/DVN/VBNCF2,TRUE,FALSE,FALSE,syntax_only,TRUE,2024,2024
doi:10.7910/DVN/VCE7KN,FALSE,FALSE,TRUE,syntax_only,TRUE,2020,2020
doi:10.7910/DVN/VDF4JW,TRUE,FALSE,TRUE,syntax_only,TRUE,2023,2023
doi:10.7910/DVN/VEFZXI,TRUE,FALSE,TRUE,syntax_only,TRUE,2024,2024
doi:10.7910/DVN/VEPHLS,TRUE,FALSE,FALSE,syntax_only,TRUE,2017,2022
doi:10.7910/DVN/VFBVRG,FALSE,FALSE,TRUE,syntax_only,TRUE,2020,2020
doi:10.7910/DVN/VG3UFZ,TRUE,FALSE,FALSE,syntax_only,TRUE,2019,2019
doi:10.7910/DVN/VGI93T,FALSE,FALSE,TRUE,syntax_only,TRUE,2015,2015
doi:10.7910/DVN/VGLBPX,FALSE,FALSE,TRUE,syntax_only,TRUE,2024,2024
doi:10.7910/DVN/VGWNP9,TRUE,FALSE,TRUE,syntax_only,TRUE,2019,2019
doi:10.7910/DVN/VHNHHN,FALSE,FALSE,TRUE,syntax_only,TRUE,2017,2017
doi:10.7910/DVN/VHNONI,FALSE,FALSE,TRUE,syntax_only,TRUE,2018,2018
doi:10.7910/DVN/VHNPUO,TRUE,FALSE,TRUE,syntax_only,TRUE,2021,2024
doi:10.7910/DVN/VIIPYQ,FALSE,FALSE,TRUE,syntax_only,TRUE,2024,2024
doi:10.7910/DVN/VINNTX,TRUE,FALSE,TRUE,syntax_only,TRUE,2023,2023
doi:10.7910/DVN/VIXZD1,FALSE,FALSE,TRUE,syntax_only,TRUE,2020,2020
doi:10.7910/DVN/VJLVYU,FALSE,FALSE,FALSE,syntax_only,FALSE,2019,2019
doi:10.7910/DVN/VJQIL1,FALSE,FALSE,FALSE,syntax_only,FALSE,2024,2024
doi:10.7910/DVN/VJUOOV,TRUE,FALSE,FALSE,syntax_only,TRUE,2020,2020
doi:10.7910/DVN/VKOMCK,TRUE,FALSE,TRUE,syntax_only,TRUE,2019,2019
doi:10.7910/DVN/VLXRIK,TRUE,FALSE,TRUE,syntax_only,TRUE,2020,2020
doi:10.7910/DVN/VMC1GO,FALSE,FALSE,TRUE,syntax_only,TRUE,2024,2024
doi:10.7910/DVN/VNHM17,TRUE,FALSE,TRUE,syntax_only,TRUE,2018,2018
doi:10.7910/DVN/VNTVO6,TRUE,FALSE,FALSE,syntax_only,TRUE,2015,2015
doi:10.7910/DVN/VOF11U,TRUE,FALSE,TRUE,syntax_only,TRUE,2016,2016
doi:10.7910/DVN/VOO3TD,TRUE,FALSE,TRUE,syntax_only,TRUE,2022,2022
doi:10.7910/DVN/VPPEAW,TRUE,FALSE,TRUE,syntax_only,TRUE,2023,2023
doi:10.7910/DVN/VR12G4,FALSE,FALSE,TRUE,syntax_only,TRUE,2015,2020
doi:10.7910/DVN/VRH8ND,TRUE,FALSE,TRUE,syntax_only,TRUE,2020,2020
doi:10.7910/DVN/VRMH3I,TRUE,FALSE,TRUE,syntax_only,TRUE,2018,2018
doi:10.7910/DVN/VS3CG6,TRUE,FALSE,TRUE,syntax_only,TRUE,2017,2017
doi:10.7910/DVN/VSQUJG,FALSE,FALSE,TRUE,syntax_only,TRUE,2022,2022
doi:10.7910/DVN/VSVBTP,FALSE,FALSE,TRUE,syntax_only,TRUE,2019,2019
doi:10.7910/DVN/VSXTFS,TRUE,FALSE,FALSE,syntax_only,TRUE,2018,2018
doi:10.7910/DVN/VT4KJA,FALSE,FALSE,TRUE,syntax_only,TRUE,2016,2016
doi:10.7910/DVN/VTUSLV,FALSE,FALSE,TRUE,syntax_only,TRUE,2018,2018
doi:10.7910/DVN/VULKLW,FALSE,FALSE,FALSE,syntax_only,FALSE,2023,2023
doi:10.7910/DVN/VVV3AN,FALSE,FALSE,FALSE,syntax_only,FALSE,2020,2020
doi:10.7910/DVN/VW1GDD,TRUE,FALSE,TRUE,syntax_only,TRUE,2021,2021
doi:10.7910/DVN/VWBP3L,FALSE,FALSE,FALSE,syntax_only,FALSE,2013,2015
doi:10.7910/DVN/VWBTL5,FALSE,FALSE,TRUE,syntax_only,TRUE,2020,2020
doi:10.7910/DVN/VWFKDG,FALSE,FALSE,TRUE,syntax_only,TRUE,2020,2020
doi:10.7910/DVN/VWPPVQ,FALSE,FALSE,TRUE,syntax_only,TRUE,2018,2018
doi:10.7910/DVN/VWWAHK,FALSE,FALSE,TRUE,syntax_only,TRUE,2021,2022
doi:10.7910/DVN/VWZZLO,TRUE,FALSE,TRUE,syntax_only,TRUE,2017,2017
doi:10.7910/DVN/VX5N1V,FALSE,FALSE,TRUE,syntax_only,TRUE,2023,2023
doi:10.7910/DVN/VXQUBN,TRUE,FALSE,FALSE,syntax_only,TRUE,2018,2018
doi:10.7910/DVN/VY4FMR,FALSE,FALSE,TRUE,syntax_only,TRUE,2024,2024
doi:10.7910/DVN/VYVNFR,FALSE,FALSE,TRUE,syntax_only,TRUE,2022,2022
doi:10.7910/DVN/VZURJ6,FALSE,FALSE,TRUE,syntax_only,TRUE,2023,2023
doi:10.7910/DVN/VZZBHE,FALSE,FALSE,FALSE,syntax_only,FALSE,2021,2021
doi:10.7910/DVN/W08NIR,FALSE,FALSE,TRUE,syntax_only,TRUE,2020,2020
doi:10.7910/DVN/W0FWBT,FALSE,FALSE,TRUE,syntax_only,TRUE,2022,2022
doi:10.7910/DVN/W1TDGZ,FALSE,FALSE,TRUE,syntax_only,TRUE,2016,2016
doi:10.7910/DVN/W1YJZQ,TRUE,FALSE,TRUE,syntax_only,TRUE,2015,2015
doi:10.7910/DVN/W2HZSO,FALSE,FALSE,TRUE,syntax_only,TRUE,2016,2016
doi:10.7910/DVN/W2MFYX,TRUE,FALSE,FALSE,syntax_only,TRUE,2018,2018
doi:10.7910/DVN/W5GQNZ,FALSE,FALSE,TRUE,syntax_only,TRUE,2021,2021
doi:10.7910/DVN/W8HUKY,FALSE,FALSE,FALSE,syntax_only,FALSE,2019,2019
doi:10.7910/DVN/W8PHXM,TRUE,FALSE,FALSE,syntax_only,TRUE,2022,2022
doi:10.7910/DVN/WAEHOI,TRUE,FALSE,FALSE,syntax_only,TRUE,2018,2018
doi:10.7910/DVN/WB0RNW,FALSE,FALSE,TRUE,syntax_only,TRUE,2019,2020
doi:10.7910/DVN/WBBAE3,TRUE,FALSE,FALSE,syntax_only,TRUE,2015,2015
doi:10.7910/DVN/WBWWUO,FALSE,FALSE,FALSE,syntax_only,FALSE,2016,2016
doi:10.7910/DVN/WCH6ZH,TRUE,FALSE,TRUE,syntax_only,TRUE,2015,2015
doi:10.7910/DVN/WCLV9B,TRUE,FALSE,TRUE,syntax_only,TRUE,2021,2021
doi:10.7910/DVN/WCTOA8,TRUE,FALSE,FALSE,syntax_only,TRUE,2024,2024
doi:10.7910/DVN/WDA163,FALSE,FALSE,TRUE,syntax_only,TRUE,2012,2015
doi:10.7910/DVN/WDQB4C,FALSE,FALSE,TRUE,syntax_only,TRUE,2022,2022
doi:10.7910/DVN/WDRHTS,TRUE,FALSE,TRUE,syntax_only,TRUE,2017,2017
doi:10.7910/DVN/WFELNG,TRUE,FALSE,TRUE,syntax_only,TRUE,2021,2021
doi:10.7910/DVN/WFVMKD,TRUE,FALSE,TRUE,syntax_only,TRUE,2015,2015
doi:10.7910/DVN/WG8VCK,FALSE,FALSE,TRUE,syntax_only,TRUE,2019,2019
doi:10.7910/DVN/WGPHFT,TRUE,FALSE,TRUE,syntax_only,TRUE,2022,2022
doi:10.7910/DVN/WGT8QV,FALSE,FALSE,FALSE,syntax_only,FALSE,2024,2024
doi:10.7910/DVN/WGWMAV,TRUE,FALSE,TRUE,syntax_only,TRUE,2018,2018
doi:10.7910/DVN/WI7WN0,FALSE,FALSE,TRUE,syntax_only,TRUE,2022,2022
doi:10.7910/DVN/WIJ0PS,FALSE,FALSE,FALSE,syntax_only,FALSE,2022,2022
doi:10.7910/DVN/WJINZP,TRUE,FALSE,FALSE,syntax_only,TRUE,2022,2022
doi:10.7910/DVN/WJWRWN,FALSE,FALSE,FALSE,syntax_only,FALSE,2020,2020
doi:10.7910/DVN/WJXCT8,FALSE,FALSE,TRUE,syntax_only,TRUE,2017,2017
doi:10.7910/DVN/WK0DA7,FALSE,FALSE,TRUE,syntax_only,TRUE,2020,2020
doi:10.7910/DVN/WKIJST,FALSE,FALSE,TRUE,syntax_only,TRUE,2018,2018
doi:10.7910/DVN/WKJJ3Z,FALSE,FALSE,FALSE,syntax_only,FALSE,2018,2018
doi:10.7910/DVN/WM0XNF,TRUE,FALSE,FALSE,syntax_only,TRUE,2017,2017
doi:10.7910/DVN/WMAPGB,TRUE,FALSE,TRUE,syntax_only,TRUE,2024,2024
doi:10.7910/DVN/WMPXIW,FALSE,FALSE,TRUE,syntax_only,TRUE,2022,2022
doi:10.7910/DVN/WNMLPA,TRUE,FALSE,FALSE,syntax_only,TRUE,2018,2018
doi:10.7910/DVN/WOI8EU,TRUE,FALSE,TRUE,syntax_only,TRUE,2016,2016
doi:10.7910/DVN/WPF4RC,FALSE,FALSE,TRUE,syntax_only,TRUE,2021,2021
doi:10.7910/DVN/WPKTKJ,TRUE,FALSE,FALSE,syntax_only,TRUE,2016,2016
doi:10.7910/DVN/WPVSMH,TRUE,FALSE,TRUE,syntax_only,TRUE,2018,2018
doi:10.7910/DVN/WQ1R5X,TRUE,FALSE,TRUE,syntax_only,TRUE,2021,2021
doi:10.7910/DVN/WQEQPN,FALSE,FALSE,TRUE,syntax_only,TRUE,2021,2021
doi:10.7910/DVN/WR97GH,FALSE,FALSE,TRUE,syntax_only,TRUE,2020,2020
doi:10.7910/DVN/WRCPOC,FALSE,FALSE,FALSE,syntax_only,FALSE,2023,2023
doi:10.7910/DVN/WSJX0X,TRUE,FALSE,FALSE,syntax_only,TRUE,2016,2016
doi:10.7910/DVN/WT2XZQ,TRUE,FALSE,FALSE,syntax_only,TRUE,2016,2016
doi:10.7910/DVN/WTS3ML,TRUE,FALSE,TRUE,syntax_only,TRUE,2022,2022
doi:10.7910/DVN/WTURMZ,FALSE,FALSE,FALSE,syntax_only,FALSE,2015,2015
doi:10.7910/DVN/WUOAB7,TRUE,FALSE,FALSE,syntax_only,TRUE,2018,2018
doi:10.7910/DVN/WVBZNE,TRUE,FALSE,FALSE,syntax_only,TRUE,2019,2023
doi:10.7910/DVN/WVQ10L,FALSE,FALSE,FALSE,syntax_only,FALSE,2015,2015
doi:10.7910/DVN/WW5HMR,FALSE,FALSE,TRUE,syntax_only,TRUE,2024,2024
doi:10.7910/DVN/WX6ZPC,TRUE,FALSE,FALSE,syntax_only,TRUE,2019,2019
doi:10.7910/DVN/WXTUIL,FALSE,FALSE,FALSE,syntax_only,FALSE,2020,2020
doi:10.7910/DVN/WYA1S2,FALSE,FALSE,TRUE,syntax_only,TRUE,2018,2018
doi:10.7910/DVN/WYUGQ9,TRUE,FALSE,FALSE,syntax_only,TRUE,2024,2024
doi:10.7910/DVN/WZI945,TRUE,FALSE,TRUE,syntax_only,TRUE,2021,2021
doi:10.7910/DVN/WZOC7H,FALSE,FALSE,TRUE,syntax_only,TRUE,2024,2024
doi:10.7910/DVN/X0ZPH4,FALSE,FALSE,TRUE,syntax_only,TRUE,2017,2022
doi:10.7910/DVN/X2VJJX,TRUE,FALSE,TRUE,syntax_only,TRUE,2020,2024
doi:10.7910/DVN/X3LITS,FALSE,FALSE,FALSE,syntax_only,FALSE,2020,2020
doi:10.7910/DVN/X4Y2FL,FALSE,FALSE,TRUE,syntax_only,TRUE,2023,2023
doi:10.7910/DVN/X5ALUA,TRUE,FALSE,FALSE,syntax_only,TRUE,2021,2021
doi:10.7910/DVN/X5RBRB,TRUE,FALSE,TRUE,syntax_only,TRUE,2021,2021
doi:10.7910/DVN/X7AMNO,FALSE,FALSE,TRUE,syntax_only,TRUE,2017,2019
doi:10.7910/DVN/X88LYH,TRUE,FALSE,FALSE,syntax_only,TRUE,2016,2016
doi:10.7910/DVN/X8ZRVO,TRUE,FALSE,FALSE,syntax_only,TRUE,2018,2018
doi:10.7910/DVN/X9STDF,TRUE,FALSE,TRUE,syntax_only,TRUE,2024,2024
doi:10.7910/DVN/XA5DRD,FALSE,FALSE,TRUE,syntax_only,TRUE,2012,2015
doi:10.7910/DVN/XAQMIA,TRUE,FALSE,TRUE,syntax_only,TRUE,2018,2018
doi:10.7910/DVN/XASCZ1,FALSE,FALSE,FALSE,syntax_only,FALSE,2020,2020
doi:10.7910/DVN/XAUF3H,FALSE,FALSE,TRUE,syntax_only,TRUE,2022,2024
doi:10.7910/DVN/XAWZVS,FALSE,FALSE,TRUE,syntax_only,TRUE,2017,2017
doi:10.7910/DVN/XB5Q2J,TRUE,FALSE,TRUE,syntax_only,TRUE,2023,2023
doi:10.7910/DVN/XBBOHV,FALSE,FALSE,TRUE,syntax_only,TRUE,2016,2016
doi:10.7910/DVN/XBNJD9,FALSE,FALSE,TRUE,syntax_only,TRUE,2017,2017
doi:10.7910/DVN/XDUWWY,TRUE,FALSE,TRUE,syntax_only,TRUE,2013,2015
doi:10.7910/DVN/XERHRF,TRUE,FALSE,FALSE,syntax_only,TRUE,2023,2023
doi:10.7910/DVN/XF1157,TRUE,FALSE,TRUE,syntax_only,TRUE,2018,2018
doi:10.7910/DVN/XF2YFQ,TRUE,FALSE,TRUE,syntax_only,TRUE,2021,2021
doi:10.7910/DVN/XG6QQX,TRUE,FALSE,TRUE,syntax_only,TRUE,2015,2019
doi:10.7910/DVN/XGBMW9,FALSE,FALSE,FALSE,syntax_only,FALSE,2023,2023
doi:10.7910/DVN/XGXEN6,FALSE,FALSE,FALSE,syntax_only,FALSE,2022,2022
doi:10.7910/DVN/XHBJLO,TRUE,FALSE,FALSE,syntax_only,TRUE,2018,2018
doi:10.7910/DVN/XHNAFO,FALSE,FALSE,TRUE,syntax_only,TRUE,2021,2021
doi:10.7910/DVN/XI7ENB,TRUE,FALSE,TRUE,syntax_only,TRUE,2020,2020
doi:10.7910/DVN/XIIAVW,FALSE,FALSE,TRUE,syntax_only,TRUE,2021,2021
doi:10.7910/DVN/XJQALC,FALSE,FALSE,TRUE,syntax_only,TRUE,2019,2019
doi:10.7910/DVN/XKC4R4,FALSE,FALSE,TRUE,syntax_only,TRUE,2017,2017
doi:10.7910/DVN/XKMNAO,TRUE,FALSE,TRUE,syntax_only,TRUE,2019,2019
doi:10.7910/DVN/XL73P4,FALSE,FALSE,TRUE,syntax_only,TRUE,2018,2018
doi:10.7910/DVN/XMHS0J,FALSE,FALSE,FALSE,syntax_only,FALSE,2023,2023
doi:10.7910/DVN/XMKPSQ,TRUE,FALSE,TRUE,syntax_only,TRUE,2021,2021
doi:10.7910/DVN/XMUSDC,TRUE,FALSE,TRUE,syntax_only,TRUE,2020,2020
doi:10.7910/DVN/XN2TZL,TRUE,FALSE,FALSE,syntax_only,TRUE,2018,2018
doi:10.7910/DVN/XNCQR8,FALSE,FALSE,TRUE,syntax_only,TRUE,2023,2023
doi:10.7910/DVN/XNHHDO,TRUE,FALSE,TRUE,syntax_only,TRUE,2017,2017
doi:10.7910/DVN/XNXZGB,FALSE,FALSE,TRUE,syntax_only,TRUE,2016,2016
doi:10.7910/DVN/XOCNK1,TRUE,FALSE,TRUE,syntax_only,TRUE,2021,2021
doi:10.7910/DVN/XOERIO,TRUE,FALSE,FALSE,syntax_only,TRUE,2017,2017
doi:10.7910/DVN/XONPX2,FALSE,FALSE,TRUE,syntax_only,TRUE,2018,2018
doi:10.7910/DVN/XPTMGF,TRUE,FALSE,TRUE,syntax_only,TRUE,2024,2024
doi:10.7910/DVN/XQ9RJT,TRUE,FALSE,TRUE,syntax_only,TRUE,2018,2018
doi:10.7910/DVN/XQBUVK,FALSE,FALSE,TRUE,syntax_only,TRUE,2024,2024
doi:10.7910/DVN/XRJ43D,TRUE,FALSE,TRUE,syntax_only,TRUE,2017,2017
doi:10.7910/DVN/XS1SDX,FALSE,FALSE,FALSE,syntax_only,FALSE,2013,2015
doi:10.7910/DVN/XS4P50,FALSE,FALSE,TRUE,syntax_only,TRUE,2020,2020
doi:10.7910/DVN/XSCFX5,FALSE,FALSE,FALSE,syntax_only,FALSE,2015,2018
doi:10.7910/DVN/XSMCY5,TRUE,FALSE,TRUE,syntax_only,TRUE,2020,2020
doi:10.7910/DVN/XTIHGR,TRUE,FALSE,FALSE,syntax_only,TRUE,2018,2018
doi:10.7910/DVN/XTQJEN,TRUE,FALSE,TRUE,syntax_only,TRUE,2015,2015
doi:10.7910/DVN/XTRWKG,TRUE,FALSE,TRUE,syntax_only,TRUE,2020,2020
doi:10.7910/DVN/XTS8IE,FALSE,FALSE,TRUE,syntax_only,TRUE,2018,2018
doi:10.7910/DVN/XTWZZX,TRUE,FALSE,TRUE,syntax_only,TRUE,2021,2021
doi:10.7910/DVN/XU8ZWB,TRUE,FALSE,TRUE,syntax_only,TRUE,2018,2018
doi:10.7910/DVN/XUQE7Z,FALSE,FALSE,FALSE,syntax_only,FALSE,2023,2023
doi:10.7910/DVN/XWAREK,FALSE,FALSE,FALSE,syntax_only,FALSE,2017,2017
doi:10.7910/DVN/XWBDPQ,TRUE,FALSE,TRUE,syntax_only,TRUE,2024,2024
doi:10.7910/DVN/XYUWYJ,FALSE,FALSE,TRUE,syntax_only,TRUE,2018,2018
doi:10.7910/DVN/XZ0IZE,TRUE,FALSE,TRUE,syntax_only,TRUE,2018,2018
doi:10.7910/DVN/Y01YX7,FALSE,FALSE,TRUE,syntax_only,TRUE,2023,2023
doi:10.7910/DVN/Y0B0RH,FALSE,FALSE,FALSE,syntax_only,FALSE,2023,2023
doi:10.7910/DVN/Y0LFRY,TRUE,FALSE,TRUE,syntax_only,TRUE,2024,2024
doi:10.7910/DVN/Y10EQV,TRUE,FALSE,TRUE,syntax_only,TRUE,2021,2021
doi:10.7910/DVN/Y1EUAY,TRUE,FALSE,TRUE,syntax_only,TRUE,2018,2018
doi:10.7910/DVN/Y3XHB6,TRUE,FALSE,FALSE,syntax_only,TRUE,2019,2019
doi:10.7910/DVN/Y43XZR,FALSE,FALSE,FALSE,syntax_only,FALSE,2019,2019
doi:10.7910/DVN/Y5RRV5,FALSE,FALSE,TRUE,syntax_only,TRUE,2020,2020
doi:10.7910/DVN/Y6I5ZI,FALSE,FALSE,FALSE,syntax_only,FALSE,2012,2015
doi:10.7910/DVN/Y6RYUY,TRUE,FALSE,TRUE,syntax_only,TRUE,2017,2017
doi:10.7910/DVN/Y82RW8,TRUE,FALSE,TRUE,syntax_only,TRUE,2019,2019
doi:10.7910/DVN/Y8KIUK,FALSE,FALSE,TRUE,syntax_only,TRUE,2020,2020
doi:10.7910/DVN/YABNFF,TRUE,FALSE,TRUE,syntax_only,TRUE,2021,2021
doi:10.7910/DVN/YAGHTA,TRUE,FALSE,TRUE,syntax_only,TRUE,2018,2018
doi:10.7910/DVN/YBMKUX,FALSE,FALSE,FALSE,syntax_only,FALSE,2015,2015
doi:10.7910/DVN/YCDJNT,FALSE,FALSE,TRUE,syntax_only,TRUE,2023,2023
doi:10.7910/DVN/YCQCWJ,FALSE,FALSE,FALSE,syntax_only,FALSE,2018,2018
doi:10.7910/DVN/YDBMNI,TRUE,FALSE,TRUE,syntax_only,TRUE,2020,2020
doi:10.7910/DVN/YDLYLE,FALSE,FALSE,FALSE,syntax_only,FALSE,2022,2022
doi:10.7910/DVN/YDSRWF,FALSE,FALSE,TRUE,syntax_only,TRUE,2018,2018
doi:10.7910/DVN/YE8VC9,TRUE,FALSE,TRUE,syntax_only,TRUE,2021,2021
doi:10.7910/DVN/YEEWVX,TRUE,FALSE,TRUE,syntax_only,TRUE,2021,2021
doi:10.7910/DVN/YF761K,TRUE,FALSE,TRUE,syntax_only,TRUE,2020,2020
doi:10.7910/DVN/YFPCBP,FALSE,FALSE,FALSE,syntax_only,FALSE,2017,2017
doi:10.7910/DVN/YFPQJH,TRUE,FALSE,TRUE,syntax_only,TRUE,2021,2021
doi:10.7910/DVN/YGTFBW,FALSE,FALSE,TRUE,syntax_only,TRUE,2022,2022
doi:10.7910/DVN/YILXB4,TRUE,FALSE,TRUE,syntax_only,TRUE,2021,2021
doi:10.7910/DVN/YJMGPP,FALSE,FALSE,FALSE,syntax_only,FALSE,2015,2015
doi:10.7910/DVN/YJUIBI,FALSE,FALSE,FALSE,syntax_only,FALSE,2017,2017
doi:10.7910/DVN/YLCN5E,TRUE,FALSE,TRUE,syntax_only,TRUE,2021,2021
doi:10.7910/DVN/YLUNSN,TRUE,FALSE,FALSE,syntax_only,TRUE,2022,2022
doi:10.7910/DVN/YMLR66,TRUE,FALSE,TRUE,syntax_only,TRUE,2024,2024
doi:10.7910/DVN/YMMSIC,TRUE,FALSE,TRUE,syntax_only,TRUE,2016,2016
doi:10.7910/DVN/YNOR7Q,TRUE,FALSE,FALSE,syntax_only,TRUE,2016,2016
doi:10.7910/DVN/YO5J2S,TRUE,FALSE,TRUE,syntax_only,TRUE,2023,2023
doi:10.7910/DVN/YOBUVS,FALSE,FALSE,FALSE,syntax_only,FALSE,2021,2021
doi:10.7910/DVN/YQSBOA,TRUE,FALSE,TRUE,syntax_only,TRUE,2020,2020
doi:10.7910/DVN/YQYZ6O,TRUE,FALSE,FALSE,syntax_only,TRUE,2019,2019
doi:10.7910/DVN/YRJ6E3,TRUE,FALSE,TRUE,syntax_only,TRUE,2021,2021
doi:10.7910/DVN/YSS19O,FALSE,FALSE,TRUE,syntax_only,TRUE,2020,2020
doi:10.7910/DVN/YTRCQE,FALSE,FALSE,TRUE,syntax_only,TRUE,2020,2020
doi:10.7910/DVN/YTXZ6X,FALSE,FALSE,FALSE,syntax_only,FALSE,2024,2024
doi:10.7910/DVN/YU84D7,FALSE,FALSE,FALSE,syntax_only,FALSE,2019,2019
doi:10.7910/DVN/YUFLFF,FALSE,FALSE,FALSE,syntax_only,FALSE,2023,2025
doi:10.7910/DVN/YUM3K8,FALSE,FALSE,TRUE,syntax_only,TRUE,2019,2019
doi:10.7910/DVN/YUNDMQ,FALSE,FALSE,TRUE,syntax_only,TRUE,2018,2018
doi:10.7910/DVN/YWONK4,FALSE,FALSE,TRUE,syntax_only,TRUE,2019,2019
doi:10.7910/DVN/YWZBUJ,FALSE,FALSE,TRUE,syntax_only,TRUE,2018,2018
doi:10.7910/DVN/YYTXOB,TRUE,FALSE,TRUE,syntax_only,TRUE,2023,2023
doi:10.7910/DVN/YZGMQJ,TRUE,FALSE,TRUE,syntax_only,TRUE,2024,2024
doi:10.7910/DVN/YZHHPX,TRUE,FALSE,TRUE,syntax_only,TRUE,2021,2021
doi:10.7910/DVN/YZQTAH,FALSE,FALSE,TRUE,syntax_only,TRUE,2015,2015
doi:10.7910/DVN/Z0IGLS,TRUE,FALSE,TRUE,syntax_only,TRUE,2024,2024
doi:10.7910/DVN/Z4GY1O,FALSE,FALSE,FALSE,syntax_only,FALSE,2022,2022
doi:10.7910/DVN/Z5BTCQ,TRUE,FALSE,TRUE,syntax_only,TRUE,2020,2020
doi:10.7910/DVN/Z7P7RL,TRUE,FALSE,FALSE,syntax_only,TRUE,2019,2019
doi:10.7910/DVN/ZA6YEN,FALSE,FALSE,TRUE,syntax_only,TRUE,2023,2023
doi:10.7910/DVN/ZABHCA,TRUE,FALSE,TRUE,syntax_only,TRUE,2020,2020
doi:10.7910/DVN/ZAD5UE,FALSE,FALSE,FALSE,syntax_only,FALSE,2017,2017
doi:10.7910/DVN/ZB9RB1,TRUE,FALSE,FALSE,syntax_only,TRUE,2024,2024
doi:10.7910/DVN/ZBRTJH,FALSE,FALSE,TRUE,syntax_only,TRUE,2019,2019
doi:10.7910/DVN/ZBVYXZ,FALSE,FALSE,FALSE,syntax_only,FALSE,2019,2019
doi:10.7910/DVN/ZCEQPS,TRUE,FALSE,TRUE,syntax_only,TRUE,2021,2021
doi:10.7910/DVN/ZEDEAD,TRUE,FALSE,TRUE,syntax_only,TRUE,2021,2021
doi:10.7910/DVN/ZEKFG7,TRUE,FALSE,TRUE,syntax_only,TRUE,2020,2020
doi:10.7910/DVN/ZFE3NE,FALSE,FALSE,TRUE,syntax_only,TRUE,2020,2020
doi:10.7910/DVN/ZFLG25,TRUE,FALSE,TRUE,syntax_only,TRUE,2016,2016
doi:10.7910/DVN/ZFOTRO,FALSE,FALSE,TRUE,syntax_only,TRUE,2022,2022
doi:10.7910/DVN/ZFQMCP,TRUE,FALSE,FALSE,syntax_only,TRUE,2018,2018
doi:10.7910/DVN/ZHOL6Y,TRUE,FALSE,FALSE,syntax_only,TRUE,2021,2021
doi:10.7910/DVN/ZIYOQ3,FALSE,FALSE,FALSE,syntax_only,FALSE,2017,2017
doi:10.7910/DVN/ZJTLSW,FALSE,FALSE,FALSE,syntax_only,FALSE,2019,2019
doi:10.7910/DVN/ZK7QPH,TRUE,FALSE,TRUE,syntax_only,TRUE,2019,2019
doi:10.7910/DVN/ZLAJP6,TRUE,FALSE,TRUE,syntax_only,TRUE,2021,2021
doi:10.7910/DVN/ZLHYSZ,TRUE,FALSE,TRUE,syntax_only,TRUE,2021,2021
doi:10.7910/DVN/ZLUQPL,FALSE,FALSE,FALSE,syntax_only,FALSE,2018,2018
doi:10.7910/DVN/ZNRTYA,FALSE,FALSE,FALSE,syntax_only,FALSE,2023,2023
doi:10.7910/DVN/ZQMYII,FALSE,FALSE,FALSE,syntax_only,FALSE,2021,2021
doi:10.7910/DVN/ZRZGTT,FALSE,FALSE,FALSE,syntax_only,FALSE,2019,2019
doi:10.7910/DVN/ZSB0BL,TRUE,FALSE,FALSE,syntax_only,TRUE,2018,2018
doi:10.7910/DVN/ZSDJGT,FALSE,FALSE,FALSE,syntax_only,FALSE,2013,2015
doi:10.7910/DVN/ZSEWM4,TRUE,FALSE,TRUE,syntax_only,TRUE,2024,2024
doi:10.7910/DVN/ZSJA25,FALSE,FALSE,TRUE,syntax_only,TRUE,2018,2018
doi:10.7910/DVN/ZSTE1X,FALSE,FALSE,TRUE,syntax_only,TRUE,2017,2017
doi:10.7910/DVN/ZSYWHO,FALSE,FALSE,FALSE,syntax_only,FALSE,2016,2016
doi:10.7910/DVN/ZTDHVE,FALSE,FALSE,TRUE,syntax_only,TRUE,2021,2021
doi:10.7910/DVN/ZTTCOX,TRUE,FALSE,FALSE,syntax_only,TRUE,2019,2019
doi:10.7910/DVN/ZTVXNL,TRUE,FALSE,TRUE,syntax_only,TRUE,2024,2024
doi:10.7910/DVN/ZTWRSQ,FALSE,FALSE,FALSE,syntax_only,FALSE,2023,2023
doi:10.7910/DVN/ZU4FMC,FALSE,FALSE,TRUE,syntax_only,TRUE,2024,2024
doi:10.7910/DVN/ZUE1BI,FALSE,FALSE,FALSE,syntax_only,FALSE,2017,2017
doi:10.7910/DVN/ZUH3UG,TRUE,FALSE,TRUE,syntax_only,TRUE,2019,2019
doi:10.7910/DVN/ZUMTTN,TRUE,FALSE,TRUE,syntax_only,TRUE,2017,2017
doi:10.7910/DVN/ZUY1KJ,FALSE,FALSE,FALSE,syntax_only,FALSE,2017,2017
doi:10.7910/DVN/ZVC9W5,FALSE,FALSE,TRUE,syntax_only,TRUE,2022,2022
doi:10.7910/DVN/ZWKCPA,TRUE,FALSE,FALSE,syntax_only,TRUE,2020,2020
doi:10.7910/DVN/ZXZMJB,FALSE,FALSE,TRUE,syntax_only,TRUE,2015,2015
doi:10.7910/DVN/ZYRC8S,TRUE,FALSE,FALSE,syntax_only,TRUE,2018,2018
doi:10.7910/DVN/ZZYSIZ,FALSE,FALSE,FALSE,syntax_only,FALSE,2024,2024
doi:10.7910/DVN1/22636,FALSE,FALSE,FALSE,syntax_only,FALSE,2013,2016
